年,月,日,時,分,縣市,區,死,受傷,2-30,天候,光線,道路類別,速限,道路型態,事故位置,路面鋪裝,路面狀態,路面缺陷,障礙物,視距,號誌種類,號誌動作,分向設施,快車道或一般車道間,快慢車道間,路面邊線,事故類型及型態,主要肇因,受傷程度,主要傷處,保護裝備,行動電話,當事者區分,車輛用途,當事者行動狀態,駕駛資格情形,駕駛執照種類,飲酒情形,車輛撞擊部位最初,車輛撞擊部位其他,肇事因素個別,肇事因素主要,肇事逃逸,職業,旅次目的,車種,GPS緯度,GPS經度,事故類別
2022,9,2,7,38,臺中市,西屯區,0,0,0,8,,,50,,,,,,,,,,,,,,,42,,,,,B03,,,1,,1,,,42,,1,22,,B03,120.624698,24.178435,3
2022,9,2,7,39,臺中市,大雅區,0,1,0,8,1,5,30,3,1,1,5,4,5,7,4,4,10,5,5,2,17,6,3,10,1,1,B03,7,6,1,8,2,1,,6,6,1,22,8,B03,120.649037,24.228396,2
2022,9,2,7,39,臺中市,大甲區,0,0,0,,,,70,,,,,,,,,,,,,,,6,,,,,C03,,,1,,9,,,23,6,2,21,,C03,120.61608,24.335444,3
2022,9,2,7,40,臺中市,梧棲區,0,1,0,6,1,5,50,4,1,1,4,4,5,7,4,4,10,5,5,2,16,6,3,10,1,1,B03,7,5,1,8,2,1,,6,6,1,5,1,B03,120.541693,24.251431,2
2022,9,2,7,40,臺中市,神岡區,0,1,0,8,1,5,30,3,1,1,5,4,5,7,4,4,10,5,5,1,17,6,3,10,1,1,B03,7,5,1,8,2,1,,6,6,1,12,8,B03,120.694274,24.246044,2
2022,9,2,7,43,臺中市,南屯區,0,2,0,8,1,5,50,14,9,1,5,4,5,7,4,4,1,4,5,2,16,7,3,10,1,1,B03,7,7,1,8,2,5,,7,7,1,22,8,B03,120.618497,24.145264,2
2022,9,2,7,44,臺中市,大肚區,0,1,0,6,1,5,50,3,1,1,4,4,5,7,4,4,10,5,5,2,16,6,3,10,1,1,B03,7,5,1,8,2,1,,6,6,1,22,8,B03,120.572315,24.160294,2
2022,9,2,7,45,臺中市,沙鹿區,0,1,0,6,1,5,30,14,9,1,4,4,5,7,4,4,10,5,5,2,2,23,3,10,1,1,B03,7,9,1,8,2,5,,23,23,1,4,1,B03,120.564929,24.250612,2
2022,9,2,7,46,臺中市,西屯區,0,1,0,8,1,5,40,3,1,1,5,4,5,7,4,4,1,5,1,1,18,43,2,9,1,4,C03,7,15,1,10,1,15,,43,43,1,4,8,C03,120.616606,24.182415,2
2022,9,2,7,49,臺中市,北區,0,1,0,8,1,5,50,14,8,1,5,4,5,7,4,4,5,4,4,1,13,23,3,10,3,4,C03,7,9,1,10,2,11,,23,23,1,22,9,C03,120.673111,24.168016,2
2022,9,2,7,50,臺中市,北屯區,0,1,0,8,1,5,50,4,1,1,5,4,5,7,2,1,10,5,5,2,13,16,3,10,1,1,C03,7,9,1,10,11,11,,16,16,1,21,8,C03,120.677095,24.185548,2
2022,9,2,7,51,臺中市,西屯區,0,2,0,8,1,5,50,4,1,1,5,4,5,7,1,1,9,4,4,2,12,6,2,9,1,1,B03,7,6,1,8,2,2,,6,6,1,12,8,B03,120.622494,24.181538,2
2022,9,2,7,51,臺中市,太平區,0,0,0,8,,,30,,,,,,,,,,,,,,,23,,,,,B03,,,1,,2,2,,23,23,1,22,,B03,120.724567,24.12715,3
2022,9,2,7,52,臺中市,清水區,0,0,0,6,,,30,,,,,,,,,,,,,,,6,,,,,B03,,,1,,2,,,6,,1,21,,B03,120.558122,24.258886,3
2022,9,2,7,53,臺中市,豐原區,0,1,0,7,1,5,50,14,7,1,5,4,5,7,4,4,1,4,4,1,17,16,3,10,1,1,B03,7,9,1,8,2,2,,16,16,1,21,8,B03,120.719765,24.258011,2
2022,9,2,7,55,臺中市,北屯區,0,0,0,6,,,80,,,,,,,,,,,,,,,16,,,,,B03,,9,1,8,2,1,,16,16,1,21,8,B03,120.663954,24.200939,3
2022,9,2,8,0,臺中市,南屯區,0,1,0,8,1,5,40,14,8,1,5,4,5,7,4,4,1,4,1,2,13,23,2,8,1,1,C03,7,9,1,10,2,11,,23,23,1,22,9,C03,120.615277,24.151666,2
2022,9,2,8,1,臺中市,北屯區,0,1,0,8,1,5,50,14,7,1,5,4,5,7,4,4,9,4,4,2,16,7,3,10,1,1,B03,7,7,1,8,2,8,,7,7,1,21,1,B03,120.694885,24.18207,2
2022,9,2,8,1,臺中市,西屯區,0,1,0,8,1,5,50,4,1,1,5,4,5,7,2,1,10,5,5,2,16,9,3,10,1,1,B03,7,6,1,8,2,2,,9,9,1,22,8,B03,120.606254,24.161819,2
2022,9,2,8,1,臺中市,太平區,0,0,0,8,,,40,,,,,,,,,,,,,,,19,,,,,C03,,,1,,1,14,,19,19,1,22,,C03,120.70726,24.125638,3
2022,9,2,8,3,臺中市,梧棲區,0,0,0,6,,,30,,,,,,,,,,,,,,,3,,,,,B03,,,1,,1,,,3,,1,3,,B03,120.522199,24.227121,3
2022,9,2,8,8,臺中市,北區,0,0,0,8,,,50,,,,,,,,,,,,,,,23,,,,,C03,,,1,,2,,,23,,1,22,,C03,120.67543,24.165469,3
2022,9,2,8,16,臺中市,大肚區,0,0,0,,,,50,,,,,,,,,,,,,,,17,,,,,B03,,,1,,2,,,17,,1,21,,B03,120.530951,24.16975,3
2022,9,2,8,18,臺中市,西屯區,0,1,0,6,1,5,50,11,9,1,4,4,5,7,4,4,5,4,5,2,13,16,2,7,3,4,B03,7,9,1,8,2,1,,16,16,1,22,8,B03,120.62472,24.178476,2
2022,9,2,8,20,臺中市,大肚區,0,0,0,,,,50,,,,,,,,,,,,,,,18,,,,,B03,,,1,,2,,,18,,1,22,,B03,120.5645,24.123292,3
2022,9,2,8,24,臺中市,潭子區,0,0,0,8,,,60,,,,,,,,,,,,,,,16,,,,,B03,,,1,,2,,,16,,1,22,,B03,120.70359,24.201162,3
2022,9,2,8,32,臺中市,西屯區,0,1,0,8,1,5,40,14,8,1,5,4,5,7,4,4,1,5,3,2,16,7,2,9,1,1,C03,7,7,1,10,1,14,,7,7,1,4,8,C03,120.614965,24.183047,2
2022,9,2,8,34,臺中市,西屯區,0,1,0,8,1,5,40,4,1,1,5,4,5,7,4,4,8,3,5,1,16,6,3,10,1,4,B03,7,9,1,8,2,1,,6,6,1,4,8,B03,120.653878,24.161205,2
2022,9,2,8,46,臺中市,西屯區,0,0,0,8,,,50,,,,,,,,,,,,,,,43,,,,,B03,,,1,,1,,,43,,1,22,,B03,120.65078,24.164718,3
2022,9,2,8,48,臺中市,西屯區,0,0,0,6,,,40,,,,,,,,,,,,,,,17,,,,,B03,,,1,,1,,,17,,1,22,,B03,120.635481,24.182202,3
2022,9,2,8,48,臺中市,沙鹿區,0,1,0,6,1,5,50,4,1,1,4,4,5,7,1,1,10,5,5,2,3,8,3,10,1,1,B12,7,5,1,8,2,1,,8,8,1,21,8,B12,120.559855,24.237991,2
2022,9,2,8,53,臺中市,沙鹿區,0,1,0,6,1,5,40,11,9,1,4,4,5,7,4,4,10,5,5,2,17,5,3,10,1,1,B03,7,9,1,8,2,1,,5,5,1,5,9,B03,120.578774,24.23059,2
2022,9,2,8,54,臺中市,西屯區,0,1,0,8,1,5,50,4,1,1,5,4,5,7,4,4,10,5,5,2,15,25,3,10,3,4,B03,7,9,1,8,2,1,,25,25,1,22,8,B03,120.649126,24.162601,2
2022,9,2,8,56,臺中市,西屯區,0,1,0,8,1,5,50,14,7,1,5,4,5,7,4,4,9,5,4,2,16,10,3,10,1,1,B03,7,11,1,8,2,4,,10,10,1,4,8,B03,120.587742,24.167487,2
2022,9,2,8,59,臺中市,西屯區,0,0,0,8,,,50,,,,,,,,,,,,,,,23,,,,,B03,,,1,,1,,,23,,1,4,,B03,120.635498,24.182571,3
2022,9,2,9,0,臺中市,太平區,0,0,0,8,,,30,,,,,,,,,,,,,,,23,,,,,A12,,,1,,2,,,23,,1,21,,A12,120.739281,24.157526,3
2022,9,2,9,1,臺中市,烏日區,0,3,0,8,1,5,40,14,8,1,5,4,3,7,4,4,1,4,1,1,17,23,2,8,1,1,C03,7,9,1,10,2,11,14,23,23,1,18,8,C03,120.588922,24.113795,2
2022,9,2,9,2,臺中市,東區,0,1,0,8,1,5,50,4,1,5,5,4,5,7,1,1,10,5,5,2,18,23,2,9,1,1,C03,7,9,1,8,2,12,,23,23,1,22,8,C03,120.699663,24.144684,2
2022,9,2,9,8,臺中市,中區,0,0,0,,,,50,,,,,,,,,,,,,,,7,,,,,B03,,,1,,1,,,7,,1,5,,B03,120.68151,24.13965,3
2022,9,2,9,10,臺中市,西屯區,0,0,0,6,,,50,,,,,,,,,,,,,,,23,,,,,B03,,,1,,1,,,23,,1,22,,B03,120.606144,24.187344,3
2022,9,2,9,14,臺中市,西屯區,0,0,0,8,,,50,,,,,,,,,,,,,,,42,,,,,B03,,,1,,1,,,42,,1,22,,B03,120.637463,24.176418,3
2022,9,2,9,15,臺中市,豐原區,0,1,0,8,1,5,50,14,9,1,5,4,5,7,4,4,5,5,5,2,11,6,3,10,1,1,B03,7,5,1,8,2,5,,6,6,1,22,8,B03,120.721194,24.254253,2
2022,9,2,9,16,臺中市,大雅區,0,0,0,8,,,50,,,,,,,,,,,,,,,19,,,,,B03,,,1,,2,,,19,19,1,22,,B03,120.648923,24.21804,3
2022,9,2,9,23,臺中市,南屯區,0,1,0,8,1,5,50,5,9,1,5,4,5,7,2,1,9,5,5,2,16,23,3,10,1,4,B03,7,9,1,8,2,5,,23,23,1,22,8,B03,120.65546,24.134931,2
2022,9,2,9,25,臺中市,西區,0,0,0,,,,60,,,,,,,,,,,,,,,23,,,,,B12,,,1,,1,,,23,,1,5,,B12,120.661748,24.156054,3
2022,9,2,9,25,臺中市,神岡區,0,0,0,6,,,30,,,,,,,,,,,,,,,6,,,,,B03,,,1,,1,,,6,,1,12,,B03,120.657824,24.272461,3
2022,9,2,9,32,臺中市,太平區,0,1,0,8,1,5,30,4,1,1,5,4,5,7,4,4,10,5,5,2,15,6,3,10,1,1,B03,7,9,1,8,2,1,,6,6,1,22,8,B03,120.72566,24.142791,2
2022,9,2,9,40,臺中市,西屯區,0,0,0,8,,,50,,,,,,,,,,,,,,,16,,,,,B03,,,1,,1,,,16,,1,22,,B03,120.639967,24.185145,3
2022,9,2,9,44,臺中市,西屯區,0,1,0,8,1,5,50,4,1,1,5,4,5,7,1,1,1,4,5,1,13,23,3,10,1,4,B12,7,9,6,18,2,1,,23,23,1,4,8,B12,120.598326,24.204501,2
2022,9,2,10,2,臺中市,西區,0,1,0,8,1,5,50,4,1,1,5,4,5,7,4,4,9,5,5,1,16,6,3,10,1,1,B03,7,9,1,8,2,2,,6,6,1,21,7,B03,120.665269,24.153688,2
2022,9,2,10,7,臺中市,北屯區,0,0,0,8,,,40,,,,,,,,,,,,,,,25,,,,,A11,,,1,,2,,,25,,1,10,,A11,120.663049,24.197747,3
2022,9,2,10,7,臺中市,西屯區,0,0,0,8,,,50,,,,,,,,,,,,,,,23,,,,,B12,,,1,,1,,,23,,1,22,,B12,120.637386,24.176263,3
2022,9,2,10,15,臺中市,大雅區,0,2,0,8,1,5,50,3,2,1,5,4,5,7,3,1,5,5,5,1,16,10,3,10,1,1,B03,7,11,1,8,2,8,,10,10,1,22,9,B03,120.646209,24.220205,2
2022,9,2,10,15,臺中市,西屯區,0,2,0,8,1,5,30,14,9,1,5,4,5,7,4,4,10,5,5,2,10,23,2,9,1,1,C03,7,9,1,10,2,11,,23,23,1,22,8,C03,120.613144,24.167962,2
2022,9,2,10,30,臺中市,太平區,0,1,0,8,1,5,50,14,9,1,5,4,5,7,4,4,5,5,4,1,13,16,3,10,1,1,C03,7,9,1,10,2,11,,16,16,1,21,8,C03,120.728743,24.149991,2
2022,9,2,10,33,臺中市,后里區,0,1,0,8,1,5,50,3,9,1,5,4,5,7,4,4,5,5,5,1,17,26,2,9,1,1,C03,7,1,1,10,2,12,,26,26,1,21,8,C03,120.727761,24.309303,2
2022,9,2,10,34,臺中市,西屯區,0,0,0,8,,,50,,,,,,,,,,,,,,,42,,,,,A41,,,1,,1,,,42,,1,22,,A41,120.649138,24.162591,3
2022,9,2,10,40,臺中市,烏日區,0,0,0,8,,,50,,,,,,,,,,,,,,,19,,,,,B03,,,1,,2,,,19,,1,21,,B03,120.625902,24.111458,3
2022,9,2,10,43,臺中市,北屯區,0,0,0,8,,,50,,,,,,,,,,,,,,,33,,,,,C03,,,1,,1,,,33,,1,21,,C03,120.687931,24.174208,3
2022,9,2,10,44,臺中市,西屯區,0,1,0,8,1,5,50,4,1,1,5,4,5,7,1,1,10,5,5,2,16,6,3,10,1,1,B03,7,5,1,8,1,6,,6,6,1,4,8,B03,120.647893,24.169789,2
2022,9,2,10,48,臺中市,北區,0,0,0,8,1,5,50,4,1,1,5,4,5,7,3,1,5,5,5,2,11,6,3,10,1,1,A11,7,5,1,2,1,4,,6,6,1,5,5,A11,120.689788,24.161476,3
2022,9,2,10,52,臺中市,豐原區,0,1,0,7,1,5,30,3,1,1,5,4,5,7,4,4,10,5,5,1,16,6,2,2,1,1,F03,7,5,8,20,2,16,,6,6,1,19,8,F03,120.715447,24.251838,2
2022,9,2,10,55,臺中市,太平區,0,1,0,8,1,5,50,4,1,1,5,4,5,7,1,1,10,5,5,2,16,8,2,9,1,1,C03,7,5,1,10,2,11,,8,8,1,22,8,C03,120.716224,24.118888,2
2022,9,2,11,0,臺中市,烏日區,0,0,0,,,,50,,,,,,,,,,,,,,,23,,,,,B12,,,1,,2,,,23,,1,21,,B12,120.61553,24.11295,3
2022,9,2,11,5,臺中市,西屯區,0,3,0,8,1,5,50,4,1,1,5,4,5,7,1,1,8,4,5,1,16,14,2,7,1,4,C03,7,9,1,10,2,12,,14,14,1,4,8,C03,120.664035,24.1763,2
2022,9,2,11,13,臺中市,大甲區,0,1,0,6,1,5,50,4,1,1,4,4,5,7,1,1,10,1,5,2,16,6,3,10,1,1,B03,7,5,1,8,2,1,,6,6,1,4,1,B03,120.653485,24.390916,2
2022,9,2,11,17,臺中市,清水區,0,1,0,6,1,5,30,14,9,1,4,4,5,7,4,4,10,5,5,1,10,23,3,10,1,1,B03,7,9,1,8,2,1,,23,23,1,5,1,B03,120.594079,24.309281,2
2022,9,2,11,18,臺中市,西屯區,0,0,0,8,,,50,,,,,,,,,,,,,,,16,,,,,B03,,,1,,1,,,16,,1,22,,B03,120.668643,24.178158,3
2022,9,2,11,18,臺中市,西屯區,0,2,0,8,1,5,50,3,1,1,5,4,5,7,4,4,10,5,5,2,16,6,2,8,1,1,C03,7,5,1,10,2,14,,6,6,1,21,8,C03,120.664758,24.17593,2
2022,9,2,11,24,臺中市,后里區,0,0,0,8,1,6,50,3,1,1,5,4,5,7,4,4,10,5,5,2,16,44,3,10,4,1,G03,7,2,3,19,1,3,,44,67,1,4,1,G03,120.724554,24.30963,3
2022,9,2,11,26,臺中市,烏日區,0,0,0,,,,50,,,,,,,,,,,,,,,60,,,,,,,,,,,,,60,60,1,,,,120.608794,24.116112,3
2022,9,2,11,33,臺中市,北區,0,0,0,,,,50,,,,,,,,,,,,,,,16,,,,,B03,,,1,,11,,,16,,1,22,,B03,120.67473,24.159369,3
2022,9,2,11,42,臺中市,北區,0,1,0,8,1,5,50,4,1,1,5,4,5,7,1,1,1,4,4,2,16,8,2,9,1,1,C03,7,5,1,10,2,13,,8,8,1,5,5,C03,120.679818,24.15215,2
2022,9,2,11,45,臺中市,清水區,0,1,0,8,1,5,70,4,2,1,5,4,5,7,1,1,1,4,4,1,17,9,3,10,1,1,B03,7,6,1,8,2,10,,9,9,1,22,8,B03,120.56441,24.265636,2
2022,9,2,11,46,臺中市,東區,0,0,0,8,,,50,,,,,,,,,,,,,,,10,,,,,B03,,,1,,2,,,10,,1,22,,B03,120.694012,24.14275,3
2022,9,2,11,47,臺中市,北區,0,0,0,8,,,50,,,,,,,,,,,,,,,23,,,,,B03,,,1,,2,,,23,,1,22,,B03,120.682424,24.166138,3
2022,9,2,11,53,臺中市,豐原區,0,1,0,8,1,5,50,4,9,1,5,4,5,7,3,1,3,5,5,2,16,6,2,9,3,4,C03,7,6,1,10,2,12,,6,6,1,22,8,C03,120.708936,24.251138,2
2022,9,2,11,54,臺中市,北區,0,1,0,8,1,5,50,3,1,1,5,4,5,7,1,1,1,4,5,2,12,6,3,10,1,1,B03,7,6,1,8,2,2,,6,6,1,5,5,B03,120.672324,24.162813,2
2022,9,2,11,58,臺中市,西屯區,0,2,0,8,1,5,50,14,9,1,5,4,5,7,4,4,9,5,5,2,16,10,2,9,1,1,C03,7,11,1,10,2,14,,10,10,1,4,8,C03,120.604794,24.161549,2
2022,9,2,11,59,臺中市,豐原區,0,1,0,8,1,5,50,4,2,1,5,4,5,7,2,1,1,2,5,2,16,26,3,10,1,1,B03,7,6,1,8,2,6,,26,26,1,20,5,B03,120.710327,24.237338,2
2022,9,2,12,0,臺中市,太平區,0,0,0,8,,,50,,,,,,,,,,,,,,,23,,,,,B12,,,1,,2,2,,23,23,1,22,,B12,120.714415,24.158824,3
2022,9,2,12,4,臺中市,太平區,0,0,0,8,,,50,,,,,,,,,,,,,,,23,,,,,B12,,,1,,2,,,23,,1,22,,B12,120.710694,24.149763,3
2022,9,2,12,9,臺中市,豐原區,0,1,0,7,1,5,50,3,1,1,5,4,5,7,4,4,10,5,5,2,17,16,2,9,1,1,C03,7,9,1,10,2,11,,16,16,1,22,8,C03,120.72665,24.242716,2
2022,9,2,12,10,臺中市,西屯區,0,0,0,8,,,50,,,,,,,,,,,,,,,19,,,,,B12,,,1,,1,,,19,,1,22,,B12,120.618551,24.187911,3
2022,9,2,12,15,臺中市,清水區,0,1,0,6,1,5,50,14,9,1,4,4,5,7,1,1,5,5,5,2,13,16,2,9,1,1,C03,7,9,1,10,2,11,,16,16,1,5,1,C03,120.572435,24.264136,2
2022,9,2,12,16,臺中市,北區,0,0,0,8,,,50,,,,,,,,,,,,,,,23,,,,,B03,,,1,,11,,,23,,1,22,,B03,120.668177,24.156524,3
2022,9,2,12,22,臺中市,西屯區,0,1,0,8,1,5,40,4,1,1,5,4,5,7,1,1,10,5,5,2,16,23,2,9,3,4,C03,7,9,1,10,2,11,,23,14,1,22,8,C03,120.63923,24.165435,2
2022,9,2,12,25,臺中市,太平區,0,2,0,7,1,5,50,3,1,1,5,4,5,7,1,1,10,5,5,2,16,8,2,9,1,1,F03,7,5,8,20,2,16,,8,8,1,22,8,F03,120.735711,24.129415,2
2022,9,2,12,34,臺中市,潭子區,0,1,0,8,1,5,30,4,1,1,5,4,5,7,4,4,10,5,5,2,15,6,3,10,1,1,B03,7,9,1,8,2,8,,6,6,1,22,8,B03,120.71166,24.236261,2
2022,9,2,12,40,臺中市,西屯區,0,0,0,8,,,40,,,,,,,,,,,,,,,23,,,,,B03,,,1,,1,,,23,,1,4,,B03,120.632301,24.180343,3
2022,9,2,12,56,臺中市,大肚區,0,1,0,8,1,5,50,14,9,1,5,4,5,7,4,4,5,4,5,1,26,23,2,9,1,1,B03,7,9,1,8,2,5,,23,43,1,21,8,B03,120.54276,24.150333,2
2022,9,2,13,5,臺中市,潭子區,0,0,0,8,,,50,,,,,,,,,,,,,,,23,,,,,B03,,,1,,2,,,23,,1,22,,B03,120.69658,24.194323,3
2022,9,2,13,14,臺中市,西區,0,1,0,8,1,5,50,4,1,1,5,4,5,7,4,4,10,5,5,2,15,6,2,9,1,1,C03,7,9,1,10,2,11,,6,6,1,5,5,C03,120.660181,24.149034,2
2022,9,2,13,15,臺中市,大甲區,0,0,0,8,,,50,,,,,,,,,,,,,,,18,,,,,B02,,,1,,2,,,18,,1,21,,B02,120.623798,24.346049,3
2022,9,2,13,16,臺中市,北區,0,0,0,,,,50,,,,,,,,,,,,,,,16,,,,,B03,,,1,,2,,,16,,1,22,,B03,120.677115,24.16334,3
2022,9,2,13,24,臺中市,西屯區,0,2,0,8,1,5,30,3,1,1,5,4,5,7,4,4,10,5,5,2,16,6,3,10,1,1,B03,7,6,3,18,2,8,,6,6,1,22,8,B03,120.623409,24.16571,2
2022,9,2,13,28,臺中市,西屯區,0,1,1,8,1,5,50,14,9,1,5,4,5,7,4,4,5,4,5,2,3,51,2,9,3,4,C03,7,9,1,10,2,11,,23,51,1,22,8,C03,120.625041,24.184936,2
2022,9,2,13,33,臺中市,豐原區,0,1,0,8,1,5,50,3,2,1,5,4,5,7,4,4,4,4,4,2,17,44,2,8,1,1,C03,7,9,1,10,2,11,,44,44,1,4,5,C03,120.719902,24.251886,2
2022,9,2,13,37,臺中市,豐原區,0,1,0,7,1,8,50,15,7,1,5,4,5,7,4,4,5,4,4,2,17,23,2,9,1,1,C03,7,9,1,10,2,14,,23,23,1,22,8,C03,120.718434,24.253568,2
2022,9,2,13,38,臺中市,北屯區,0,0,0,8,,,50,,,,,,,,,,,,,,,10,,,,,B03,,,1,,2,,,10,,1,21,,B03,120.686988,24.189315,3
2022,9,2,13,42,臺中市,中區,0,0,0,,,,50,,,,,,,,,,,,,,,23,,,,,C03,,,1,,1,,,23,,1,5,,C03,120.679547,24.142469,3
2022,9,2,13,50,臺中市,西屯區,0,2,0,8,1,5,50,14,9,1,5,4,5,7,4,4,1,4,5,2,16,19,3,10,1,1,B03,7,1,1,8,1,4,,19,19,1,4,8,B03,120.617936,24.185117,2
2022,9,2,13,55,臺中市,梧棲區,0,1,0,8,1,5,50,4,2,1,5,4,5,7,4,4,5,5,5,2,17,19,2,9,1,1,F02,7,1,8,20,2,16,,19,19,1,4,8,F02,120.529962,24.242556,2
2022,9,2,14,4,臺中市,豐原區,0,0,0,8,,,50,,,,,,,,,,,,,,,18,,,,,B03,,,1,,2,,,18,18,1,21,,B03,120.711652,24.239982,3
2022,9,2,14,10,臺中市,西屯區,0,0,0,8,,,50,,,,,,,,,,,,,,,6,,,,,B03,,,1,,1,,,6,,1,4,,B03,120.627156,24.179371,3
2022,9,2,14,11,臺中市,豐原區,0,2,0,8,1,5,50,4,2,1,5,4,5,7,2,1,1,3,5,1,17,10,2,9,1,1,C03,7,11,1,10,2,11,,10,10,1,16,2,C03,120.712502,24.245716,2
2022,9,2,14,14,臺中市,西區,0,1,0,8,1,5,50,4,1,1,5,4,5,7,1,1,10,5,5,2,16,42,2,7,1,1,C03,7,5,1,10,2,11,,42,42,1,22,9,C03,120.674271,24.148307,2
2022,9,2,14,15,臺中市,南屯區,0,2,0,8,1,5,50,3,1,1,5,4,5,7,4,4,5,5,5,2,12,1,2,9,1,1,C03,7,9,3,18,11,12,,1,1,2,22,8,C03,120.654638,24.140539,2
2022,9,2,14,21,臺中市,西屯區,0,1,0,8,1,5,30,3,2,1,5,4,5,7,4,4,10,5,5,2,16,6,2,9,3,4,C03,7,6,1,10,2,14,,6,6,1,22,8,C03,120.644006,24.175228,2
2022,9,2,14,24,臺中市,西屯區,0,2,0,8,1,5,60,14,9,1,5,4,5,7,4,4,1,3,5,2,13,16,3,10,1,1,B03,7,9,1,8,2,1,,16,16,1,22,8,B03,120.638499,24.169619,2
2022,9,2,14,35,臺中市,沙鹿區,0,2,0,8,1,5,40,3,2,1,5,4,5,7,2,1,10,5,5,2,16,10,2,8,1,1,C03,7,11,3,18,1,12,,10,10,2,20,5,C03,120.56524,24.232606,2
2022,9,2,14,51,臺中市,后里區,0,1,0,6,1,5,50,14,7,1,4,4,5,7,4,4,1,3,4,1,16,19,3,10,1,1,B03,7,1,1,8,2,7,,19,19,1,4,8,B03,120.724866,24.318511,2
2022,9,2,14,54,臺中市,北屯區,0,1,0,8,1,5,40,14,8,1,5,4,5,7,4,4,5,5,4,2,16,25,2,9,1,1,C03,7,9,1,10,2,14,,25,25,1,22,8,C03,120.659515,24.190448,2
2022,9,2,14,54,臺中市,神岡區,0,2,0,7,1,5,50,3,1,1,5,4,5,7,1,1,5,4,4,2,16,6,2,8,1,1,C03,7,6,1,10,2,12,,6,6,1,22,8,C03,120.655951,24.250111,2
2022,9,2,15,7,臺中市,太平區,0,0,0,8,,,30,,,,,,,,,,,,,,,42,,,,,B03,,,1,,2,,,42,,1,22,,B03,120.716605,24.137863,3
2022,9,2,15,8,臺中市,西屯區,0,1,0,8,1,5,80,14,9,1,5,4,5,7,4,4,9,4,5,2,13,23,3,10,1,1,A11,7,8,1,2,1,1,,23,23,1,10,8,A11,120.634185,24.175156,2
2022,9,2,15,9,臺中市,西屯區,0,1,0,8,1,5,50,4,1,1,5,4,5,7,1,1,1,4,5,2,16,6,3,10,1,1,B03,7,6,3,18,2,7,,6,6,1,22,8,B03,120.636801,24.171053,2
2022,9,2,15,12,臺中市,烏日區,0,1,0,8,1,5,50,14,7,1,5,4,5,7,4,4,4,4,5,1,16,26,3,10,1,1,B03,7,11,1,8,2,4,,26,26,1,19,8,B03,120.642827,24.072028,2
2022,9,2,15,15,臺中市,北區,0,0,0,,,,40,,,,,,,,,,,,,,,12,,,,,B03,,,1,,1,,,12,,1,5,,B03,120.683162,24.145717,3
2022,9,2,15,19,臺中市,西屯區,0,0,0,8,,,50,,,,,,,,,,,,,,,7,,,,,B03,,,1,,1,,,7,,1,18,,B03,120.63992,24.174255,3
2022,9,2,15,20,臺中市,南屯區,0,1,0,8,1,5,50,3,1,1,5,4,5,7,1,1,10,5,5,2,16,6,3,10,1,1,B03,7,5,1,3,2,1,,6,6,1,22,8,B03,120.610591,24.131987,2
2022,9,2,15,21,臺中市,北屯區,0,0,0,8,,,,,,,,,,,,,,,,,,43,,,,,,,,,,,,,43,43,1,,,,120.685198,24.169444,3
2022,9,2,15,27,臺中市,北屯區,0,1,0,8,1,5,50,14,9,1,5,4,5,7,4,4,1,4,5,2,12,7,3,10,1,1,C03,7,8,1,10,2,13,,7,7,1,22,8,C03,120.693841,24.164694,2
2022,9,2,15,29,臺中市,北區,0,1,0,8,1,5,50,4,2,1,5,4,5,7,1,1,1,4,4,2,16,7,3,10,1,1,B01,7,8,1,4,2,2,,7,7,1,21,8,B01,120.672565,24.168787,2
2022,9,2,15,37,臺中市,北屯區,0,2,0,8,1,5,50,14,9,1,5,4,5,7,4,4,1,4,5,2,27,44,2,9,1,1,C03,7,9,1,10,2,11,,44,44,1,21,8,C03,120.69485,24.200923,2
2022,9,2,15,40,臺中市,大雅區,0,0,0,8,,,50,,,,,,,,,,,,,,,7,,,,,A11,,,1,,2,,,7,,1,10,,A11,120.66727,24.21615,3
2022,9,2,15,40,臺中市,西屯區,0,0,0,8,,,50,,,,,,,,,,,,,,,23,,,,,B03,,,1,,1,,,23,,1,22,,B03,120.639665,24.165875,3
2022,9,2,15,42,臺中市,南屯區,0,2,0,8,1,5,50,14,8,1,5,4,5,7,4,4,5,4,4,2,17,40,3,10,1,1,B03,7,13,1,8,2,4,,40,40,1,22,9,B03,120.610325,24.135866,2
2022,9,2,15,45,臺中市,龍井區,0,0,0,6,,,50,,,,,,,,,,,,,,,26,,,,,C03,,,1,,2,,,26,,1,22,,C03,120.583153,24.17943,3
2022,9,2,15,46,臺中市,中區,0,1,0,8,1,5,50,4,1,1,5,4,5,7,1,1,10,5,5,2,17,25,2,8,1,1,C03,7,6,6,18,2,11,15,25,25,1,21,8,C03,120.68401,24.138553,2
2022,9,2,15,50,臺中市,西屯區,0,1,0,8,1,5,50,14,9,1,5,4,5,7,4,4,1,4,5,2,17,6,3,10,1,1,B03,7,6,1,8,2,5,,6,6,1,22,5,B03,120.655154,24.168462,2
2022,9,2,15,50,臺中市,豐原區,0,0,0,,,,50,,,,,,,,,,,,,,,7,,,,,B03,,,1,,2,,,7,,1,22,,B03,120.699495,24.248985,3
2022,9,2,15,56,臺中市,西屯區,0,1,0,8,1,5,80,14,9,1,5,4,5,7,4,4,9,4,5,2,13,23,3,10,1,1,B03,7,9,1,8,1,1,,23,23,1,22,8,B03,120.656934,24.20011,2