年,月,日,時,分,縣市,區,死,受傷,2-30,天候,光線,道路類別,速限,道路型態,事故位置,路面鋪裝,路面狀態,路面缺陷,障礙物,視距,號誌種類,號誌動作,分向設施,快車道或一般車道間,快慢車道間,路面邊線,事故類型及型態,主要肇因,受傷程度,主要傷處,保護裝備,行動電話,當事者區分,車輛用途,當事者行動狀態,駕駛資格情形,駕駛執照種類,飲酒情形,車輛撞擊部位最初,車輛撞擊部位其他,肇事因素個別,肇事因素主要,肇事逃逸,職業,旅次目的,車種,GPS緯度,GPS經度,事故類別
2022,9,2,16,4,臺中市,烏日區,0,0,0,,,,50,,,,,,,,,,,,,,,23,,,,,B03,,,1,,2,,,23,,1,21,,B03,120.617555,24.105727,3
2022,9,2,16,10,臺中市,沙鹿區,0,1,0,8,1,5,50,4,1,1,5,4,5,7,3,1,10,5,5,2,15,6,3,10,1,1,B12,7,9,1,8,2,2,,6,6,1,4,5,B12,120.547976,24.217512,2
2022,9,2,16,15,臺中市,西屯區,0,0,0,8,,,50,,,,,,,,,,,,,,,60,,,,,H01,,,8,,1,,,60,,1,20,,H01,120.661622,24.170661,3
2022,9,2,16,16,臺中市,龍井區,0,0,0,6,,,50,,,,,,,,,,,,,,,26,,,,,B03,,,1,,2,,,26,,1,5,,B03,120.543403,24.173285,3
2022,9,2,16,17,臺中市,南區,0,1,0,8,1,5,50,4,1,1,5,4,5,7,1,1,10,5,5,2,16,6,3,10,1,1,B03,7,6,1,6,2,5,,6,6,1,5,8,B03,120.67004,24.112788,2
2022,9,2,16,17,臺中市,豐原區,0,1,0,6,1,5,50,4,1,1,4,4,5,7,2,1,4,4,5,1,17,6,3,10,1,1,B03,7,5,1,8,2,5,,6,6,1,20,5,B03,120.714311,24.251741,2
2022,9,2,16,18,臺中市,西區,0,1,0,8,1,5,50,4,1,1,5,4,5,7,1,1,10,5,5,2,17,6,3,10,1,1,B03,7,6,1,8,2,2,,6,6,1,5,1,B03,120.670255,24.146337,2
2022,9,2,16,19,臺中市,北屯區,0,0,0,8,,,30,,,,,,,,,,,,,,,23,,,,,B12,,,1,,2,,,23,,1,5,,B12,120.71413,24.162958,3
2022,9,2,16,20,臺中市,清水區,0,0,0,,,,30,,,,,,,,,,,,,,,13,,,,,C03,,,1,,1,,,13,13,1,5,,C03,120.549879,24.2763,3
2022,9,2,16,22,臺中市,大雅區,0,2,0,6,1,5,30,14,9,1,4,4,5,7,4,4,10,5,5,2,12,19,2,9,1,1,C03,7,1,1,10,2,14,,19,19,1,22,9,C03,120.66859,24.23375,2
2022,9,2,16,24,臺中市,大雅區,0,0,0,6,,,50,,,,,,,,,,,,,,,6,,,,,C03,,,1,,2,,,6,,1,22,,C03,120.646274,24.225927,3
2022,9,2,16,26,臺中市,北屯區,0,0,0,6,,,80,,,,,,,,,,,,,,,16,,,,,B12,,,1,,2,,,16,,1,21,,B12,120.694761,24.200813,3
2022,9,2,16,27,臺中市,北屯區,0,2,0,8,1,5,50,4,1,1,5,4,5,7,2,1,5,5,4,2,3,52,2,9,4,5,H01,8,18,8,20,10,16,,52,52,1,22,8,H01,120.693047,24.170367,2
2022,9,2,16,32,臺中市,霧峰區,0,2,0,8,1,5,50,4,2,1,5,4,5,7,3,1,5,5,5,1,16,6,2,8,1,1,C03,7,9,1,10,2,11,,14,6,1,21,9,C03,120.679704,24.06491,2
2022,9,2,16,37,臺中市,西屯區,0,1,0,8,1,5,50,3,1,1,5,4,5,7,1,1,10,5,5,2,16,6,3,10,1,1,B11,7,5,1,4,2,6,,6,6,1,22,5,B11,120.624804,24.185127,2
2022,9,2,16,40,臺中市,北區,0,0,0,8,1,5,50,3,2,1,5,4,5,7,2,1,8,3,4,2,13,23,,,,,B03,,,1,,1,,,23,,1,22,,B03,120.672711,24.168677,3
2022,9,2,16,41,臺中市,西屯區,0,0,0,8,,,50,,,,,,,,,,,,,,,42,,,,,B12,,,1,,1,,,42,,1,22,,B12,120.659089,24.195565,3
2022,9,2,16,43,臺中市,太平區,0,1,0,8,1,5,40,3,13,1,5,4,5,7,4,4,5,4,5,1,13,23,3,10,1,1,C03,7,8,1,10,2,11,,23,23,1,22,8,C03,120.729522,24.135069,2
2022,9,2,16,43,臺中市,神岡區,0,1,0,6,1,5,20,4,2,1,4,4,5,7,4,4,5,5,5,1,17,6,2,9,3,4,F01,7,9,8,20,2,16,,6,6,1,22,9,F01,120.676188,24.246913,2
2022,9,2,16,46,臺中市,東區,0,1,0,8,1,5,50,14,9,1,5,4,5,7,4,4,5,4,5,2,17,23,2,9,1,1,C03,7,9,1,10,2,11,,23,23,1,5,8,C03,120.687936,24.13215,2
2022,9,2,16,50,臺中市,梧棲區,0,0,0,8,,,50,,,,,,,,,,,,,,,18,,,,,B03,,,1,,2,,,18,,1,9,,B03,120.538406,24.248603,3
2022,9,2,16,55,臺中市,潭子區,0,1,0,6,1,5,50,4,1,1,4,4,5,7,4,4,5,5,5,2,15,6,3,10,1,1,C03,7,9,3,18,2,12,,6,6,1,22,9,C03,120.676632,24.204669,2
2022,9,2,16,55,臺中市,大甲區,0,1,0,6,1,5,50,4,1,1,4,4,5,7,4,4,10,5,5,2,15,6,3,10,1,1,B03,7,9,1,7,2,8,,6,6,1,4,8,B03,120.619952,24.353009,2
2022,9,2,16,57,臺中市,沙鹿區,0,0,0,8,,,60,,,,,,,,,,,,,,,16,,,,,B03,,,1,,2,,,16,16,1,5,,B03,120.558716,24.210746,3
2022,9,2,17,0,臺中市,清水區,0,0,0,8,,,60,,,,,,,,,,,,,,,16,,,,,B03,,,1,,3,,,16,16,1,21,,B03,120.552533,24.294823,3
2022,9,2,17,1,臺中市,西屯區,0,0,0,8,,,50,,,,,,,,,,,,,,,23,,,,,B03,,,1,,1,,,23,,1,21,,B03,120.636745,24.170756,3
2022,9,2,17,8,臺中市,北屯區,0,2,0,6,1,5,40,14,8,1,4,4,5,7,4,4,1,4,4,2,17,23,2,9,1,1,C03,7,9,1,10,2,11,12,23,23,1,5,8,C03,120.685288,24.170261,2
2022,9,2,17,9,臺中市,沙鹿區,0,0,0,8,,,50,,,,,,,,,,,,,,,6,,,,,B12,,,1,,2,,,6,,1,9,,B12,120.571258,24.216338,3
2022,9,2,17,12,臺中市,西屯區,0,1,0,8,1,5,50,4,1,1,5,4,5,7,2,1,10,5,5,2,16,6,3,10,3,4,B03,7,5,1,8,2,6,,6,6,1,22,8,B03,120.639238,24.165761,2
2022,9,2,17,12,臺中市,西屯區,0,1,0,8,1,5,30,4,1,1,5,4,5,7,4,4,10,5,5,2,15,6,2,9,1,1,C03,7,9,1,10,2,11,,6,6,1,22,5,C03,120.665666,24.169826,2
2022,9,2,17,14,臺中市,西屯區,0,0,0,8,,,50,,,,,,,,,,,,,,,23,,,,,B03,,,1,,1,,,23,,1,12,,B03,120.641586,24.168533,3
2022,9,2,17,14,臺中市,大甲區,0,1,0,6,1,5,50,4,1,1,4,4,5,7,1,1,10,5,5,2,17,10,3,10,1,1,B12,7,11,1,8,2,15,,10,10,1,4,8,B12,120.624921,24.352202,2
2022,9,2,17,16,臺中市,西屯區,0,0,0,8,,,50,,,,,,,,,,,,,,,23,,,,,B03,,,1,,1,,,23,,1,22,,B03,120.656536,24.198046,3
2022,9,2,17,16,臺中市,沙鹿區,0,1,0,7,2,5,60,14,7,1,5,4,5,7,4,4,1,4,1,1,13,23,3,10,1,1,B03,7,9,1,8,2,1,,23,23,1,5,7,B03,120.576217,24.251509,2
2022,9,2,17,16,臺中市,神岡區,0,2,0,6,2,5,50,3,1,1,4,4,5,7,1,1,10,5,5,2,17,16,2,9,3,4,C03,7,4,1,10,2,11,,16,16,1,22,1,C03,120.70441,24.278124,2
2022,9,2,17,19,臺中市,北屯區,0,2,0,7,2,5,50,4,1,1,5,4,5,7,1,3,10,5,5,2,16,8,3,10,1,1,B12,7,5,1,8,2,8,,8,8,1,21,8,B12,120.687273,24.180156,2
2022,9,2,17,20,臺中市,西屯區,0,1,0,8,1,5,50,4,2,1,5,4,5,7,1,1,5,5,4,2,12,9,3,10,1,1,B03,7,6,1,8,2,6,,9,9,1,20,8,B03,120.632838,24.164081,2
2022,9,2,17,22,臺中市,西屯區,0,0,0,8,,,50,,,,,,,,,,,,,,,7,,,,,B03,,,1,,2,,,7,,1,1,,B03,120.639753,24.15771,3
2022,9,2,17,22,臺中市,西屯區,0,0,0,8,,,40,,,,,,,,,,,,,,,23,,,,,B03,,,1,,1,,,23,,1,21,,B03,120.638602,24.16938,3
2022,9,2,17,24,臺中市,西屯區,0,2,0,8,1,5,50,4,1,1,5,4,5,7,1,1,10,5,5,2,13,16,3,10,1,1,B03,7,9,1,8,2,1,,16,16,1,22,5,B03,120.644251,24.194815,2
2022,9,2,17,27,臺中市,太平區,0,0,0,8,,,30,,,,,,,,,,,,,,,17,,,,,C03,,,4,,2,,,17,,1,19,,C03,120.727015,24.151928,3
2022,9,2,17,28,臺中市,霧峰區,0,1,0,7,2,5,30,14,9,1,5,4,5,7,4,4,10,5,5,2,16,6,3,10,1,1,B03,7,1,1,7,2,8,,6,6,1,22,8,B03,120.710121,24.078029,2
2022,9,2,17,28,臺中市,大肚區,0,0,0,8,,,70,,,,,,,,,,,,,,,17,,,,,A12,,,1,,2,,,17,,1,21,,A12,120.54833,24.143046,3
2022,9,2,17,30,臺中市,潭子區,0,0,0,6,,,50,,,,,,,,,,,,,,,23,,,,,B03,,,1,,2,,,23,,1,22,,B03,120.702273,24.187894,3
2022,9,2,17,30,臺中市,西屯區,0,0,0,8,,,50,,,,,,,,,,,,,,,42,,,,,B03,,,1,,1,,,42,,1,12,,B03,120.647456,24.17328,3
2022,9,2,17,30,臺中市,豐原區,0,2,0,7,2,5,50,3,9,1,5,4,5,7,4,4,1,4,5,2,3,53,2,9,4,5,H01,8,16,8,20,10,16,,53,53,1,21,8,H01,120.700348,24.249184,2
2022,9,2,17,32,臺中市,梧棲區,0,1,0,8,1,5,50,3,2,1,5,4,5,7,4,4,1,4,5,1,17,4,2,9,1,1,C03,7,15,1,10,2,11,,4,4,1,9,8,C03,120.537591,24.245252,2
2022,9,2,17,33,臺中市,烏日區,0,0,0,8,,,50,,,,,,,,,,,,,,,17,,,,,A05,,,1,,2,,,17,,1,10,,A05,120.643291,24.109658,3
2022,9,2,17,38,臺中市,豐原區,0,0,0,,,,30,,,,,,,,,,,,,,,18,,,,,B03,,,1,,2,,,18,,1,22,,B03,120.73859,24.260553,3
2022,9,2,17,44,臺中市,西屯區,0,0,0,8,,,50,,,,,,,,,,,,,,,23,,,,,C03,,,1,,1,,,23,,1,22,,C03,120.668517,24.175825,3
2022,9,2,17,46,臺中市,潭子區,0,2,0,6,1,5,60,4,1,1,4,4,5,7,1,1,1,2,5,1,16,9,3,10,1,1,B03,7,6,1,8,2,5,,9,9,1,22,9,B03,120.703487,24.201189,2
2022,9,2,17,48,臺中市,太平區,0,0,0,8,,,80,,,,,,,,,,,,,,,23,,,,,B03,,,1,,2,1,,23,23,1,19,,B03,120.710725,24.141557,3
2022,9,2,17,49,臺中市,豐原區,0,1,0,6,2,5,50,4,2,1,4,4,5,7,1,1,4,4,4,2,16,6,3,10,1,1,B03,7,6,1,8,2,6,,6,6,1,4,5,B03,120.747636,24.266705,2
2022,9,2,17,50,臺中市,潭子區,0,0,0,6,,,50,,,,,,,,,,,,,,,23,,,,,B03,,,1,,2,,,23,,1,22,,B03,120.707851,24.227624,3
2022,9,2,17,50,臺中市,北區,0,1,0,7,1,5,50,15,7,1,5,4,5,7,4,4,8,3,4,2,13,23,3,10,1,1,B12,7,9,1,8,2,1,,23,23,1,5,8,B12,120.663712,24.16965,2
2022,9,2,17,50,臺中市,南屯區,0,0,0,8,,,50,,,,,,,,,,,,,,,12,,,,,B03,,,1,,1,,,12,,1,22,,B03,120.615952,24.151609,3
2022,9,2,17,50,臺中市,豐原區,0,0,0,6,2,5,60,14,20,1,4,4,5,7,4,4,10,3,5,1,14,18,3,10,3,4,B12,7,2,1,8,2,8,,18,18,1,21,9,B12,120.726148,24.237616,3
2022,9,2,17,51,臺中市,西屯區,0,1,0,6,3,5,1,14,20,1,4,4,5,7,4,4,10,5,5,2,21,23,2,9,1,1,F01,7,9,8,20,2,16,,23,23,1,22,8,F01,120.651798,24.165973,2
2022,9,2,17,57,臺中市,后里區,0,0,0,6,1,5,50,3,1,1,4,4,5,7,1,1,1,4,4,1,16,25,3,10,1,1,B03,7,5,1,8,2,7,,25,25,1,21,8,B03,120.72235,24.303236,3
2022,9,2,17,58,臺中市,大雅區,0,0,0,6,,,50,,,,,,,,,,,,,,,16,,,,,B03,,,4,,2,,,16,,1,22,,B03,120.66331,24.219,3
2022,9,2,17,58,臺中市,北區,0,2,0,6,3,5,50,3,2,1,4,4,5,7,4,4,1,4,5,2,17,23,2,9,1,1,C03,7,9,1,10,2,11,,23,23,1,22,8,C03,120.681733,24.165127,2
2022,9,2,18,0,臺中市,潭子區,0,0,0,8,,,50,,,,,,,,,,,,,,,6,,,,,B03,,,1,,2,,,6,,1,22,,B03,120.712826,24.222755,3
2022,9,2,18,2,臺中市,太平區,0,0,0,6,,,50,,,,,,,,,,,,,,,12,,,,,B03,,,1,,2,,,12,,1,22,,B03,120.709397,24.158291,3
2022,9,2,18,6,臺中市,北區,0,0,0,8,,,50,,,,,,,,,,,,,,,6,,,,,B03,,,1,,2,,,6,,1,21,,B03,120.668072,24.159227,3
2022,9,2,18,7,臺中市,北屯區,0,0,0,6,,,50,,,,,,,,,,,,,,,26,,,,,B03,,,1,,1,,,26,26,1,22,,B03,120.700136,24.164975,3
2022,9,2,18,8,臺中市,西屯區,0,1,0,6,2,5,50,4,1,1,4,4,5,7,2,1,10,5,5,2,16,8,2,9,1,1,C03,7,5,1,10,1,12,,8,8,1,18,8,C03,120.644775,24.184445,2
2022,9,2,18,10,臺中市,大甲區,0,1,0,8,1,5,30,4,1,1,5,4,5,7,1,1,10,5,5,2,17,19,3,10,1,1,C03,7,1,2,18,2,12,,19,19,1,20,8,C03,120.632125,24.355393,2
2022,9,2,18,12,臺中市,大里區,0,0,0,8,,,50,,,,,,,,,,,,,,,23,,,,,B03,,,1,,2,,,23,23,1,21,,B03,120.698061,24.084679,3
2022,9,2,18,14,臺中市,西屯區,0,1,0,6,1,5,50,4,1,1,4,4,5,7,2,1,10,5,5,2,16,6,3,10,3,4,B03,7,6,1,8,2,2,,6,6,1,22,8,B03,120.622123,24.174225,2
2022,9,2,18,17,臺中市,北屯區,0,0,0,8,,,50,,,,,,,,,,,,,,,23,,,,,B03,,,1,,1,,,23,,1,21,,B03,120.686001,24.179828,3
2022,9,2,18,19,臺中市,中區,0,2,0,7,2,5,50,4,1,1,5,4,5,7,1,1,10,5,5,2,12,42,3,10,1,1,C03,7,15,1,10,2,12,,42,42,1,5,8,C03,120.679894,24.139367,2
2022,9,2,18,20,臺中市,潭子區,0,0,0,6,,,50,,,,,,,,,,,,,,,23,,,,,A06,,,1,,2,,,23,,1,22,,A06,120.703976,24.203436,3
2022,9,2,18,23,臺中市,大雅區,0,1,0,6,3,5,50,4,1,1,4,4,5,7,4,4,5,5,5,1,17,23,2,9,1,1,C03,7,9,1,10,2,15,,23,23,1,22,8,C03,120.62734,24.239336,2
2022,9,2,18,24,臺中市,西屯區,0,0,0,8,,,40,,,,,,,,,,,,,,,23,,,,,B01,,,1,,2,,,23,,1,22,,B01,120.629308,24.163572,3
2022,9,2,18,25,臺中市,北屯區,0,0,0,6,,,50,,,,,,,,,,,,,,,23,,,,,C03,,,6,,2,,,23,,1,22,,C03,120.688196,24.175465,3
2022,9,2,18,28,臺中市,霧峰區,0,0,0,8,,,40,,,,,,,,,,,,,,,23,,,,,B03,,,1,,2,,,23,,1,21,,B03,120.662944,24.063028,3
2022,9,2,18,30,臺中市,西屯區,0,0,0,8,,,80,,,,,,,,,,,,,,,16,,,,,B03,,,1,,1,,,16,,1,12,,B03,120.639331,24.158495,3
2022,9,2,18,33,臺中市,西區,0,1,0,8,3,5,50,4,1,1,5,4,5,7,2,1,10,5,5,2,16,9,3,10,1,1,B03,7,6,1,8,1,5,,9,9,1,5,8,B03,120.666907,24.153208,2
2022,9,2,18,39,臺中市,西屯區,0,2,0,8,3,5,50,3,1,1,5,4,5,7,4,4,5,2,5,2,3,23,2,9,1,1,C03,7,9,1,10,2,11,,23,23,1,22,8,C03,120.653501,24.165148,2
2022,9,2,18,40,臺中市,西屯區,0,0,0,6,,,30,,,,,,,,,,,,,,,6,,,,,C03,,,1,,1,,,6,,1,22,,C03,120.648205,24.174877,3
2022,9,2,18,46,臺中市,西屯區,0,1,0,6,2,5,50,4,1,1,4,4,5,7,2,1,10,5,5,2,16,6,3,10,1,1,B03,7,5,1,8,2,5,,6,6,1,21,8,B03,120.641446,24.182296,2
2022,9,2,18,50,臺中市,南屯區,0,1,0,8,3,5,50,4,1,1,5,4,5,7,2,1,5,4,4,2,16,26,2,9,3,4,C03,7,9,1,10,2,12,,26,26,1,22,9,C03,120.65135,24.153622,2
2022,9,2,18,52,臺中市,神岡區,0,1,0,6,3,5,50,4,2,1,4,4,5,7,1,1,5,4,5,1,12,26,2,9,3,4,C03,7,9,1,10,2,13,,26,26,1,22,9,C03,120.696315,24.248404,2
2022,9,2,18,54,臺中市,西屯區,0,0,0,8,,,50,,,,,,,,,,,,,,,7,,,,,B12,,,1,,2,,,7,,1,22,,B12,120.641076,24.167898,3
2022,9,2,18,54,臺中市,神岡區,0,0,0,8,,,50,,,,,,,,,,,,,,,16,,,,,B03,,,1,,1,,,16,,1,22,,B03,120.694646,24.248244,3
2022,9,2,19,0,臺中市,北區,0,0,0,6,,,50,,,,,,,,,,,,,,,23,,,,,B03,,,1,,1,,,23,,1,22,,B03,120.676839,24.150761,3
2022,9,2,19,14,臺中市,西屯區,0,0,0,,,,40,,,,,,,,,,,,,,,19,,,,,B03,,,1,,2,,,19,,1,12,,B03,120.615356,24.184668,3
2022,9,2,19,17,臺中市,西屯區,0,0,0,8,,,50,,,,,,,,,,,,,,,23,,,,,B03,,,1,,1,,,23,,1,22,,B03,120.658624,24.194467,3
2022,9,2,19,23,臺中市,西屯區,0,0,0,8,,,50,,,,,,,,,,,,,,,23,,,,,B03,,,1,,1,,,23,,1,22,,B03,120.636047,24.16922,3
2022,9,2,19,25,臺中市,西屯區,0,0,0,6,,,50,,,,,,,,,,,,,,,7,,,,,B03,,,1,,1,,,7,,1,19,,B03,120.650036,24.16219,3
2022,9,2,19,27,臺中市,北屯區,0,0,0,6,,,50,,,,,,,,,,,,,,,8,,,,,B01,,,1,,2,,,8,,1,5,,B01,120.688163,24.175815,3
2022,9,2,19,37,臺中市,神岡區,0,0,0,6,,,50,,,,,,,,,,,,,,,42,,,,,B03,,,1,,1,,,42,,1,22,,B03,120.699036,24.249556,4
2022,9,2,19,42,臺中市,西屯區,0,0,0,6,,,50,,,,,,,,,,,,,,,16,,,,,B03,,,1,,2,,,16,,1,22,,B03,120.633505,24.182602,3
2022,9,2,19,48,臺中市,西區,0,0,0,6,3,5,50,4,2,1,4,4,5,7,1,1,5,4,5,2,13,23,,,,,B03,,,1,,1,,,23,,1,22,,B03,120.656776,24.146716,3
2022,9,2,19,49,臺中市,西屯區,0,2,0,8,3,5,30,4,1,1,5,4,5,7,4,4,10,5,5,2,15,6,2,9,1,1,C03,7,9,1,10,2,11,,6,6,1,22,5,C03,120.648124,24.176013,2
2022,9,2,19,58,臺中市,沙鹿區,0,0,0,6,,,50,,,,,,,,,,,,,,,10,,,,,B03,,,1,,2,,,10,10,1,1,,B03,120.561185,24.231808,3
2022,9,2,20,0,臺中市,西屯區,0,3,0,6,3,5,40,14,16,1,4,4,5,7,4,4,10,5,5,2,13,23,2,7,1,1,B03,7,9,1,8,2,1,,23,23,1,22,8,B03,120.630966,24.166956,2
2022,9,2,20,0,臺中市,大安區,0,1,0,6,3,5,40,14,9,1,4,4,5,7,4,4,5,5,5,2,26,23,2,9,1,1,B03,7,9,1,8,7,5,,23,23,1,20,8,B03,120.592736,24.351385,2
2022,9,2,20,4,臺中市,西屯區,0,0,0,6,,,50,,,,,,,,,,,,,,,23,,,,,B03,,,1,,1,,,23,,1,22,,B03,120.603156,24.184293,3
2022,9,2,20,5,臺中市,西屯區,0,1,0,8,3,5,50,4,1,1,4,4,5,7,1,1,9,4,4,2,13,23,3,10,1,1,B03,7,9,1,8,1,1,,23,23,1,12,8,B03,120.635851,24.169245,2
2022,9,2,20,12,臺中市,北屯區,0,1,0,6,3,5,40,14,8,1,4,4,5,7,4,4,1,4,4,2,13,23,2,9,1,1,C03,7,9,1,10,2,11,,23,23,1,22,8,C03,120.706271,24.164995,2
2022,9,2,20,12,臺中市,北屯區,0,0,0,6,,,50,,,,,,,,,,,,,,,16,,,,,B03,,,1,,1,,,16,,1,22,,B03,120.673015,24.19021,3
2022,9,2,20,12,臺中市,大里區,0,3,0,8,3,5,50,14,8,1,5,4,5,7,4,4,5,5,4,1,9,51,2,7,4,5,H01,8,16,8,20,10,16,,51,51,1,22,8,H01,120.683741,24.110906,2
2022,9,2,20,23,臺中市,梧棲區,0,1,0,6,3,5,50,14,7,1,4,4,5,7,4,4,5,4,4,2,18,43,2,9,1,1,C03,7,9,1,10,2,11,,43,43,1,9,8,C03,120.53257,24.259128,2
2022,9,2,20,26,臺中市,西屯區,0,0,0,6,,,50,,,,,,,,,,,,,,,42,,,,,B01,,,1,,2,,,42,,1,22,,B01,120.664846,24.170183,3
2022,9,2,20,28,臺中市,中區,0,1,0,6,3,5,50,14,7,1,4,4,5,7,4,4,5,5,4,2,16,26,3,10,1,1,B01,7,5,1,4,2,5,,26,26,1,10,8,B01,120.67544,24.143783,2
2022,9,2,20,36,臺中市,西區,0,0,0,6,,,40,,,,,,,,,,,,,,,42,,,,,C03,,,1,,1,,,42,,1,5,,C03,120.663775,24.154648,3
2022,9,2,20,40,臺中市,西屯區,0,1,0,6,3,5,50,14,9,1,4,4,5,7,4,4,9,4,5,2,13,42,2,9,1,1,C03,7,9,1,10,1,12,,42,42,1,12,8,C03,120.64939,24.163114,2
2022,9,2,20,51,臺中市,西屯區,0,1,0,6,3,5,50,14,7,1,4,4,5,7,4,4,9,4,4,2,17,23,3,10,1,1,B03,7,9,1,8,2,8,,23,23,1,22,8,B03,120.62937,24.183622,2
2022,9,2,20,52,臺中市,霧峰區,0,1,0,6,3,5,50,4,1,1,4,4,5,6,4,4,10,5,5,2,15,6,2,9,1,1,C03,7,9,1,10,2,11,,6,6,1,21,9,C03,120.700636,24.070798,2
2022,9,2,21,5,臺中市,北區,0,2,0,6,3,5,50,5,12,1,4,4,5,7,2,1,8,3,4,2,3,51,2,9,4,5,H01,8,16,8,20,10,16,,51,51,1,19,8,H01,120.673491,24.155618,2
2022,9,2,21,6,臺中市,西屯區,0,1,0,6,3,5,40,14,8,1,4,4,5,7,4,4,5,5,4,2,18,43,2,9,1,1,C02,7,12,1,10,2,12,,43,43,1,21,8,C02,120.637661,24.180013,2
2022,9,2,21,7,臺中市,西屯區,0,0,0,8,,,60,,,,,,,,,,,,,,,23,,,,,B03,,,1,,1,,,23,,1,12,,B03,120.638643,24.159363,3
2022,9,2,21,8,臺中市,北屯區,0,1,0,6,3,5,50,4,1,1,4,4,5,7,2,1,10,5,5,2,16,25,3,10,1,1,C03,7,6,1,10,6,14,13,25,25,1,5,8,C03,120.730258,24.174168,2
2022,9,2,21,19,臺中市,西屯區,0,1,0,6,3,5,50,4,1,1,4,4,5,7,1,1,5,4,5,2,16,6,3,10,1,1,B03,7,5,1,8,2,2,,6,6,1,22,8,B03,120.620073,24.187118,2
2022,9,2,21,30,臺中市,西屯區,0,0,0,8,,,50,,,,,,,,,,,,,,,17,,,,,B03,,,1,,1,,,17,,1,12,,B03,120.620096,24.184276,3
2022,9,2,21,30,臺中市,清水區,0,1,0,6,1,5,50,4,2,1,4,4,5,7,1,1,6,4,4,1,13,23,2,8,1,1,C03,7,9,1,10,2,11,,23,23,1,5,5,C03,120.574345,24.266405,2
2022,9,2,21,32,臺中市,太平區,0,0,0,8,,,50,,,,,,,,,,,,,,,17,,,,,B03,,,1,,1,,,17,,1,19,,B03,120.722424,24.133975,3
2022,9,2,21,37,臺中市,北屯區,0,2,0,8,3,5,50,4,1,1,5,4,5,7,4,4,10,5,5,2,15,6,3,10,1,1,B03,7,9,1,8,2,4,,6,6,1,22,8,B03,120.703919,24.181299,2
2022,9,2,21,46,臺中市,大雅區,0,1,0,6,1,5,50,3,1,1,4,4,5,7,1,1,5,4,4,1,16,19,3,10,1,1,B03,7,1,1,8,2,3,,19,19,1,22,9,B03,120.629981,24.20968,2
2022,9,2,21,49,臺中市,西屯區,0,1,0,6,3,5,50,4,1,1,4,4,5,7,4,4,5,4,5,2,16,6,3,10,1,1,B03,7,5,1,8,1,8,,6,6,1,22,8,B03,120.650253,24.169925,2
2022,9,2,21,59,臺中市,西區,0,0,0,7,3,5,50,4,1,1,4,4,5,7,1,1,10,5,5,2,17,6,,,,,B03,,,1,,2,,,6,,1,4,,B03,120.667647,24.15085,3
2022,9,2,22,2,臺中市,西屯區,0,1,0,6,3,5,50,11,9,1,4,4,5,7,4,4,10,5,5,2,18,42,2,9,1,1,C03,7,9,1,10,2,12,,42,42,1,22,8,C03,120.644658,24.159266,2
2022,9,2,22,3,臺中市,北區,0,1,0,6,3,5,50,3,2,1,4,4,5,7,1,1,5,4,5,2,13,23,2,8,1,1,C03,7,9,1,10,2,13,,23,23,1,5,5,C03,120.669339,24.167143,2
2022,9,2,22,6,臺中市,中區,0,0,0,6,,,50,,,,,,,,,,,,,,,42,,,,,C03,,,1,10,1,,,42,42,1,5,,C03,120.679881,24.146232,3
2022,9,2,22,20,臺中市,大雅區,0,0,0,6,,,30,,,,,,,,,,,,,,,12,,,,,B03,,,1,,2,,,12,,1,22,,B03,120.64329,24.21996,3
2022,9,2,22,26,臺中市,西屯區,0,1,0,6,3,5,50,4,1,1,4,4,5,7,4,4,10,5,5,2,13,23,3,10,1,1,B03,7,5,1,8,2,8,,23,23,1,22,8,B03,120.656781,24.195488,2
2022,9,2,22,27,臺中市,西區,0,1,0,8,1,5,50,14,7,1,5,4,5,7,2,1,5,4,4,2,13,16,3,10,1,1,C03,7,9,3,18,2,11,,16,16,1,18,8,C03,120.673743,24.143297,2
2022,9,2,22,30,臺中市,西區,0,2,0,8,3,5,50,4,1,1,5,4,5,7,1,1,10,5,5,2,15,25,2,9,1,1,C03,7,9,1,10,2,11,,25,25,1,4,1,C03,120.669807,24.1479,2
2022,9,2,22,45,臺中市,北區,0,1,0,8,3,5,50,3,1,1,5,4,5,7,1,1,10,5,5,2,16,25,2,9,1,1,C03,7,9,1,10,2,11,,25,25,1,22,8,C03,120.688112,24.151011,2
2022,9,2,22,48,臺中市,豐原區,0,0,0,8,,,30,,,,,,,,,,,,,,,23,,,,,B03,,,1,,2,,,23,,1,21,,B03,120.719257,24.253917,3
2022,9,2,23,7,臺中市,西屯區,0,1,0,6,3,5,50,14,7,1,4,4,5,7,4,4,10,4,4,2,12,19,3,10,1,1,B03,7,1,1,8,2,7,,19,19,1,22,8,B03,120.644139,24.182303,2
2022,9,2,23,16,臺中市,北屯區,0,2,0,8,3,5,40,3,1,1,4,4,5,7,1,1,10,5,5,2,17,19,3,10,1,1,B01,7,1,1,4,2,15,,19,19,1,10,8,B01,120.661213,24.190643,2
2022,9,2,23,24,臺中市,西屯區,0,2,0,8,3,5,50,5,1,1,5,4,5,7,1,1,10,5,5,2,16,8,3,10,3,4,C03,7,5,1,10,2,14,,8,8,1,22,8,C03,120.64314,24.176946,2