年,月,日,時,分,縣市,區,死,受傷,2-30,天候,光線,道路類別,速限,道路型態,事故位置,路面鋪裝,路面狀態,路面缺陷,障礙物,視距,號誌種類,號誌動作,分向設施,快車道或一般車道間,快慢車道間,路面邊線,事故類型及型態,主要肇因,受傷程度,主要傷處,保護裝備,行動電話,當事者區分,車輛用途,當事者行動狀態,駕駛資格情形,駕駛執照種類,飲酒情形,車輛撞擊部位最初,車輛撞擊部位其他,肇事因素個別,肇事因素主要,肇事逃逸,職業,旅次目的,車種,GPS緯度,GPS經度,事故類別
2022,9,2,23,45,臺中市,烏日區,0,0,0,8,,,50,,,,,,,,,,,,,,,6,,,,,B03,,,1,,2,,,6,,1,21,,B03,120.64545,24.057853,3
2022,9,3,0,0,臺中市,北屯區,0,2,0,8,3,5,50,4,1,1,5,4,5,7,1,1,10,5,5,2,15,25,2,9,3,4,F01,7,9,8,20,2,16,,25,25,1,5,8,F01,120.72247,24.17496,2
2022,9,3,0,6,臺中市,北區,0,1,0,8,3,5,50,4,4,1,5,4,5,7,1,1,1,4,5,2,13,23,3,10,1,1,B03,7,9,1,8,2,5,,23,23,1,22,8,B03,120.685119,24.165279,2
2022,9,3,0,24,臺中市,西屯區,0,1,0,6,3,5,40,4,2,1,4,4,5,7,1,1,9,4,4,2,12,19,3,10,1,1,B03,7,1,1,8,2,4,,19,19,1,22,8,B03,120.652416,24.16667,2
2022,9,3,0,25,臺中市,梧棲區,0,1,0,6,3,5,70,3,1,1,4,4,5,7,1,1,10,5,5,1,17,7,2,9,3,4,B03,7,8,1,3,2,7,,7,7,1,22,8,B03,120.549962,24.245107,2
2022,9,3,0,34,臺中市,西屯區,0,0,0,,,,40,,,,,,,,,,,,,,,23,,,,,B03,,,1,,2,,,23,,1,22,,B03,120.6509,24.162215,3
2022,9,3,2,26,臺中市,南屯區,0,0,0,8,,,30,,,,,,,,,,,,,,,17,,,,,B03,,,1,,2,,,17,17,1,22,,B03,120.642621,24.145895,3
2022,9,3,2,47,臺中市,北屯區,0,0,0,8,,,50,,,,,,,,,,,,,,,6,,,,,C03,,,1,,2,,,6,,1,21,,C03,120.662189,24.197915,3
2022,9,3,5,30,臺中市,太平區,0,1,0,8,1,5,50,3,2,1,5,4,5,7,4,4,9,4,5,1,2,23,3,10,1,1,F06,7,9,8,20,11,16,,23,23,1,20,5,F06,120.718705,24.125392,2
2022,9,3,6,0,臺中市,北屯區,0,3,0,8,1,5,50,4,1,1,5,4,5,7,4,4,10,5,5,2,15,6,2,9,1,1,C03,7,9,1,10,2,12,,6,6,1,4,8,C03,120.72243,24.17559,2
2022,9,3,6,37,臺中市,西屯區,0,0,0,8,,,50,,,,,,,,,,,,,,,7,,,,,B03,,,1,,2,,,7,,1,21,,B03,120.662572,24.163561,3
2022,9,3,6,41,臺中市,北屯區,0,0,0,8,,,50,,,,,,,,,,,,,,,6,,,,,B03,,,1,,1,,,6,,1,21,,B03,120.668347,24.200651,3
2022,9,3,6,42,臺中市,清水區,0,1,0,6,1,5,50,14,9,1,4,4,5,7,1,1,1,4,5,1,16,25,2,9,1,1,C03,7,9,1,10,2,14,,25,25,1,5,8,C03,120.552533,24.294823,2
2022,9,3,6,48,臺中市,潭子區,0,2,0,8,1,5,50,14,9,1,5,4,5,7,4,4,5,4,5,1,16,26,2,8,1,1,F03,7,11,8,20,2,16,,26,26,1,22,9,F03,120.724137,24.221286,2
2022,9,3,6,53,臺中市,太平區,0,0,0,8,,,30,,,,,,,,,,,,,,,67,,,,,,,,,,,,,67,,1,,,,120.741433,24.158347,3
2022,9,3,7,24,臺中市,北屯區,0,1,0,7,1,5,50,14,9,1,5,4,5,7,4,4,1,4,5,2,13,23,2,8,3,4,B03,7,9,1,8,3,1,,23,23,1,21,8,B03,120.668245,24.19946,2
2022,9,3,7,29,臺中市,清水區,0,1,0,1,1,5,40,14,8,1,4,4,5,7,4,4,1,4,1,2,12,40,3,10,2,1,B03,7,15,1,8,1,4,,40,40,1,21,8,B03,120.549879,24.2763,2
2022,9,3,7,30,臺中市,東區,0,0,0,8,,,40,,,,,,,,,,,,,,,43,,,,,,,,,,,,,43,,1,,,,120.690497,24.1331,3
2022,9,3,7,40,臺中市,沙鹿區,0,0,0,6,,,60,,,,,,,,,,,,,,,16,,,,,B03,,,1,,2,,,16,,1,4,,B03,120.579046,24.250166,3
2022,9,3,7,52,臺中市,大安區,0,1,0,6,1,5,50,4,1,1,4,4,5,7,1,1,10,5,5,2,16,8,3,10,1,1,B03,7,5,1,8,2,1,,8,8,1,4,1,B03,120.627011,24.377798,2
2022,9,3,7,53,臺中市,西屯區,0,0,0,8,,,50,,,,,,,,,,,,,,,43,,,,,B03,,,1,,1,,,43,,1,4,,B03,120.644481,24.195108,3
2022,9,3,7,55,臺中市,大雅區,0,1,0,7,1,5,50,4,1,1,5,4,5,7,3,1,5,5,4,1,16,6,3,10,1,1,B03,7,9,1,8,2,1,,6,6,1,22,9,B03,120.664888,24.235291,2
2022,9,3,8,10,臺中市,烏日區,0,0,0,8,,,40,,,,,,,,,,,,,,,42,,,,,A41,,,1,,2,,,42,,1,21,,A41,120.618724,24.115942,3
2022,9,3,8,18,臺中市,西屯區,0,1,0,7,1,5,50,3,9,1,5,4,5,7,4,4,4,3,5,2,17,43,3,10,1,1,B03,7,6,1,8,2,15,,43,43,1,22,8,B03,120.619192,24.184547,2
2022,9,3,8,29,臺中市,沙鹿區,0,1,0,6,1,5,50,5,1,1,4,4,5,7,1,1,10,5,5,2,16,6,3,10,1,1,B03,7,6,1,8,2,15,,6,6,1,9,9,B03,120.567191,24.203451,2
2022,9,3,8,45,臺中市,北區,0,0,0,8,1,5,40,4,2,1,5,4,5,7,4,4,5,4,4,2,12,10,3,10,1,1,B03,7,11,1,8,2,5,,10,10,1,5,5,B03,120.668289,24.167419,3
2022,9,3,8,45,臺中市,梧棲區,0,0,0,,,,40,,,,,,,,,,,,,,,40,,,,,B03,,,1,,2,,,40,,1,9,,B03,120.542375,24.246999,3
2022,9,3,8,47,臺中市,潭子區,0,2,0,8,1,5,50,3,1,1,5,4,5,7,1,1,5,4,5,1,15,25,2,9,1,1,C03,7,9,1,10,2,11,,25,25,1,22,8,C03,120.717978,24.191197,2
2022,9,3,8,48,臺中市,中區,0,0,0,8,,,50,,,,,,,,,,,,,,,42,,,,,C03,,,1,,1,,,42,,1,22,,C03,120.679786,24.142034,3
2022,9,3,8,50,臺中市,潭子區,0,0,0,8,,,50,,,,,,,,,,,,,,,12,,,,,B03,,,1,,2,,,12,,1,22,,B03,120.70231,24.191487,3
2022,9,3,8,53,臺中市,北屯區,0,1,0,7,1,5,50,4,1,1,5,4,5,7,1,1,10,5,5,2,15,25,2,9,1,1,C03,7,9,1,10,2,11,,25,25,1,21,8,C03,120.67267,24.18774,2
2022,9,3,9,17,臺中市,東區,0,1,0,6,1,5,50,4,1,1,4,4,1,7,2,1,10,5,5,2,16,6,3,10,1,1,B03,7,6,1,8,2,6,,6,6,1,21,8,B03,120.698031,24.147951,2
2022,9,3,9,18,臺中市,豐原區,0,1,0,7,1,5,50,4,1,1,4,4,5,7,1,1,1,5,5,2,16,6,3,10,3,4,B12,7,6,1,1,2,2,,6,6,1,10,8,B12,120.712928,24.255745,2
2022,9,3,9,20,臺中市,潭子區,0,0,0,8,,,50,,,,,,,,,,,,,,,23,,,,,B03,,,1,,2,,,23,,1,22,,B03,120.708389,24.228737,3
2022,9,3,9,22,臺中市,梧棲區,0,1,0,6,1,5,50,4,1,1,4,4,5,7,1,1,10,5,5,2,16,19,2,9,1,1,C03,7,1,1,10,2,11,,19,19,1,9,8,C03,120.53698,24.25226,2
2022,9,3,9,24,臺中市,北區,0,1,0,6,1,5,50,4,1,1,4,4,5,7,1,1,10,5,5,2,17,6,3,10,1,1,B03,7,6,1,8,2,15,,6,6,1,22,9,B03,120.683663,24.160335,2
2022,9,3,9,24,臺中市,烏日區,0,1,0,6,1,5,50,14,8,1,4,4,5,7,4,4,1,4,4,2,16,9,3,10,1,1,B03,7,6,1,8,2,6,,9,9,1,21,8,B03,120.624236,24.109268,2
2022,9,3,9,30,臺中市,南屯區,0,0,0,8,,,50,,,,,,,,,,,,,,,7,,,,,B03,,,1,,2,,,7,,1,22,,B03,120.644129,24.140292,3
2022,9,3,9,30,臺中市,大安區,0,0,0,6,,,50,,,,,,,,,,,,,,,12,,,,,B03,,,1,,2,,,12,,1,4,,B03,120.588348,24.344216,3
2022,9,3,9,33,臺中市,東區,0,0,0,,,,50,,,,,,,,,,,,,,,26,,,,,B03,,,1,,2,,,26,,1,5,,B03,120.693216,24.151599,3
2022,9,3,9,34,臺中市,西屯區,0,0,0,6,,,50,,,,,,,,,,,,,,,23,,,,,B03,,,1,,1,,,23,,1,4,,B03,120.615175,24.179741,3
2022,9,3,9,35,臺中市,東區,0,2,0,7,1,5,40,14,8,1,5,4,5,7,4,4,5,5,4,2,18,23,2,9,1,1,C03,7,9,1,10,2,12,,23,23,1,5,8,C03,120.697347,24.148084,2
2022,9,3,9,37,臺中市,中區,0,1,0,8,1,5,50,4,1,1,5,4,4,7,2,1,10,5,5,2,13,23,2,9,1,1,C03,7,9,1,10,1,11,,23,23,1,5,5,C03,120.680017,24.142208,2
2022,9,3,9,38,臺中市,外埔區,0,0,0,6,1,5,50,14,9,1,4,4,5,7,4,4,5,3,5,1,13,42,3,10,1,1,A12,7,9,1,7,2,1,,42,42,1,4,8,A12,120.644169,24.346895,3
2022,9,3,9,42,臺中市,南屯區,0,1,0,7,1,5,50,14,9,1,4,4,5,7,4,4,1,4,5,2,16,19,3,10,1,1,B03,7,1,1,7,2,1,,19,19,1,22,8,B03,120.632506,24.145049,2
2022,9,3,9,42,臺中市,北屯區,0,2,0,8,1,5,50,14,9,1,5,4,5,7,4,4,5,4,5,2,18,42,2,9,3,4,C03,7,9,1,10,2,12,,42,42,1,21,8,C03,120.695808,24.165014,2
2022,9,3,9,51,臺中市,西屯區,0,0,0,8,,,50,,,,,,,,,,,,,,,7,,,,,B03,,,1,,1,,,7,,1,21,,B03,120.655311,24.195338,3
2022,9,3,9,53,臺中市,北屯區,0,0,0,8,,,50,,,,,,,,,,,,,,,6,,,,,B12,,,1,,2,,,6,6,1,21,,B12,120.703828,24.181291,3
2022,9,3,9,54,臺中市,西屯區,0,0,0,6,,,50,,,,,,,,,,,,,,,16,,,,,B03,,,6,,1,,,16,,1,4,,B03,120.657296,24.1924,3
2022,9,3,9,55,臺中市,東區,0,1,0,8,1,5,50,14,7,1,4,4,5,7,4,4,5,5,4,2,17,26,2,8,2,1,F01,7,11,8,20,2,16,,26,26,1,22,8,F01,120.689897,24.1296,2
2022,9,3,9,57,臺中市,龍井區,0,1,0,6,1,5,50,3,2,1,4,4,5,7,3,1,10,5,5,2,12,23,2,9,3,4,C03,7,9,1,10,2,12,,23,23,1,5,8,C03,120.547069,24.19973,2
2022,9,3,10,8,臺中市,清水區,0,0,0,6,,,30,,,,,,,,,,,,,,,12,,,,,B12,,,1,,1,,,12,,1,21,,B12,120.569178,24.263623,3
2022,9,3,10,12,臺中市,北區,0,2,0,8,1,5,50,14,8,1,5,4,5,7,4,4,5,4,4,1,17,23,2,9,3,4,C03,7,9,1,10,2,11,,23,23,1,22,9,C03,120.674507,24.162862,2
2022,9,3,10,13,臺中市,西屯區,0,0,0,8,,,40,,,,,,,,,,,,,,,42,,,,,B03,,,1,,1,,,42,,1,22,,B03,120.64247,24.15731,3
2022,9,3,10,14,臺中市,西區,0,1,0,8,1,5,50,4,1,1,5,4,5,7,2,1,10,5,5,2,16,6,3,10,1,1,B12,7,6,1,8,2,2,,6,6,1,5,5,B12,120.674962,24.138062,4
2022,9,3,10,15,臺中市,大肚區,0,0,0,6,,,30,,,,,,,,,,,,,,,19,,,,,A11,,,1,,2,,,19,,1,21,,A11,120.552228,24.146977,3
2022,9,3,10,18,臺中市,太平區,0,0,0,8,,,30,,,,,,,,,,,,,,,6,,,,,C03,,,1,,1,,,6,,1,22,,C03,120.719894,24.147375,3
2022,9,3,10,27,臺中市,南屯區,0,1,0,6,1,5,50,4,1,1,4,4,5,7,1,1,10,5,5,2,13,1,2,9,3,4,C03,7,4,1,10,2,13,,1,1,1,12,8,C03,120.633263,24.123792,2
2022,9,3,10,29,臺中市,西屯區,0,1,0,6,1,5,40,14,7,1,4,4,5,7,4,4,1,3,4,2,13,42,2,9,1,1,C03,7,9,1,10,2,11,,42,42,1,22,8,C03,120.632881,24.179807,2
2022,9,3,10,30,臺中市,北區,0,2,0,8,1,5,50,4,1,1,5,4,5,7,2,1,10,5,5,2,1,15,3,10,1,4,B03,7,5,1,8,2,1,,15,15,1,22,9,B03,120.686354,24.152437,2
2022,9,3,10,34,臺中市,沙鹿區,0,1,0,6,1,5,50,14,9,1,4,4,5,7,4,4,8,5,5,2,17,26,3,10,1,1,B03,7,3,1,8,2,4,,26,26,1,9,9,B03,120.554375,24.231367,2
2022,9,3,10,35,臺中市,北屯區,0,0,0,8,,,40,,,,,,,,,,,,,,,19,,,,,B03,,,1,,2,,,19,,1,4,,B03,120.6763,24.1746,3
2022,9,3,10,37,臺中市,北屯區,0,1,0,6,1,5,50,3,1,1,4,4,5,7,1,1,10,5,5,2,16,6,2,9,1,1,B03,7,5,1,8,2,2,,6,6,1,21,8,B03,120.665985,24.182485,2
2022,9,3,10,38,臺中市,南區,0,0,0,6,1,5,50,15,2,1,5,4,5,7,4,4,1,4,4,2,13,16,3,10,1,1,B03,7,6,1,8,2,1,,16,16,1,5,8,B03,120.670047,24.126452,3
2022,9,3,10,40,臺中市,清水區,0,0,0,,,,50,,,,,,,,,,,,,,,12,,,,,B03,,,1,,1,,,12,,1,5,,B03,120.565045,24.268316,3
2022,9,3,10,46,臺中市,西屯區,0,0,0,6,,,30,,,,,,,,,,,,,,,6,,,,,C03,,,1,,1,,,6,,1,22,,C03,120.644173,24.161403,3
2022,9,3,10,47,臺中市,后里區,0,0,0,6,1,5,50,3,2,1,4,4,5,6,2,1,1,4,4,1,14,12,,,,,B03,,,1,,2,,,12,,1,3,,B03,120.721728,24.306358,3
2022,9,3,10,50,臺中市,西區,0,0,0,,,,50,,,,,,,,,,,,,,,23,,,,,C03,,,1,,1,,,23,,1,5,,C03,120.66529,24.1443,3
2022,9,3,10,50,臺中市,北屯區,0,0,0,6,,,50,,,,,,,,,,,,,,,6,,,,,C03,,,1,,1,,,6,6,1,22,,C03,120.670735,24.178706,3
2022,9,3,10,50,臺中市,太平區,0,0,0,8,,,50,,,,,,,,,,,,,,,12,,,,,B03,,,1,,2,1,,12,12,1,22,,B03,120.711447,24.149394,3
2022,9,3,10,52,臺中市,南屯區,0,0,0,6,,,50,,,,,,,,,,,,,,,12,,,,,B12,,,1,,1,,,12,,1,22,,B12,120.648693,24.148825,3
2022,9,3,11,6,臺中市,大甲區,0,0,0,6,,,50,,,,,,,,,,,,,,,40,,,,,B03,,,1,,2,,,40,,1,21,,B03,120.620974,24.346478,3
2022,9,3,11,9,臺中市,豐原區,0,1,0,6,1,5,50,3,2,1,4,4,5,7,1,1,10,5,5,2,18,23,2,9,1,1,C03,7,9,1,10,2,14,,23,23,1,21,8,C03,120.719058,24.25799,2
2022,9,3,11,10,臺中市,北區,0,1,0,6,1,5,50,5,1,1,4,4,5,7,1,1,1,4,4,2,16,25,2,9,1,1,C03,7,9,1,10,2,11,12,25,25,1,5,5,C03,120.694338,24.153666,2
2022,9,3,11,10,臺中市,東區,0,0,0,6,,,50,,,,,,,,,,,,,,,23,,,,,B03,,,1,,2,,,23,,1,22,,B03,120.683075,24.134303,3
2022,9,3,11,10,臺中市,南屯區,0,0,0,6,,,50,,,,,,,,,,,,,,,23,,,,,B12,,,1,,1,,,23,,1,22,,B12,120.64757,24.124306,3
2022,9,3,11,14,臺中市,東區,0,3,0,6,1,5,30,4,1,1,4,4,5,7,4,4,10,5,5,2,15,42,2,9,1,1,C03,7,9,1,10,2,11,,42,42,1,22,8,C03,120.683761,24.134007,2
2022,9,3,11,14,臺中市,太平區,0,0,0,8,,,40,,,,,,,,,,,,,,,8,,,,,F01,,,8,,1,,,8,,1,20,,F01,120.716068,24.134273,3
2022,9,3,11,15,臺中市,外埔區,0,0,0,6,1,5,30,14,9,1,4,4,5,7,4,4,9,5,5,2,16,18,3,10,1,1,B03,7,3,1,14,2,6,,18,42,1,4,8,B03,120.640513,24.342188,3
2022,9,3,11,20,臺中市,西屯區,0,1,0,6,1,5,50,14,7,1,4,4,5,7,4,4,8,4,4,1,13,6,3,10,1,4,B03,7,6,1,8,2,3,,6,6,1,4,8,B03,120.666318,24.16997,2
2022,9,3,11,22,臺中市,潭子區,0,0,0,6,,,50,,,,,,,,,,,,,,,42,,,,,C03,,,1,,2,,,42,,1,22,,C03,120.673778,24.206871,3
2022,9,3,11,23,臺中市,南區,0,1,0,6,1,5,50,4,1,1,4,4,5,7,1,1,10,5,5,2,16,6,3,10,1,1,B03,7,6,1,8,2,2,,6,6,1,5,8,B03,120.666731,24.114148,2
2022,9,3,11,24,臺中市,東區,0,2,0,6,1,5,50,5,1,1,4,4,5,7,1,1,10,5,5,2,18,44,2,9,1,1,C03,7,9,1,10,2,15,,44,44,1,22,8,C03,120.693227,24.133338,2
2022,9,3,11,27,臺中市,南屯區,0,1,0,6,1,5,50,14,7,1,4,4,5,7,1,1,5,5,4,2,17,26,3,10,1,1,C03,7,5,1,10,2,11,,26,26,1,22,8,C03,120.636213,24.13436,2
2022,9,3,11,30,臺中市,北屯區,0,0,0,6,,,50,,,,,,,,,,,,,,,23,,,,,B03,,,1,,1,,,23,,1,21,,B03,120.72054,24.17847,3
2022,9,3,11,34,臺中市,北屯區,0,1,0,6,1,5,50,3,1,1,4,4,5,7,4,4,10,5,5,2,16,6,3,10,1,1,B03,7,5,1,8,2,7,,6,6,1,21,8,B03,120.722403,24.163811,2
2022,9,3,11,36,臺中市,豐原區,0,0,0,6,,,30,,,,,,,,,,,,,,,43,,,,,B03,,,1,,2,,,43,,1,21,,B03,120.701334,24.226246,4
2022,9,3,11,41,臺中市,西屯區,0,0,0,6,,,30,,,,,,,,,,,,,,,12,,,,,B12,,,1,,1,,,12,,1,22,,B12,120.645692,24.180464,3
2022,9,3,11,42,臺中市,西區,0,0,0,6,,,50,,,,,,,,,,,,,,,23,,,,,B02,,,1,,1,,,23,,1,22,,B02,120.667032,24.147872,3
2022,9,3,11,45,臺中市,北區,0,0,0,,,,50,,,,,,,,,,,,,,,23,,,,,B03,,,1,,2,,,23,,1,22,,B03,120.680976,24.163174,3
2022,9,3,11,45,臺中市,南屯區,0,0,0,6,,,50,,,,,,,,,,,,,,,23,,,,,B03,,,1,,1,,,23,,1,22,,B03,120.647191,24.124806,3
2022,9,3,11,51,臺中市,龍井區,0,1,0,7,1,5,30,4,1,1,5,4,5,7,4,4,10,5,5,2,16,6,3,10,1,1,B12,7,5,1,8,2,4,,6,6,1,10,4,B12,120.525433,24.206139,2
2022,9,3,11,57,臺中市,梧棲區,0,1,0,6,1,5,40,3,1,1,4,4,5,7,2,1,1,4,3,1,16,26,2,9,1,1,C03,7,11,1,10,2,14,,26,26,1,9,8,C03,120.542375,24.246999,2
2022,9,3,11,59,臺中市,南區,0,2,0,6,1,5,40,4,1,1,4,4,5,7,2,1,10,5,5,2,18,23,2,9,1,1,C03,7,9,1,10,2,14,,23,23,1,21,8,C03,120.679286,24.119037,2
2022,9,3,12,0,臺中市,北區,0,1,0,6,1,5,50,4,2,1,4,4,5,7,4,4,1,4,5,2,17,13,2,9,1,1,C03,7,4,3,18,2,11,,13,13,1,5,5,C03,120.69238,24.155856,2
2022,9,3,12,10,臺中市,西區,0,0,0,8,,,50,,,,,,,,,,,,,,,6,,,,,B03,,,1,,1,,,6,,1,22,,B03,120.660184,24.155275,3
2022,9,3,12,10,臺中市,西屯區,0,0,0,6,,,50,,,,,,,,,,,,,,,12,,,,,B03,,,1,,1,,,12,,1,4,,B03,120.60229,24.186431,3
2022,9,3,12,20,臺中市,北區,0,0,0,6,,,50,,,,,,,,,,,,,,,23,,,,,B03,,,1,,2,,,23,,1,22,,B03,120.680704,24.152399,3
2022,9,3,12,20,臺中市,南區,0,1,0,6,1,5,50,4,4,1,4,4,1,7,1,1,10,5,5,2,17,23,3,10,1,1,B03,7,9,1,8,1,1,,23,23,1,5,8,B03,120.666824,24.119158,2
2022,9,3,12,20,臺中市,東區,0,0,0,6,,,50,,,,,,,,,,,,,,,23,,,,,B03,,,1,,2,,,23,,1,22,,B03,120.685198,24.121843,3
2022,9,3,12,20,臺中市,梧棲區,0,0,0,7,1,5,60,4,2,1,5,4,5,7,1,1,1,4,4,1,13,23,3,10,1,1,B03,7,1,1,1,2,8,,23,23,1,9,8,B03,120.536422,24.250117,3
2022,9,3,12,21,臺中市,大甲區,0,0,0,8,,,50,,,,,,,,,,,,,,,16,,,,,B03,,,1,,1,,,16,,1,21,,B03,120.624676,24.361225,3
2022,9,3,12,24,臺中市,沙鹿區,0,1,0,7,1,5,50,4,1,1,5,4,5,7,1,1,10,5,5,2,15,25,3,10,1,1,B03,7,9,1,8,2,5,,25,25,1,20,9,B03,120.561319,24.242653,2
2022,9,3,12,31,臺中市,西屯區,0,0,0,6,,,50,,,,,,,,,,,,,,,7,,,,,B03,,,1,,2,,,7,,1,22,,B03,120.655294,24.168953,3
2022,9,3,12,33,臺中市,北區,0,1,0,6,1,5,50,4,1,1,4,4,5,7,4,4,10,5,5,2,15,6,2,9,1,1,C03,7,9,1,10,2,12,,6,6,1,22,9,C03,120.680996,24.153491,2
2022,9,3,12,33,臺中市,北區,0,0,0,,,,50,,,,,,,,,,,,,,,16,,,,,B12,,,1,,10,,,16,,1,22,,B12,120.684805,24.160628,3
2022,9,3,12,34,臺中市,豐原區,0,1,0,6,1,5,50,4,9,1,4,4,4,7,4,4,3,5,5,2,16,6,3,10,3,4,B03,7,6,1,8,2,1,,6,6,1,22,8,B03,120.73662,24.262822,2
2022,9,3,12,43,臺中市,南屯區,0,0,0,6,,,50,,,,,,,,,,,,,,,19,,,,,B03,,,1,,1,,,19,,1,22,,B03,120.648641,24.151606,3
2022,9,3,12,50,臺中市,南屯區,0,1,0,6,1,5,50,3,7,1,4,4,5,7,4,4,1,4,5,2,16,6,3,10,1,1,B03,7,6,1,8,2,8,,6,6,1,22,9,B03,120.646944,24.154444,2
2022,9,3,12,51,臺中市,大肚區,0,0,0,,,,50,,,,,,,,,,,,,,,23,,,,,C03,,,1,,2,,,23,,1,5,,C03,120.576976,24.118668,4
2022,9,3,12,54,臺中市,西區,0,0,0,8,,,60,,,,,,,,,,,,,,,23,,,,,B03,,,1,,2,,,23,23,1,22,,B03,120.673517,24.147762,3
2022,9,3,13,3,臺中市,太平區,0,1,0,6,1,5,50,5,1,1,4,4,5,7,3,1,10,5,5,2,17,23,3,10,1,1,C03,7,9,1,10,2,11,,23,23,1,18,8,C03,120.721091,24.122225,2
2022,9,3,13,5,臺中市,潭子區,0,1,0,6,1,5,60,3,1,1,4,4,3,6,1,1,10,5,5,2,16,6,3,10,1,1,B03,7,6,1,8,2,2,,6,6,1,22,8,B03,120.702196,24.189927,2
2022,9,3,13,5,臺中市,北區,0,0,0,6,1,5,50,4,1,1,4,4,5,7,1,1,1,4,4,2,16,25,3,10,1,1,B03,7,5,1,8,2,8,,25,25,1,5,5,B03,120.674617,24.162996,3
2022,9,3,13,10,臺中市,西屯區,0,0,0,8,,,40,,,,,,,,,,,,,,,23,,,,,C03,,,4,,1,,,23,,1,21,,C03,120.635003,24.160488,3
2022,9,3,13,14,臺中市,沙鹿區,0,1,0,6,1,5,30,5,1,1,4,4,5,7,4,4,10,5,5,2,15,6,3,10,1,1,C03,7,9,3,18,2,11,,6,6,1,9,8,C03,120.571739,24.226467,2
2022,9,3,13,15,臺中市,北區,0,1,0,6,1,5,50,5,2,1,4,4,5,7,2,1,5,4,4,1,15,25,3,10,3,4,B01,7,9,1,4,2,5,,25,25,1,22,9,B01,120.677005,24.165436,2
2022,9,3,13,19,臺中市,西區,0,0,0,6,,,50,,,,,,,,,,,,,,,16,,,,,A12,,,1,,1,,,16,,1,5,,A12,120.657025,24.153121,4
2022,9,3,13,23,臺中市,西屯區,0,0,0,6,,,50,,,,,,,,,,,,,,,10,,,,,B03,,,1,,1,,,10,,1,22,,B03,120.635187,24.179459,3
2022,9,3,13,26,臺中市,北區,0,1,0,6,1,5,50,4,2,1,4,4,5,7,2,1,5,4,4,1,3,23,3,10,3,4,B03,7,9,1,8,2,8,,23,23,1,22,9,B03,120.682687,24.167028,2
2022,9,3,13,27,臺中市,沙鹿區,0,0,1,7,1,5,30,4,1,1,5,4,5,7,4,4,10,5,5,2,17,6,5,1,1,1,C03,7,9,1,10,2,11,,6,6,1,11,9,C03,120.55005,24.217088,2
2022,9,3,13,30,臺中市,西屯區,0,0,0,8,,,80,,,,,,,,,,,,,,,23,,,,,B03,,,1,,1,,,23,,1,21,,B03,120.629226,24.164109,3
2022,9,3,13,31,臺中市,大肚區,0,1,0,7,1,5,50,14,9,1,5,4,5,7,4,4,5,4,4,2,12,10,3,10,1,1,B03,7,11,1,8,2,1,,10,10,1,21,8,B03,120.544694,24.152964,2
2022,9,3,13,33,臺中市,東區,0,1,0,6,1,5,50,5,1,1,4,4,5,7,1,1,10,5,5,2,18,23,2,9,1,1,C03,7,9,1,10,2,12,,23,23,1,5,8,C03,120.696951,24.142767,2
2022,9,3,13,40,臺中市,西屯區,0,2,0,6,1,5,50,4,1,1,4,4,5,7,1,1,8,4,4,1,16,4,2,9,1,4,C03,7,5,1,10,2,14,,4,4,1,4,8,C03,120.662748,24.168085,2
2022,9,3,13,51,臺中市,北屯區,0,0,0,6,,,50,,,,,,,,,,,,,,,25,,,,,C03,,,1,,2,,,25,,1,22,,C03,120.722795,24.169728,3
2022,9,3,14,0,臺中市,西屯區,0,1,0,6,1,5,50,4,1,1,4,4,5,7,1,1,10,5,5,2,16,6,3,10,3,4,B03,7,6,1,8,1,6,,6,6,1,22,8,B03,120.644265,24.161653,2
2022,9,3,14,0,臺中市,沙鹿區,0,0,0,8,,,60,,,,,,,,,,,,,,,16,,,,,B12,,,1,,2,,,16,,1,4,,B12,120.564675,24.239616,3
2022,9,3,14,6,臺中市,北區,0,1,0,6,1,5,50,4,1,1,4,4,5,7,1,3,10,5,5,2,15,6,3,10,1,1,B03,7,9,1,8,2,5,,6,6,1,22,9,B03,120.679461,24.153583,2
2022,9,3,14,13,臺中市,潭子區,0,0,0,6,1,5,50,14,8,1,4,4,5,7,4,4,1,4,4,1,16,6,,,,,B03,,,1,,2,,,6,,1,22,,B03,120.710124,24.235728,3
2022,9,3,14,17,臺中市,西區,0,0,0,6,,,50,,,,,,,,,,,,,,,19,,,,,B03,,,1,,1,,,19,19,1,22,,B03,120.665072,24.133888,3
2022,9,3,14,17,臺中市,西區,0,0,0,6,,,40,,,,,,,,,,,,,,,23,,,,,B03,,,1,,1,,,23,,1,22,,B03,120.669434,24.151035,3
2022,9,3,14,30,臺中市,西屯區,0,0,0,8,,,40,,,,,,,,,,,,,,,6,,,,,B03,,,1,,1,,,6,,1,21,,B03,120.658403,24.192706,3
2022,9,3,14,40,臺中市,沙鹿區,0,1,0,8,1,5,30,14,9,1,5,4,5,1,4,4,10,5,5,2,10,42,3,10,1,1,B03,7,9,1,8,2,8,,42,42,1,4,8,B03,120.570954,24.239296,2
2022,9,3,14,47,臺中市,龍井區,0,0,0,6,,,50,,,,,,,,,,,,,,,12,,,,,B12,,,1,,2,,,12,,1,21,,B12,120.58935,24.180725,3
2022,9,3,15,1,臺中市,西區,0,0,0,8,,,50,,,,,,,,,,,,,,,42,,,,,B03,,,1,8,1,,,42,42,1,5,,B03,120.655135,24.140024,3