年,月,日,時,分,縣市,區,死,受傷,2-30,天候,光線,道路類別,速限,道路型態,事故位置,路面鋪裝,路面狀態,路面缺陷,障礙物,視距,號誌種類,號誌動作,分向設施,快車道或一般車道間,快慢車道間,路面邊線,事故類型及型態,主要肇因,受傷程度,主要傷處,保護裝備,行動電話,當事者區分,車輛用途,當事者行動狀態,駕駛資格情形,駕駛執照種類,飲酒情形,車輛撞擊部位最初,車輛撞擊部位其他,肇事因素個別,肇事因素主要,肇事逃逸,職業,旅次目的,車種,GPS緯度,GPS經度,事故類別
2022,9,4,13,39,臺中市,北區,0,0,0,8,,,40,,,,,,,,,,,,,,,23,,,,,B03,,,1,,2,,,44,23,1,22,,B03,120.68245,24.14864,3
2022,9,4,13,40,臺中市,沙鹿區,0,0,0,8,,,50,,,,,,,,,,,,,,,23,,,,,B03,,,1,,2,,,23,,1,21,,B03,120.578696,24.221269,3
2022,9,4,13,44,臺中市,后里區,0,0,0,6,1,5,50,4,1,1,5,4,5,7,3,1,10,5,5,1,15,6,,,,,B03,,,1,,2,,,6,,1,22,,B03,120.710103,24.308991,3
2022,9,4,13,46,臺中市,西屯區,0,1,0,8,1,5,30,4,1,1,5,4,5,7,4,4,10,5,5,2,15,6,3,10,1,1,B03,7,9,1,8,2,6,,6,6,1,22,8,B03,120.662053,24.167591,2
2022,9,4,13,48,臺中市,西屯區,0,1,0,8,1,5,50,4,1,1,5,4,5,7,1,1,5,4,4,2,16,6,3,10,1,1,B03,7,5,1,8,2,5,,6,6,1,22,8,B03,120.637143,24.17248,2
2022,9,4,13,58,臺中市,大里區,0,1,0,8,1,5,50,14,9,1,5,4,5,7,4,4,5,5,5,1,16,19,3,10,3,4,B03,7,1,1,8,2,8,,19,19,1,22,9,B03,120.689207,24.107352,2
2022,9,4,14,10,臺中市,西屯區,0,2,0,8,1,5,50,4,1,1,5,4,5,7,3,1,10,5,5,2,17,7,2,9,1,1,C03,7,8,1,10,2,12,,7,7,1,21,8,C03,120.621434,24.172968,2
2022,9,4,14,10,臺中市,太平區,0,1,0,8,1,5,50,3,1,1,5,4,5,7,1,1,10,5,5,2,17,19,3,10,1,1,B03,7,1,1,8,2,5,,19,19,1,19,8,B03,120.716187,24.133508,2
2022,9,4,14,10,臺中市,大甲區,0,0,0,8,,,50,,,,,,,,,,,,,,,8,,,,,C03,,,3,,1,,,8,,1,21,,C03,120.632433,24.34604,3
2022,9,4,14,10,臺中市,神岡區,0,1,0,8,1,5,50,3,2,1,5,4,5,7,4,4,5,5,5,1,17,26,3,10,3,2,B03,7,9,1,8,2,8,,26,26,1,22,9,B03,120.653778,24.271688,2
2022,9,4,14,11,臺中市,潭子區,0,1,0,8,1,5,50,14,7,1,5,4,5,7,4,4,5,4,4,2,16,10,3,10,1,1,B03,7,11,1,8,2,5,,10,10,1,22,9,B03,120.702468,24.211768,2
2022,9,4,14,16,臺中市,太平區,0,0,0,8,1,5,50,3,9,1,4,4,5,7,4,4,5,5,5,1,13,23,3,10,1,1,B03,7,9,1,8,2,1,,23,23,1,22,8,B03,120.722649,24.133452,3
2022,9,4,14,39,臺中市,西屯區,0,0,0,8,,,50,,,,,,,,,,,,,,,10,,,,,B03,,,1,,1,,,10,,1,22,,B03,120.636253,24.170006,3
2022,9,4,14,51,臺中市,太平區,0,0,0,8,,,50,,,,,,,,,,,,,,,19,,,,,B02,,,1,,1,,,19,,1,21,,B02,120.713341,24.149452,3
2022,9,4,14,51,臺中市,豐原區,0,1,0,7,1,5,40,14,7,1,5,4,5,7,1,1,5,4,4,2,12,7,2,9,1,1,C04,7,7,1,10,2,15,,7,7,1,22,8,C04,120.708686,24.25216,2
2022,9,4,14,52,臺中市,東區,0,1,0,8,1,5,50,4,1,1,5,4,5,7,1,1,10,5,5,2,13,13,2,9,1,1,C03,7,9,1,10,2,11,,13,13,1,5,8,C03,120.688291,24.130905,2
2022,9,4,14,54,臺中市,北屯區,0,0,0,,,,50,,,,,,,,,,,,,,,23,,,,,B03,,,1,,1,,,23,,1,22,,B03,120.695948,24.165029,3
2022,9,4,14,58,臺中市,西屯區,0,0,0,8,,,50,,,,,,,,,,,,,,,17,,,,,B03,,,1,,1,,,17,,1,22,,B03,120.659073,24.201051,3
2022,9,4,14,58,臺中市,太平區,0,1,0,7,1,5,40,11,9,1,4,4,5,7,4,4,5,5,5,1,17,26,2,9,1,1,C03,7,9,3,18,2,14,,26,26,1,5,8,C03,120.80864,24.09767,2
2022,9,4,15,11,臺中市,大雅區,0,1,0,8,1,5,50,14,8,1,5,4,5,7,4,4,1,4,4,1,16,9,3,10,1,1,B03,7,6,3,18,2,2,,9,9,1,22,9,B03,120.637088,24.234119,2
2022,9,4,15,13,臺中市,西屯區,0,0,0,8,,,50,,,,,,,,,,,,,,,23,,,,,B03,,,1,,2,,,23,,1,22,,B03,120.635119,24.177216,3
2022,9,4,15,14,臺中市,北區,0,0,0,8,,,50,,,,,,,,,,,,,,,16,,,,,C03,,,1,,1,,,16,,1,22,,C03,120.671268,24.173885,3
2022,9,4,15,21,臺中市,南區,0,1,0,8,1,5,50,4,1,1,5,4,5,7,1,1,5,4,4,2,16,9,3,10,1,1,B03,7,6,3,18,2,2,,9,9,1,22,8,B03,120.680186,24.128993,2
2022,9,4,15,21,臺中市,東區,0,0,0,,,,50,,,,,,,,,,,,,,,23,,,,,C03,,,1,,2,,,23,,1,22,,C03,120.690086,24.135819,3
2022,9,4,15,25,臺中市,東區,0,1,0,8,1,5,50,4,1,1,5,4,5,7,4,4,10,5,5,2,17,42,2,9,1,1,C03,7,9,1,10,11,12,,42,42,1,22,8,C03,120.683493,24.13463,2
2022,9,4,15,32,臺中市,西屯區,0,0,0,8,,,40,,,,,,,,,,,,,,,19,,,,,B03,,,1,,2,,,19,,1,12,,B03,120.654528,24.161992,3
2022,9,4,15,32,臺中市,豐原區,0,0,0,8,,,50,,,,,,,,,,,,,,,16,,,,,B03,,,1,,2,,,16,16,1,21,,B03,120.720656,24.25887,3
2022,9,4,15,37,臺中市,太平區,0,0,0,,,,50,,,,,,,,,,,,,,,23,,,,,B03,,,1,,1,,,23,,1,21,,B03,120.710557,24.139459,3
2022,9,4,15,46,臺中市,太平區,0,0,0,8,,,50,,,,,,,,,,,,,,,23,,,,,C03,,,1,,1,,,23,,1,21,,C03,120.720005,24.157324,3
2022,9,4,15,46,臺中市,豐原區,0,0,0,8,,,50,,,,,,,,,,,,,,,17,,,,,B12,,,1,,9,,,17,17,1,21,,B12,120.72078,24.253139,3
2022,9,4,15,47,臺中市,豐原區,0,1,0,6,1,5,50,14,9,1,4,4,5,7,1,1,5,4,4,1,18,42,2,9,1,1,C03,7,5,1,10,2,15,,42,42,1,21,8,C03,120.728188,24.244336,2
2022,9,4,15,57,臺中市,太平區,0,1,0,8,1,5,50,5,1,1,5,4,5,7,3,1,10,5,5,2,15,6,2,9,1,1,C03,7,9,1,10,2,11,,6,6,1,21,8,C03,120.721091,24.122225,2
2022,9,4,15,58,臺中市,東勢區,0,1,0,7,1,5,50,4,1,1,5,4,5,7,3,1,4,3,5,1,16,6,3,10,1,1,B03,7,6,1,8,2,2,,6,6,1,22,9,B03,120.837525,24.244955,2
2022,9,4,16,0,臺中市,大雅區,0,2,0,8,1,5,50,3,1,1,5,4,5,7,1,1,3,5,5,1,16,25,2,9,1,1,C03,7,9,1,10,2,12,,25,25,1,22,8,C03,120.67339,24.240044,2
2022,9,4,16,3,臺中市,豐原區,0,1,0,6,1,5,30,11,9,1,4,4,5,1,4,4,10,5,5,1,11,14,2,9,1,1,C03,7,9,3,18,2,12,,14,14,1,22,8,C03,120.747303,24.262541,2
2022,9,4,16,10,臺中市,西屯區,0,1,0,8,1,5,50,3,1,1,5,4,5,7,4,4,5,4,5,2,16,6,3,10,1,1,B03,7,5,1,8,2,5,,6,6,1,22,8,B03,120.60629,24.189066,2
2022,9,4,16,15,臺中市,南區,0,1,0,8,1,5,50,3,2,1,5,4,5,7,4,4,5,4,5,2,11,6,3,10,1,4,B03,7,11,1,8,2,8,,6,6,1,21,8,B03,120.653475,24.123817,2
2022,9,4,16,19,臺中市,東區,0,1,0,7,1,5,50,4,1,1,5,4,5,7,1,1,10,5,5,2,13,23,3,10,1,1,B03,7,9,1,8,2,1,,23,23,1,22,9,B03,120.707948,24.144691,2
2022,9,4,16,19,臺中市,神岡區,0,1,0,8,1,5,50,4,2,1,5,4,5,7,3,1,5,5,5,1,21,21,2,9,3,4,F03,7,9,8,20,8,16,,21,21,1,22,9,F03,120.680891,24.267098,2
2022,9,4,16,20,臺中市,太平區,0,0,0,8,,,40,,,,,,,,,,,,,,,26,,,,,B12,,,1,,2,,,26,,1,5,,B12,120.751807,24.121875,3
2022,9,4,16,34,臺中市,南區,0,2,0,8,1,5,50,14,8,1,5,4,5,7,4,4,1,4,4,2,11,4,2,9,1,1,C03,7,9,3,18,2,11,,4,4,1,22,8,C03,120.661819,24.130996,2
2022,9,4,16,48,臺中市,大雅區,0,0,0,8,,,30,,,,,,,,,,,,,,,23,,,,,B03,,,1,,2,,,23,,1,22,,B03,120.6452,24.22529,3
2022,9,4,16,50,臺中市,大肚區,0,2,0,8,1,5,70,14,7,1,5,4,5,7,4,4,1,4,4,1,12,7,2,9,1,1,C03,7,7,1,10,4,11,,7,7,1,21,8,C03,120.551953,24.136494,2
2022,9,4,16,52,臺中市,西區,0,1,0,8,1,5,50,3,1,1,5,4,5,7,4,4,5,4,5,2,16,26,3,10,1,1,B03,7,5,1,8,2,5,,26,26,1,22,9,B03,120.656751,24.150871,2
2022,9,4,16,53,臺中市,太平區,0,0,0,8,,,50,,,,,,,,,,,,,,,12,,,,,B03,,,1,,2,,,12,,1,5,,B03,120.723283,24.145008,3
2022,9,4,16,53,臺中市,太平區,0,0,0,8,,,50,,,,,,,,,,,,,,,12,,,,,B03,,,1,,1,,,12,,1,21,,B03,120.70924,24.112657,3
2022,9,4,16,55,臺中市,西區,0,0,0,8,,,40,,,,,,,,,,,,,,,16,,,,,C03,,,1,,1,,,16,,1,18,,C03,120.673079,24.147128,3
2022,9,4,16,59,臺中市,沙鹿區,0,3,0,8,1,5,30,14,9,1,5,4,5,7,4,4,10,5,5,2,3,23,2,9,1,1,C03,7,9,1,10,2,11,,23,23,1,18,8,C03,120.572103,24.217947,2
2022,9,4,17,12,臺中市,西屯區,0,1,0,8,1,5,50,4,2,1,5,4,5,7,1,1,5,4,5,2,12,26,3,10,3,4,C03,7,7,1,10,2,14,,26,26,1,22,8,C03,120.623946,24.194048,2
2022,9,4,17,14,臺中市,北區,0,1,0,8,1,5,50,14,9,1,5,4,5,7,4,4,9,5,5,2,2,23,3,10,1,1,B03,7,9,1,8,2,5,,23,23,1,22,9,B03,120.685298,24.150026,2
2022,9,4,17,15,臺中市,東區,0,1,0,8,1,5,50,4,1,1,5,4,5,7,1,1,10,5,5,2,17,6,3,10,1,1,B03,7,5,1,8,2,5,,6,6,1,22,8,B03,120.689699,24.1328,2
2022,9,4,17,33,臺中市,太平區,0,1,0,8,2,5,40,3,1,1,5,4,5,7,1,1,10,5,5,2,16,33,3,10,1,1,C03,7,9,1,10,2,15,,33,33,1,5,8,C03,120.712824,24.149874,2
2022,9,4,17,52,臺中市,太平區,0,0,0,8,,,50,,,,,,,,,,,,,,,23,,,,,B03,,,1,,1,,,23,23,1,21,,B03,120.721693,24.12903,3
2022,9,4,18,10,臺中市,東區,0,2,0,8,3,5,50,4,2,1,5,4,5,7,2,1,5,2,5,2,13,23,2,9,1,1,C03,7,9,1,10,2,11,,23,23,1,22,8,C03,120.69681,24.139493,2
2022,9,4,18,17,臺中市,豐原區,0,1,0,8,3,5,30,3,1,1,5,4,5,7,4,4,10,5,5,2,16,6,2,8,1,1,C03,7,5,1,10,2,14,,6,6,1,7,8,C03,120.717775,24.235757,2
2022,9,4,18,23,臺中市,太平區,0,0,0,8,,,50,,,,,,,,,,,,,,,42,,,,,C03,,,1,,1,,,42,,1,18,,C03,120.717912,24.153318,3
2022,9,4,18,27,臺中市,大甲區,0,0,0,,,,50,,,,,,,,,,,,,,,12,,,,,B03,,,1,,4,,,12,12,1,21,,B03,120.652676,24.389106,3
2022,9,4,18,30,臺中市,東區,0,1,0,8,1,5,50,4,1,1,4,4,5,7,1,1,10,5,5,2,16,6,3,10,1,1,B03,7,6,1,8,2,5,,6,6,1,22,8,B03,120.70648,24.136647,2
2022,9,4,18,30,臺中市,西屯區,0,1,0,8,3,5,40,3,1,1,5,4,5,7,4,4,1,5,3,2,16,6,3,10,1,1,B03,7,6,1,8,2,2,,6,6,1,4,8,B03,120.615038,24.183432,2
2022,9,4,18,39,臺中市,潭子區,0,1,0,7,3,5,30,14,9,1,5,4,5,7,4,4,10,5,5,1,13,23,3,10,1,1,B03,7,9,1,8,2,5,,23,23,1,22,9,B03,120.715175,24.204527,2
2022,9,4,18,41,臺中市,太平區,0,0,0,8,3,5,50,4,2,1,5,4,5,7,1,1,9,4,5,1,16,21,3,10,1,1,F03,7,9,6,18,8,11,,21,21,1,4,8,F03,120.720111,24.118799,3
2022,9,4,18,41,臺中市,神岡區,0,1,0,8,4,5,60,5,1,1,5,4,5,7,1,1,10,5,5,2,17,25,3,10,3,4,B03,7,5,1,8,2,6,,25,25,1,22,9,B03,120.694618,24.232781,2
2022,9,4,18,42,臺中市,北區,0,1,0,8,3,5,50,3,1,1,5,4,5,7,4,4,10,5,5,2,17,10,3,10,1,1,B03,7,11,1,8,2,4,,10,10,1,22,8,B03,120.67111,24.171649,2
2022,9,4,18,42,臺中市,清水區,0,1,0,8,3,5,50,4,1,1,5,4,5,7,1,1,10,5,5,2,3,15,3,10,1,1,B03,7,5,1,8,2,8,,15,15,1,21,8,B03,120.575374,24.268685,2
2022,9,4,18,44,臺中市,北區,0,0,0,8,,,50,,,,,,,,,,,,,,,23,,,,,C03,,,1,,2,,,23,,1,22,,C03,120.685758,24.14349,3
2022,9,4,18,48,臺中市,西屯區,0,2,0,8,3,5,50,3,1,1,5,4,5,7,4,4,10,5,5,2,12,6,3,10,1,1,B03,7,6,1,8,2,2,,6,6,1,22,8,B03,120.641205,24.162098,2
2022,9,4,18,51,臺中市,豐原區,0,0,0,8,,,30,,,,,,,,,,,,,,,17,,,,,B03,,,1,,2,,,17,,1,19,,B03,120.747947,24.23199,3
2022,9,4,19,12,臺中市,北區,0,0,0,8,,,50,,,,,,,,,,,,,,,12,,,,,B03,,,1,,2,,,12,,1,22,,B03,120.697112,24.160737,3
2022,9,4,19,19,臺中市,北區,0,2,0,6,3,5,50,3,1,1,4,4,5,7,4,4,3,5,5,2,12,6,3,10,1,1,B03,7,6,1,8,2,2,,6,6,1,22,8,B03,120.685128,24.162429,2
2022,9,4,19,19,臺中市,北屯區,0,0,0,8,,,40,,,,,,,,,,,,,,,19,,,,,B03,,,1,,1,,,19,,1,21,,B03,120.690479,24.174007,3
2022,9,4,19,46,臺中市,西屯區,0,2,0,8,3,5,50,14,9,1,5,4,5,7,4,4,9,5,5,2,29,67,,,,,,,,,,,,,67,67,1,,,,120.63801,24.178956,2
2022,9,4,19,48,臺中市,霧峰區,0,0,0,8,,,60,,,,,,,,,,,,,,,8,,,,,C03,,,3,,6,,,8,,1,18,,C03,120.691926,24.042729,3
2022,9,4,19,57,臺中市,大甲區,0,0,0,8,,,50,,,,,,,,,,,,,,,6,,,,,B03,,,3,,2,,,6,,1,22,,B03,120.646151,24.404363,3
2022,9,4,20,14,臺中市,西屯區,0,0,0,8,,,50,,,,,,,,,,,,,,,10,,,,,C03,,,1,,2,,,10,,1,22,,C03,120.623928,24.193966,3
2022,9,4,20,15,臺中市,南屯區,0,0,0,8,1,5,50,14,9,1,5,4,5,7,4,4,1,4,5,2,17,23,3,10,1,1,C03,7,9,3,18,2,11,,23,23,1,22,8,C03,120.641992,24.14113,3
2022,9,4,20,22,臺中市,西屯區,0,0,0,,,,50,,,,,,,,,,,,,,,23,,,,,A05,,,1,,2,,,23,,1,22,,A05,120.616436,24.180608,3
2022,9,4,20,46,臺中市,南區,0,1,0,8,3,5,50,14,9,1,5,4,5,7,4,4,5,4,5,2,13,16,3,10,1,4,B03,7,9,1,8,2,1,,16,16,1,21,8,B03,120.653723,24.12287,2
2022,9,4,20,48,臺中市,太平區,0,1,0,8,3,5,50,3,2,1,5,4,5,7,4,4,5,4,5,2,1,23,3,10,1,1,C03,7,9,1,10,2,11,,23,23,1,18,7,C03,120.707296,24.129066,2
2022,9,4,20,48,臺中市,梧棲區,0,3,0,8,3,5,70,14,7,1,5,4,5,7,4,4,1,4,4,1,17,23,2,8,1,1,B03,7,9,1,8,2,1,,23,23,1,10,8,B03,120.549443,24.245216,2
2022,9,4,21,4,臺中市,梧棲區,0,1,0,8,3,5,50,14,9,1,5,4,5,7,4,4,5,5,5,2,26,4,2,9,1,1,C03,7,9,1,10,8,14,,4,4,1,9,8,C03,120.536696,24.255488,2
2022,9,4,21,26,臺中市,潭子區,0,0,0,8,,,60,,,,,,,,,,,,,,,42,,,,,A11,,,1,,2,,,42,,1,22,,A11,120.705095,24.215996,3
2022,9,4,21,34,臺中市,沙鹿區,0,1,0,8,3,5,60,5,7,1,5,4,5,7,4,4,1,4,4,1,16,23,3,10,1,1,B03,7,5,1,8,2,4,,23,23,1,21,8,B03,120.569793,24.238383,2
2022,9,4,21,58,臺中市,西屯區,0,1,0,8,3,5,50,4,1,1,5,4,5,7,1,1,9,4,4,2,16,6,3,10,1,1,B03,7,5,1,8,2,6,,6,6,1,12,8,B03,120.664845,24.178121,2
2022,9,4,22,15,臺中市,北屯區,0,1,0,8,3,5,50,4,2,1,5,4,5,7,4,4,10,5,5,2,17,23,2,9,1,1,C03,7,9,1,10,2,11,,23,23,1,21,8,C03,120.7039,24.169515,2
2022,9,4,22,44,臺中市,霧峰區,0,0,0,8,,,30,,,,,,,,,,,,,,,10,,,,,B03,,,1,,2,,,10,10,1,4,,B03,120.709557,24.071556,3
2022,9,4,22,48,臺中市,北屯區,0,2,0,8,3,5,50,4,1,1,5,4,5,7,4,4,10,5,5,2,15,6,2,9,1,1,C03,7,9,1,10,2,11,,6,6,1,22,8,C03,120.68765,24.171413,2
2022,9,4,22,51,臺中市,北區,0,0,0,,,,50,,,,,,,,,,,,,,,16,,,,,C03,,,1,,2,,,16,,1,5,,C03,120.684008,24.149277,3
2022,9,4,23,0,臺中市,南屯區,0,1,0,8,3,5,50,4,1,1,5,4,5,7,2,1,10,5,5,2,16,27,3,10,1,1,B02,7,6,1,8,2,2,,27,27,1,22,9,B02,120.623695,24.149556,2
2022,9,4,23,0,臺中市,西屯區,0,1,0,8,3,5,40,14,8,1,5,4,5,7,4,4,1,1,1,2,18,43,2,9,1,1,C03,7,9,1,10,2,14,,43,43,1,22,8,C03,120.649575,24.163046,2
2022,9,4,23,35,臺中市,北區,0,2,0,8,3,5,50,4,2,1,5,4,5,7,1,1,10,5,5,2,16,8,2,9,1,1,C03,7,5,1,10,2,11,,8,8,1,20,8,C03,120.671995,24.171687,2
2022,9,4,23,52,臺中市,北區,0,2,0,8,3,5,50,4,1,1,5,4,5,7,1,1,10,5,5,2,16,6,2,9,1,1,C03,7,5,1,10,2,14,,6,6,1,22,9,C03,120.678348,24.16697,2
2022,9,5,4,35,臺中市,北屯區,0,0,0,8,,,50,,,,,,,,,,,,,,,23,,,,,B03,,,1,,2,,,23,,1,5,,B03,120.673208,24.17458,3
2022,9,5,5,43,臺中市,大里區,0,1,0,8,1,5,50,4,2,1,5,4,5,7,2,1,5,4,4,1,17,23,2,8,1,1,C02,7,9,4,10,8,14,,23,23,1,5,8,C02,120.690625,24.11194,2
2022,9,5,6,20,臺中市,西屯區,0,2,0,8,1,5,50,4,9,1,5,4,5,7,2,1,1,3,5,1,13,23,2,9,1,1,C03,7,9,1,10,2,11,,23,23,1,22,8,C03,120.637546,24.185697,2
2022,9,5,6,35,臺中市,北屯區,0,1,0,8,1,5,50,4,1,1,5,4,5,7,3,1,5,5,5,2,3,15,3,10,1,1,C03,7,9,4,8,2,11,,15,15,1,22,8,C03,120.667027,24.185064,2
2022,9,5,6,58,臺中市,東勢區,0,2,0,8,1,5,50,4,1,1,5,4,5,7,1,1,5,5,5,1,16,6,3,10,1,1,B03,7,5,1,8,2,1,,6,6,1,22,8,B03,120.826325,24.260256,2
2022,9,5,7,10,臺中市,潭子區,0,0,0,8,,,50,,,,,,,,,,,,,,,10,,,,,B03,,,1,,2,,,10,,1,22,,B03,120.705557,24.22581,3
2022,9,5,7,11,臺中市,豐原區,0,0,0,8,,,60,,,,,,,,,,,,,,,7,,,,,B03,,,1,,2,,,7,7,1,21,,B03,120.703361,24.238383,3
2022,9,5,7,12,臺中市,東區,0,2,0,8,1,5,50,4,1,1,5,4,5,7,2,1,10,5,5,2,16,6,2,9,1,1,C03,7,5,1,10,2,12,,6,6,1,21,8,C03,120.687658,24.138076,2
2022,9,5,7,13,臺中市,西屯區,0,1,0,8,1,5,50,14,9,1,5,4,5,7,4,4,9,5,5,2,16,19,3,10,1,1,B03,7,1,1,8,2,7,,19,19,1,22,8,B03,120.622665,24.186506,2
2022,9,5,7,16,臺中市,西屯區,0,1,0,8,1,5,50,4,1,1,5,4,5,7,1,1,10,5,5,2,17,6,3,10,1,1,C03,7,6,1,10,2,12,,6,6,1,21,8,C03,120.621394,24.172915,2
2022,9,5,7,21,臺中市,北屯區,0,0,0,8,,,50,,,,,,,,,,,,,,,42,,,,,B03,,,1,,2,,,42,,1,21,,B03,120.684071,24.201346,3
2022,9,5,7,22,臺中市,潭子區,0,0,0,8,,,50,,,,,,,,,,,,,,,8,,,,,B03,,,1,,2,,,8,,1,22,,B03,120.724685,24.203885,3
2022,9,5,7,25,臺中市,梧棲區,0,1,0,8,1,5,50,4,1,1,5,4,5,7,2,1,10,5,5,2,16,6,3,10,1,1,C03,7,6,1,10,2,12,,6,6,1,11,8,C03,120.531967,24.228818,2
2022,9,5,7,27,臺中市,北屯區,0,0,0,8,,,50,,,,,,,,,,,,,,,26,,,,,C03,,,1,,1,,,26,26,1,21,,C03,120.692566,24.180268,3
2022,9,5,7,30,臺中市,沙鹿區,0,1,0,8,1,5,50,14,9,1,5,4,5,7,4,4,9,5,5,2,14,12,3,10,1,1,B03,7,2,1,8,2,3,,12,12,1,21,8,B03,120.578635,24.217956,2
2022,9,5,7,35,臺中市,南屯區,0,2,0,8,1,5,40,4,1,1,5,4,5,7,2,1,10,5,5,2,13,16,2,8,1,1,C03,7,9,1,10,2,11,,16,16,1,22,9,C03,120.623734,24.149314,2
2022,9,5,7,39,臺中市,梧棲區,0,0,0,8,,,50,,,,,,,,,,,,,,,10,,,,,B03,,,1,,2,,,10,,1,2,,B03,120.532184,24.262145,3
2022,9,5,7,42,臺中市,北屯區,0,1,0,8,1,5,50,4,1,1,5,4,5,7,1,1,1,4,5,2,17,26,2,9,1,1,C03,7,11,1,10,2,14,,26,26,1,21,8,C03,120.671128,24.200591,2
2022,9,5,7,44,臺中市,北屯區,0,1,0,8,1,5,50,4,1,1,5,4,5,7,2,1,10,5,5,2,15,25,3,10,1,1,B02,7,9,1,8,2,6,,25,25,1,21,8,B02,120.703746,24.164778,2
2022,9,5,7,45,臺中市,北屯區,0,1,0,8,1,5,50,4,1,1,5,4,5,7,4,4,10,5,5,2,15,6,2,9,1,1,C03,7,9,1,10,2,12,,6,6,1,21,8,C03,120.707829,24.181319,2
2022,9,5,7,49,臺中市,西屯區,0,1,0,8,1,5,30,3,1,1,5,4,5,7,4,4,10,5,5,2,16,6,3,10,1,1,B03,7,5,1,8,2,1,,6,6,1,22,8,B03,120.615355,24.183916,2
2022,9,5,7,50,臺中市,大雅區,0,0,0,8,,,50,,,,,,,,,,,,,,,17,,,,,A11,,,1,,2,,,17,17,1,22,,A11,120.649809,24.213705,3
2022,9,5,7,53,臺中市,烏日區,0,1,0,8,1,5,50,4,1,1,5,4,5,7,1,1,1,4,4,1,11,8,3,10,1,1,B12,7,5,1,8,2,5,1,8,8,1,21,8,B12,120.618112,24.105697,2
2022,9,5,7,54,臺中市,西屯區,0,2,0,8,1,5,50,14,9,1,5,4,5,7,4,4,1,4,5,2,16,7,2,8,3,4,C03,7,10,1,10,2,12,,7,7,1,22,8,C03,120.639209,24.174786,2
2022,9,5,8,2,臺中市,西屯區,0,0,0,8,,,50,,,,,,,,,,,,,,,23,,,,,C03,,,1,,1,,,23,,1,1,,C03,120.635191,24.187668,3
2022,9,5,8,5,臺中市,西區,0,0,0,8,,,50,,,,,,,,,,,,,,,23,,,,,B03,,,1,,2,,,23,,1,21,,B03,120.660188,24.140025,3
2022,9,5,8,7,臺中市,西屯區,0,1,0,8,1,5,40,3,1,1,5,4,5,7,1,1,10,5,5,2,17,23,3,10,1,1,B03,7,9,1,8,2,1,,23,23,1,21,8,B03,120.638603,24.159218,2
2022,9,5,8,10,臺中市,南屯區,0,2,0,8,1,5,30,14,9,1,5,4,5,7,4,4,10,5,5,2,12,23,3,10,3,4,B03,7,9,1,8,2,2,,23,23,1,12,8,B03,120.611893,24.148705,2
2022,9,5,8,12,臺中市,南區,0,0,0,8,1,5,50,14,7,1,5,4,5,7,4,4,1,4,4,2,12,7,3,10,1,1,B03,7,8,1,8,2,5,,7,7,1,5,8,B03,120.670194,24.115922,3
2022,9,5,8,13,臺中市,北屯區,0,0,0,8,,,50,,,,,,,,,,,,,,,1,,,,,B03,,,1,,1,,,1,,1,22,,B03,120.675858,24.173715,3
2022,9,5,8,14,臺中市,太平區,0,0,0,8,,,50,,,,,,,,,,,,,,,6,,,,,C03,,,1,,1,,,6,6,1,21,,C03,120.719284,24.125931,3
2022,9,5,8,16,臺中市,豐原區,0,1,0,8,1,5,50,3,1,1,5,4,5,7,4,4,5,4,4,2,12,6,3,10,1,1,B03,7,6,1,8,2,2,,6,6,1,22,8,B03,120.706096,24.244228,2
2022,9,5,8,23,臺中市,北區,0,0,0,8,,,50,,,,,,,,,,,,,,,23,,,,,B03,,,1,,1,,,23,,1,22,,B03,120.674632,24.166725,3
2022,9,5,8,30,臺中市,大雅區,0,1,0,8,1,5,50,14,9,1,5,4,5,7,4,4,9,5,5,1,16,1,2,9,1,1,C03,7,4,1,10,2,11,,1,1,1,22,8,C03,120.60381,24.2352,2
2022,9,5,8,34,臺中市,沙鹿區,0,2,0,8,1,5,60,4,1,1,5,4,5,7,1,1,10,5,5,2,16,9,2,9,1,1,C03,7,6,1,10,2,13,,9,9,1,5,1,C03,120.606244,24.247281,2
2022,9,5,8,35,臺中市,中區,0,1,0,8,1,5,50,14,9,1,5,4,5,7,4,4,5,4,5,2,16,7,3,10,1,1,B03,7,8,1,8,1,5,,7,7,1,21,8,B03,120.678815,24.147178,2
2022,9,5,8,35,臺中市,北屯區,0,1,0,8,1,5,50,3,1,1,5,4,5,7,4,4,10,5,5,2,18,23,2,9,1,1,C03,7,6,1,10,2,12,,23,23,1,21,1,C03,120.685233,24.178991,2
2022,9,5,8,45,臺中市,北屯區,0,0,0,8,,,50,,,,,,,,,,,,,,,23,,,,,B03,,,1,,1,,,23,,1,21,,B03,120.722013,24.171856,3
2022,9,5,8,55,臺中市,東區,0,2,0,8,1,5,50,4,1,1,5,4,5,7,1,1,10,5,5,2,17,42,2,7,1,1,C03,7,15,3,18,9,13,,42,42,2,5,8,C03,120.694427,24.142771,2
2022,9,5,8,59,臺中市,梧棲區,0,3,0,8,1,5,50,3,2,1,5,4,5,7,4,4,5,5,5,1,10,4,2,7,1,1,C03,7,9,3,18,2,11,,23,4,1,3,8,C03,120.555355,24.238459,2