年,月,日,時,分,縣市,區,死,受傷,2-30,天候,光線,道路類別,速限,道路型態,事故位置,路面鋪裝,路面狀態,路面缺陷,障礙物,視距,號誌種類,號誌動作,分向設施,快車道或一般車道間,快慢車道間,路面邊線,事故類型及型態,主要肇因,受傷程度,主要傷處,保護裝備,行動電話,當事者區分,車輛用途,當事者行動狀態,駕駛資格情形,駕駛執照種類,飲酒情形,車輛撞擊部位最初,車輛撞擊部位其他,肇事因素個別,肇事因素主要,肇事逃逸,職業,旅次目的,車種,GPS緯度,GPS經度,事故類別
2022,9,5,9,1,臺中市,北區,0,1,0,8,1,5,50,14,7,1,5,4,5,7,1,1,10,5,4,2,13,16,3,10,1,1,B03,7,9,1,8,2,5,,16,16,1,22,8,B03,120.675481,24.165284,2
2022,9,5,9,10,臺中市,南屯區,0,1,0,8,1,5,50,4,1,1,5,4,5,7,2,1,10,5,5,2,16,6,3,10,1,1,B03,7,5,1,8,2,8,,6,6,1,22,9,B03,120.649863,24.150712,2
2022,9,5,9,14,臺中市,北屯區,0,0,0,8,,,40,,,,,,,,,,,,,,,26,,,,,B03,,,1,,1,,,26,,1,22,,B03,120.719133,24.161946,3
2022,9,5,9,16,臺中市,太平區,0,0,0,8,,,50,,,,,,,,,,,,,,,8,,,,,C03,,,1,,2,13,,8,8,1,21,,C03,120.727214,24.157022,3
2022,9,5,9,28,臺中市,北屯區,0,0,0,8,,,50,,,,,,,,,,,,,,,23,,,,,B03,,,1,,1,,,23,,1,21,,B03,120.663551,24.185313,3
2022,9,5,9,30,臺中市,南區,0,2,0,8,1,5,30,4,1,1,5,4,5,7,4,4,10,5,5,2,15,6,2,9,1,1,C03,7,9,1,10,2,11,,6,6,1,19,8,C03,120.683399,24.130985,2
2022,9,5,9,30,臺中市,西屯區,0,0,0,8,,,50,,,,,,,,,,,,,,,23,,,,,B12,,,1,,1,,,23,,1,22,,B12,120.6363,24.159643,3
2022,9,5,9,32,臺中市,北屯區,0,1,0,8,1,5,40,3,1,1,5,4,5,7,1,1,10,5,5,2,17,37,3,10,1,1,C03,7,9,1,10,2,15,,37,37,1,21,8,C03,120.666055,24.18169,2
2022,9,5,9,33,臺中市,和平區,0,0,0,8,1,6,40,13,2,1,5,4,5,7,4,4,10,5,5,1,14,12,3,10,1,1,B03,7,2,1,8,2,7,,12,12,1,2,1,B03,120.89153,24.26857,3
2022,9,5,9,39,臺中市,石岡區,0,0,0,8,,,50,,,,,,,,,,,,,,,23,,,,,B03,,,1,,2,,,23,,1,22,,B03,120.8177,24.260455,3
2022,9,5,9,39,臺中市,豐原區,0,0,0,8,,,50,,,,,,,,,,,,,,,16,,,,,B12,,,1,,2,,,16,,1,21,,B12,120.699781,24.249083,3
2022,9,5,9,44,臺中市,北屯區,0,0,0,,,,50,,,,,,,,,,,,,,,16,,,,,C03,,,3,,2,,,16,,1,22,,C03,120.718965,24.162889,3
2022,9,5,9,46,臺中市,北屯區,0,1,0,8,1,5,40,4,1,1,5,4,5,7,4,4,10,5,5,2,15,6,2,9,1,1,C03,7,9,1,10,2,12,,6,6,1,21,8,C03,120.680502,24.180582,2
2022,9,5,9,55,臺中市,南區,0,0,0,8,,,40,,,,,,,,,,,,,,,16,,,,,C03,,,1,,2,,,16,,1,22,,C03,120.671986,24.121107,3
2022,9,5,9,55,臺中市,豐原區,0,1,0,8,1,5,50,14,9,1,5,4,5,7,4,4,1,4,5,2,16,7,3,10,1,1,A11,7,8,1,3,2,2,,7,7,1,21,8,A11,120.700622,24.249231,2
2022,9,5,9,58,臺中市,西屯區,0,1,0,8,1,5,50,14,8,1,5,4,5,7,4,4,5,4,4,2,17,42,2,9,1,1,C03,7,9,1,10,2,11,,42,42,1,1,9,C03,120.650795,24.159095,2
2022,9,5,9,58,臺中市,西屯區,0,0,0,8,,,,,,,,,,,,,,,,,,67,,,,,,,,,,,,,67,,1,,,,120.652968,24.16422,3
2022,9,5,10,11,臺中市,豐原區,0,0,0,8,,,50,,,,,,,,,,,,,,,17,,,,,B12,,,1,,9,,,17,,1,22,,B12,120.698191,24.244879,3
2022,9,5,10,22,臺中市,大里區,0,0,0,8,,,50,,,,,,,,,,,,,,,16,,,,,B03,,,1,,2,,,16,,1,22,,B03,120.688078,24.10642,3
2022,9,5,10,25,臺中市,西區,0,2,0,8,1,5,40,14,8,1,5,4,5,7,4,4,1,4,1,2,16,7,2,9,1,1,C03,7,7,1,10,2,14,,7,7,1,22,8,C03,120.660434,24.156514,2
2022,9,5,10,38,臺中市,北區,0,1,0,8,1,5,50,14,7,1,5,4,5,7,4,4,3,4,4,2,16,7,3,10,1,1,B03,7,9,1,8,2,2,,23,7,1,22,8,B03,120.685765,24.154695,2
2022,9,5,10,38,臺中市,梧棲區,0,0,0,8,,,50,,,,,,,,,,,,,,,8,,,,,B03,,,1,,2,,,8,,1,1,,B03,120.534881,24.246369,3
2022,9,5,10,40,臺中市,北區,0,0,0,8,,,50,,,,,,,,,,,,,,,23,,,,,B03,,,1,,2,,,23,,1,22,,B03,120.678313,24.163112,3
2022,9,5,10,42,臺中市,梧棲區,0,1,0,8,1,5,70,3,7,1,5,4,5,7,1,1,1,2,1,1,13,43,3,10,1,1,B03,7,9,1,8,2,1,,43,43,1,20,8,B03,120.556463,24.242376,2
2022,9,5,10,45,臺中市,北屯區,0,1,0,8,1,5,50,4,1,1,5,4,5,7,2,1,10,5,5,2,16,6,3,10,1,1,B03,7,5,1,17,2,2,,6,6,1,21,8,B03,120.675931,24.193261,2
2022,9,5,10,52,臺中市,清水區,0,1,0,8,1,5,30,13,9,1,5,4,5,7,4,4,10,5,5,2,17,40,3,10,1,1,B12,7,14,1,8,2,4,,40,40,1,10,4,B12,120.575274,24.268058,2
2022,9,5,10,55,臺中市,西屯區,0,0,0,8,,,50,,,,,,,,,,,,,,,6,,,,,B03,,,1,,1,,,6,,1,21,,B03,120.650541,24.163618,3
2022,9,5,10,56,臺中市,西屯區,0,0,0,8,,,30,,,,,,,,,,,,,,,17,,,,,B03,,,1,,1,,,17,,1,22,,B03,120.645776,24.198543,3
2022,9,5,11,0,臺中市,西區,0,0,0,8,,,50,,,,,,,,,,,,,,,18,,,,,B12,,,1,2,1,,,18,18,1,22,,B12,120.679284,24.138263,3
2022,9,5,11,3,臺中市,西屯區,0,0,0,8,,,50,,,,,,,,,,,,,,,23,,,,,B02,,,1,,1,,,23,,1,1,,B02,120.647674,24.166781,3
2022,9,5,11,5,臺中市,太平區,0,0,0,,,,30,,,,,,,,,,,,,,,42,,,,,A12,,,1,,2,,,42,,1,10,,A12,120.731429,24.152328,3
2022,9,5,11,7,臺中市,西區,0,1,0,8,1,5,50,3,1,1,5,4,5,7,4,4,10,5,5,2,16,6,3,10,1,1,B03,7,6,1,8,2,1,,6,6,1,21,8,B03,120.665819,24.152132,2
2022,9,5,11,7,臺中市,龍井區,0,0,0,8,,,60,,,,,,,,,,,,,,,42,,,,,A12,,,1,,2,,,42,,1,10,,A12,120.575491,24.177519,3
2022,9,5,11,14,臺中市,北屯區,0,1,0,8,1,5,50,4,9,1,5,4,5,7,1,1,10,4,5,2,17,7,2,9,1,1,C03,7,7,1,10,2,13,,7,7,1,21,8,C03,120.697745,24.170349,2
2022,9,5,11,20,臺中市,潭子區,0,0,0,8,1,5,30,11,9,1,5,4,5,7,4,4,10,5,5,2,12,23,,,,,B03,,,1,,2,,,23,,1,22,,B03,120.675384,24.205064,3
2022,9,5,11,30,臺中市,西屯區,0,0,0,8,,,30,,,,,,,,,,,,,,,17,,,,,B03,,,1,,1,,,17,,1,22,,B03,120.661116,24.168005,3
2022,9,5,11,33,臺中市,西區,0,0,0,8,,,50,,,,,,,,,,,,,,,7,,,,,B03,,,1,8,1,,,7,7,1,22,,B03,120.659936,24.14023,3
2022,9,5,11,35,臺中市,北屯區,0,1,0,8,1,5,50,4,1,1,5,4,5,7,2,1,10,5,5,2,16,6,3,10,1,1,B03,7,5,1,8,2,8,,6,6,1,21,8,B03,120.68909,24.173493,2
2022,9,5,11,37,臺中市,西屯區,0,0,0,8,,,40,,,,,,,,,,,,,,,23,,,,,B01,,,1,,1,,,23,,1,21,,B01,120.634658,24.17985,3
2022,9,5,11,45,臺中市,北屯區,0,0,0,8,,,50,,,,,,,,,,,,,,,23,,,,,C03,,,1,,1,,,23,,1,19,,C03,120.683239,24.171249,3
2022,9,5,11,50,臺中市,豐原區,0,0,0,8,,,50,,,,,,,,,,,,,,,23,,,,,B03,,,1,,2,,,23,23,1,21,,B03,120.70921,24.2484,3
2022,9,5,11,54,臺中市,西屯區,0,1,0,8,1,5,50,3,1,1,5,4,5,7,1,1,5,4,5,2,16,6,3,10,1,1,B11,7,5,1,2,2,6,,6,6,1,22,8,B11,120.641896,24.163285,2
2022,9,5,12,2,臺中市,北屯區,0,0,0,8,,,50,,,,,,,,,,,,,,,23,,,,,B03,,,1,,2,,,23,,1,21,,B03,120.676361,24.193596,3
2022,9,5,12,5,臺中市,南區,0,0,0,8,,,50,,,,,,,,,,,,,,,16,,,,,B12,,,1,,2,,,16,,1,22,,B12,120.653451,24.12361,3
2022,9,5,12,10,臺中市,南區,0,0,0,8,1,5,50,14,8,1,5,4,5,7,4,4,1,4,5,2,14,12,3,10,3,4,B03,7,2,1,8,2,6,,12,12,2,5,8,B03,120.655544,24.129365,3
2022,9,5,12,15,臺中市,沙鹿區,0,1,0,8,1,5,50,14,7,1,5,4,5,7,4,4,5,5,4,2,17,23,2,9,1,1,C03,7,9,1,10,2,11,,23,23,1,5,4,C03,120.575947,24.222103,2
2022,9,5,12,20,臺中市,北區,0,0,0,8,,,50,,,,,,,,,,,,,,,12,,,,,B12,,,1,,1,,,12,,1,22,,B12,120.682416,24.145861,3
2022,9,5,12,28,臺中市,清水區,0,2,0,8,1,5,60,14,9,1,5,4,5,7,1,1,1,2,5,1,12,26,2,9,1,1,C03,7,5,1,10,2,13,,26,26,1,5,1,C03,120.572435,24.264136,2
2022,9,5,12,30,臺中市,西屯區,0,2,0,8,1,5,50,4,1,1,5,4,5,7,4,4,10,5,5,2,17,6,2,9,1,1,C03,7,5,1,10,2,14,,6,6,1,21,8,C03,120.656953,24.166971,2
2022,9,5,12,33,臺中市,西區,0,2,0,8,1,5,50,4,1,1,5,4,5,7,4,4,5,4,5,2,16,8,2,8,1,1,C03,7,5,1,10,1,13,,8,8,1,4,9,C03,120.661677,24.149763,2
2022,9,5,13,0,臺中市,潭子區,0,0,0,8,1,5,30,11,9,1,5,4,5,1,4,4,10,5,5,1,17,16,,,,,B12,,,1,,2,,,16,,1,22,,B12,120.711018,24.194075,3
2022,9,5,13,0,臺中市,沙鹿區,0,1,0,8,1,5,50,14,8,1,5,4,5,7,4,4,1,4,4,2,13,23,2,9,1,1,B03,7,9,1,8,2,5,,23,23,1,20,8,B03,120.568098,24.254346,2
2022,9,5,13,8,臺中市,北屯區,0,1,0,8,1,5,50,4,1,1,5,4,5,7,3,1,10,5,5,2,15,6,2,9,1,1,C03,7,9,1,10,2,12,,6,6,1,21,8,C03,120.69814,24.166752,2
2022,9,5,13,18,臺中市,北屯區,0,1,0,8,1,5,50,5,9,1,5,4,5,7,1,1,1,4,5,2,12,23,2,9,3,4,C03,7,5,1,10,2,12,,23,23,1,21,8,C03,120.674368,24.173746,2
2022,9,5,13,19,臺中市,西屯區,0,2,0,8,1,5,50,4,1,1,5,4,5,7,1,1,10,4,4,1,17,44,2,9,1,1,C03,7,9,1,10,2,11,,44,44,1,1,9,C03,120.651716,24.156969,2
2022,9,5,13,30,臺中市,大雅區,0,0,0,8,,,50,,,,,,,,,,,,,,,9,,,,,B03,,,1,,1,,,9,,1,22,,B03,120.647023,24.224609,3
2022,9,5,13,30,臺中市,北屯區,0,0,0,8,,,50,,,,,,,,,,,,,,,26,,,,,B03,,,1,,2,,,26,26,1,19,,B03,120.702133,24.169885,3
2022,9,5,13,30,臺中市,神岡區,0,0,0,8,,,50,,,,,,,,,,,,,,,42,,,,,A12,,,1,,2,,,42,,1,10,,A12,120.673964,24.261213,3
2022,9,5,13,33,臺中市,東區,0,0,0,,,,50,,,,,,,,,,,,,,,23,,,,,B03,,,1,,2,,,23,,1,21,,B03,120.693938,24.142588,3
2022,9,5,13,53,臺中市,神岡區,0,0,0,8,,,30,,,,,,,,,,,,,,,6,,,,,B03,,,1,,1,,,6,,1,22,,B03,120.659476,24.25926,3
2022,9,5,13,59,臺中市,西屯區,0,0,0,8,,,40,,,,,,,,,,,,,,,67,,,,,,,,,,,,,67,,1,,,,120.641953,24.1602,3
2022,9,5,14,10,臺中市,大甲區,0,1,0,8,1,5,50,3,1,1,5,4,5,7,1,1,10,5,5,2,16,6,3,10,1,1,B03,7,6,1,8,2,6,,6,6,1,21,8,B03,120.633496,24.344535,2
2022,9,5,14,15,臺中市,清水區,0,0,0,8,,,50,,,,,,,,,,,,,,,6,,,,,B03,,,1,,2,,,6,,1,22,,B03,120.572343,24.264343,3
2022,9,5,14,20,臺中市,沙鹿區,0,2,0,8,1,5,50,4,1,1,5,4,5,7,1,1,10,5,5,2,17,19,3,10,1,1,B12,7,1,1,8,2,1,,19,19,1,21,8,B12,120.564893,24.240922,2
2022,9,5,14,24,臺中市,西區,0,1,0,8,1,5,50,4,1,1,5,4,5,7,1,1,10,5,5,2,16,6,3,10,1,1,B03,7,5,1,8,2,2,,6,6,1,21,8,B03,120.656776,24.146716,2
2022,9,5,14,30,臺中市,西屯區,0,0,0,8,,,30,,,,,,,,,,,,,,,12,,,,,A11,,,1,,1,,,12,,1,21,,A11,120.594373,24.168473,3
2022,9,5,15,0,臺中市,大里區,0,0,0,8,,,40,,,,,,,,,,,,,,,23,,,,,B03,,,1,,11,,,23,,1,21,,B03,120.703542,24.092945,3
2022,9,5,15,7,臺中市,北屯區,0,0,0,8,,,50,,,,,,,,,,,,,,,25,,,,,B03,,,1,,1,,,25,,1,22,,B03,120.72353,24.174111,3
2022,9,5,15,10,臺中市,南區,0,0,0,8,,,50,,,,,,,,,,,,,,,12,,,,,B03,,,1,,2,,,12,12,1,5,,B03,120.667038,24.119438,3
2022,9,5,15,12,臺中市,太平區,0,0,0,8,,,50,,,,,,,,,,,,,,,12,,,,,B03,,,1,,1,7,,12,12,1,21,,B03,120.70438,24.111439,3
2022,9,5,15,13,臺中市,北屯區,0,0,0,8,,,50,,,,,,,,,,,,,,,23,,,,,B03,,,1,,2,,,23,,1,21,,B03,120.698053,24.186636,3
2022,9,5,15,23,臺中市,潭子區,0,0,0,8,,,50,,,,,,,,,,,,,,,12,,,,,B12,,,1,,9,,,12,,2,22,,B12,120.697774,24.191839,3
2022,9,5,15,23,臺中市,西區,0,0,0,8,,,50,,,,,,,,,,,,,,,18,,,,,B03,,,1,,2,,,18,,1,5,,B03,120.665083,24.147866,3
2022,9,5,15,23,臺中市,北屯區,0,1,0,8,1,5,50,4,1,1,5,4,5,7,3,1,10,5,5,2,15,6,2,9,1,1,C03,7,9,1,10,2,13,,6,6,1,21,8,C03,120.663976,24.18943,2
2022,9,5,15,29,臺中市,北區,0,1,0,8,1,5,50,5,1,1,5,4,5,7,1,1,1,4,5,2,16,26,3,10,1,1,B12,7,9,1,8,2,2,,26,26,1,21,8,B12,120.686252,24.15482,2
2022,9,5,15,40,臺中市,西屯區,0,0,0,8,,,50,,,,,,,,,,,,,,,44,,,,,B12,,,1,,1,,,44,,1,22,,B12,120.638202,24.169556,3
2022,9,5,15,46,臺中市,北屯區,0,2,0,8,1,5,50,3,1,1,5,4,5,7,4,4,1,4,5,2,16,6,3,10,1,1,B02,7,6,1,8,2,2,,6,6,1,22,8,B02,120.722516,24.187193,2
2022,9,5,15,50,臺中市,烏日區,0,0,0,8,,,60,,,,,,,,,,,,,,,23,,,,,B03,,,1,,2,,,23,,1,21,,B03,120.620216,24.105561,3
2022,9,5,15,52,臺中市,西屯區,0,0,0,8,,,30,,,,,,,,,,,,,,,12,,,,,B03,,,1,,1,,,12,,1,12,,B03,120.649726,24.168796,3
2022,9,5,15,55,臺中市,北區,0,2,0,8,1,5,50,4,1,1,5,4,5,7,1,1,10,5,5,2,17,6,2,9,1,1,C03,7,5,1,10,2,13,,6,6,1,22,8,C03,120.680489,24.165365,2
2022,9,5,15,57,臺中市,西區,0,0,0,8,,,50,,,,,,,,,,,,,,,16,,,,,B03,,,1,,1,,,16,,1,4,,B03,120.669565,24.150875,3
2022,9,5,16,5,臺中市,北屯區,0,0,0,8,,,50,,,,,,,,,,,,,,,26,,,,,A41,,,1,,2,,,26,,1,21,,A41,120.710546,24.18226,3
2022,9,5,16,10,臺中市,西屯區,0,0,0,8,,,50,,,,,,,,,,,,,,,42,,,,,B12,,,1,,2,,,42,,1,22,,B12,120.644279,24.174073,3
2022,9,5,16,10,臺中市,豐原區,0,1,0,8,1,5,60,14,8,1,5,4,5,7,4,4,1,5,4,1,16,23,2,7,1,1,C03,7,9,4,8,2,11,,23,23,1,9,8,C03,120.724173,24.23605,2
2022,9,5,16,12,臺中市,西屯區,0,0,0,8,,,50,,,,,,,,,,,,,,,23,,,,,B03,,,1,,1,,,23,,1,22,,B03,120.619646,24.184388,3
2022,9,5,16,12,臺中市,西屯區,0,0,0,8,,,50,,,,,,,,,,,,,,,23,,,,,B03,,,7,,11,,,23,,1,22,,B03,120.60356,24.18546,3
2022,9,5,16,13,臺中市,西屯區,0,2,0,8,1,5,50,14,9,1,5,4,5,7,4,4,9,4,5,2,12,23,2,9,1,1,C03,7,4,1,10,2,12,,23,1,1,12,8,C03,120.63975,24.17958,2
2022,9,5,16,20,臺中市,神岡區,0,0,0,8,,,50,,,,,,,,,,,,,,,23,,,,,B03,,,1,,2,,,23,23,1,12,,B03,120.690824,24.248134,3
2022,9,5,16,30,臺中市,豐原區,0,0,0,8,,,50,,,,,,,,,,,,,,,16,,,,,B12,,,1,,2,,,16,16,1,21,,B12,120.721053,24.25384,3
2022,9,5,16,35,臺中市,梧棲區,0,0,0,8,,,70,,,,,,,,,,,,,,,23,,,,,B03,,,1,,2,,,23,,1,3,,B03,120.513141,24.226918,3
2022,9,5,16,35,臺中市,神岡區,0,0,0,8,,,50,,,,,,,,,,,,,,,16,,,,,B12,,,1,,1,,,16,,1,22,,B12,120.659198,24.274248,3
2022,9,5,16,37,臺中市,大雅區,0,2,0,8,1,5,30,3,2,1,5,4,5,7,4,4,5,5,5,1,17,43,2,9,1,1,C03,7,5,1,10,2,15,,43,43,1,21,8,C03,120.601413,24.216302,2
2022,9,5,16,41,臺中市,大雅區,0,2,0,8,1,5,50,14,9,1,5,4,5,7,4,4,9,5,5,1,17,6,2,9,1,1,C03,7,5,1,10,2,11,,6,6,1,21,8,C03,120.645889,24.22109,2
2022,9,5,16,45,臺中市,北區,0,0,0,8,,,50,,,,,,,,,,,,,,,16,,,,,B03,,,1,,1,,,16,,1,22,,B03,120.677303,24.151254,3
2022,9,5,16,51,臺中市,清水區,0,0,0,8,,,40,,,,,,,,,,,,,,,43,,,,,,,,,,,,,43,,1,,,,120.558153,24.271961,3
2022,9,5,16,53,臺中市,西屯區,0,1,0,8,1,5,30,3,1,1,5,4,5,7,4,4,4,3,5,2,16,16,2,9,1,1,C03,7,9,1,10,1,11,,16,16,1,22,8,C03,120.653829,24.181159,2
2022,9,5,16,55,臺中市,東區,0,0,0,,,,50,,,,,,,,,,,,,,,23,,,,,B03,,,1,,2,,,23,,1,22,,B03,120.697766,24.148535,3
2022,9,5,17,3,臺中市,沙鹿區,0,2,0,8,1,5,50,14,7,1,5,4,5,7,4,4,5,5,4,2,17,10,2,8,1,1,C04,7,11,1,10,2,13,,10,10,1,9,7,C04,120.570977,24.229695,2
2022,9,5,17,5,臺中市,西屯區,0,0,0,8,,,50,,,,,,,,,,,,,,,25,,,,,B03,,,1,,2,,,25,,1,22,,B03,120.637962,24.1727,3
2022,9,5,17,8,臺中市,東區,0,3,0,8,1,5,50,3,1,1,5,4,5,7,1,1,10,5,5,2,13,38,2,9,1,1,C03,7,14,1,10,2,13,,38,38,1,22,8,C03,120.689658,24.137577,2
2022,9,5,17,8,臺中市,西屯區,0,1,0,8,1,5,50,3,1,1,5,4,5,7,4,4,9,4,5,2,12,43,3,10,1,1,B11,7,9,1,4,2,2,,43,43,1,22,8,B11,120.630498,24.195697,2
2022,9,5,17,17,臺中市,潭子區,0,0,0,8,1,5,30,13,9,1,5,4,5,7,4,4,5,5,5,2,14,12,,,,,B12,,,1,,2,,,12,,1,22,,B12,120.706276,24.210531,3
2022,9,5,17,25,臺中市,西屯區,0,0,0,8,,,60,,,,,,,,,,,,,,,7,,,,,B12,,,1,,2,,,7,,1,12,,B12,120.626048,24.20653,3
2022,9,5,17,25,臺中市,后里區,0,1,0,8,2,5,40,14,9,1,5,4,5,4,4,4,10,5,5,1,16,8,3,10,1,1,C03,7,5,1,10,2,11,,8,8,1,22,8,C03,120.737927,24.313439,2
2022,9,5,17,32,臺中市,豐原區,0,1,0,8,1,5,50,4,1,1,5,4,5,7,1,1,10,5,5,2,17,25,2,9,1,1,C03,7,9,1,10,2,11,,25,25,1,22,8,C03,120.725719,24.246084,2
2022,9,5,17,33,臺中市,大甲區,0,1,0,8,1,5,50,3,1,1,5,4,5,7,1,1,10,5,5,2,18,16,2,9,1,1,C03,7,9,1,10,2,12,,16,16,1,4,8,C03,120.640054,24.346621,2
2022,9,5,17,34,臺中市,太平區,0,0,0,8,,,50,,,,,,,,,,,,,,,23,,,,,B03,,,1,,2,,,23,,1,21,,B03,120.732425,24.114933,3
2022,9,5,17,40,臺中市,西屯區,0,0,0,8,,,50,,,,,,,,,,,,,,,26,,,,,B03,,,1,,2,,,26,,1,22,,B03,120.639967,24.185145,3
2022,9,5,17,42,臺中市,西屯區,0,1,0,8,2,5,50,4,1,1,5,4,5,7,1,1,10,5,5,2,11,6,3,10,1,1,B01,7,5,1,4,2,2,,6,6,1,22,8,B01,120.661474,24.163894,2
2022,9,5,17,42,臺中市,西屯區,0,0,0,8,,,50,,,,,,,,,,,,,,,23,,,,,B03,,,1,,1,,,23,,1,12,,B03,120.6249,24.18043,3
2022,9,5,17,43,臺中市,南區,0,0,0,8,,,50,,,,,,,,,,,,,,,23,,,,,B03,,,1,,2,,,23,,1,5,,B03,120.659423,24.118948,3
2022,9,5,17,51,臺中市,東區,0,4,0,7,2,5,50,4,1,1,5,4,5,7,1,1,10,5,5,2,16,6,2,9,1,1,C03,7,5,1,10,2,11,,6,6,1,22,9,C03,120.696513,24.142843,2
2022,9,5,17,52,臺中市,沙鹿區,0,0,0,8,,,1,,,,,,,,,,,,,,,60,,,,,H01,,,,,10,,,60,60,1,22,,H01,120.602733,24.238424,3
2022,9,5,17,54,臺中市,西屯區,0,0,0,8,,,50,,,,,,,,,,,,,,,19,,,,,B03,,,1,,1,,,19,,1,22,,B03,120.646791,24.173358,3
2022,9,5,17,55,臺中市,龍井區,0,0,0,8,,,50,,,,,,,,,,,,,,,23,,,,,B12,,,1,,11,,,23,,1,22,,B12,120.588602,24.180715,3
2022,9,5,17,57,臺中市,西區,0,0,0,8,,,50,,,,,,,,,,,,,,,23,,,,,B03,,,1,,1,,,23,,1,4,,B03,120.66609,24.152375,3
2022,9,5,17,57,臺中市,西區,0,0,0,8,,,50,,,,,,,,,,,,,,,17,,,,,B03,,,1,,1,,,17,,1,21,,B03,120.655125,24.152342,3
2022,9,5,18,6,臺中市,西屯區,0,0,0,,,,40,,,,,,,,,,,,,,,43,,,,,C03,,,1,,1,,,43,,1,22,,C03,120.639069,24.168932,3
2022,9,5,18,18,臺中市,神岡區,0,0,0,8,,,30,,,,,,,,,,,,,,,6,,,,,B03,,,1,,2,,,6,,1,22,,B03,120.683964,24.243995,3
2022,9,5,18,21,臺中市,南區,0,0,0,,,,50,,,,,,,,,,,,,,,17,,,,,B03,,,1,,2,,,17,,1,5,,B03,120.663938,24.116801,3
2022,9,5,18,23,臺中市,太平區,0,0,0,8,,,80,,,,,,,,,,,,,,,23,,,,,B03,,,1,,2,,,23,,1,21,,B03,120.710725,24.141557,3
2022,9,5,18,27,臺中市,南區,0,1,0,8,3,5,40,15,8,1,5,4,5,7,4,4,3,2,4,2,29,67,2,9,3,4,C03,7,9,1,10,2,14,,43,67,1,5,8,C03,120.663831,24.119358,2
2022,9,5,18,27,臺中市,東區,0,1,0,8,3,5,50,5,1,1,5,4,5,7,1,1,10,5,5,2,16,6,3,10,1,1,B03,7,5,1,8,2,1,,6,6,1,22,8,B03,120.69278,24.14793,2
2022,9,5,18,28,臺中市,北屯區,0,0,0,8,,,50,,,,,,,,,,,,,,,23,,,,,B02,,,2,,2,,,23,,1,21,,B02,120.690191,24.173428,3
2022,9,5,18,30,臺中市,豐原區,0,0,0,8,,,30,,,,,,,,,,,,,,,17,,,,,A05,,,1,,2,,,17,17,1,10,,A05,120.704231,24.2412,3
2022,9,5,18,32,臺中市,潭子區,0,0,0,8,3,5,60,4,2,1,5,4,5,7,1,1,1,2,4,1,12,17,,,,,C03,,,1,,2,,,17,17,2,22,,C03,120.705022,24.207144,3
2022,9,5,18,33,臺中市,北屯區,0,0,0,,,,50,,,,,,,,,,,,,,,23,,,,,C03,,,1,,1,,,23,,1,21,,C03,120.680153,24.172648,3
2022,9,5,18,34,臺中市,西區,0,0,0,8,3,5,50,14,9,1,5,4,5,7,4,4,9,4,5,2,17,23,,,,,B03,,,1,,1,,,23,,1,5,,B03,120.664564,24.150295,3
2022,9,5,18,34,臺中市,北屯區,0,0,0,6,,,50,,,,,,,,,,,,,,,26,,,,,B02,,,1,,1,,,26,,1,5,,B02,120.73705,24.178435,3
2022,9,5,18,35,臺中市,西屯區,0,1,0,8,4,5,40,14,8,1,5,4,5,7,4,4,5,4,4,2,13,23,2,8,1,1,C03,7,9,1,10,2,12,,23,23,1,22,8,C03,120.653758,24.176119,2
2022,9,5,18,38,臺中市,霧峰區,0,0,0,8,,,30,,,,,,,,,,,,,,,12,,,,,B02,,,1,,2,,,12,,1,22,,B02,120.710746,24.08026,3
2022,9,5,18,40,臺中市,豐原區,0,1,0,8,3,5,60,11,7,1,5,4,5,7,4,4,1,4,4,2,13,16,3,10,1,1,B03,7,12,1,8,2,1,,16,16,1,21,1,B03,120.728148,24.240325,2
2022,9,5,18,50,臺中市,神岡區,0,1,0,8,1,5,30,4,1,1,5,4,5,7,3,1,5,4,4,2,17,6,3,10,1,1,B03,7,5,1,8,2,4,,6,6,1,12,8,B03,120.653134,24.258541,2
2022,9,5,18,57,臺中市,北屯區,0,0,0,8,,,50,,,,,,,,,,,,,,,26,,,,,C03,,,1,,1,,,26,,1,21,,C03,120.681545,24.171111,3
2022,9,5,19,2,臺中市,西屯區,0,1,0,8,3,5,30,14,9,1,5,4,5,7,4,4,9,5,5,2,12,23,2,9,1,1,C03,7,9,1,10,1,11,,23,23,1,12,8,C03,120.6657,24.167241,2
2022,9,5,19,8,臺中市,沙鹿區,0,0,0,8,,,60,,,,,,,,,,,,,,,42,,,,,B03,,,1,,2,,,42,,1,20,,B03,120.563268,24.239953,3
2022,9,5,19,12,臺中市,東區,0,0,0,,,,50,,,,,,,,,,,,,,,23,,,,,B03,,,1,,2,,,23,,1,22,,B03,120.704556,24.126936,3
2022,9,5,19,15,臺中市,大甲區,0,0,0,,,,50,,,,,,,,,,,,,,,10,,,,,B03,,,1,,2,,,10,10,2,22,,B03,120.618717,24.347452,3
2022,9,5,19,20,臺中市,西屯區,0,1,0,8,3,5,50,4,1,1,5,4,5,7,1,1,10,5,5,2,16,26,2,9,1,1,C03,7,5,1,10,2,14,,26,26,1,4,8,C03,120.655079,24.195842,2