年,月,日,時,分,縣市,區,死,受傷,2-30,天候,光線,道路類別,速限,道路型態,事故位置,路面鋪裝,路面狀態,路面缺陷,障礙物,視距,號誌種類,號誌動作,分向設施,快車道或一般車道間,快慢車道間,路面邊線,事故類型及型態,主要肇因,受傷程度,主要傷處,保護裝備,行動電話,當事者區分,車輛用途,當事者行動狀態,駕駛資格情形,駕駛執照種類,飲酒情形,車輛撞擊部位最初,車輛撞擊部位其他,肇事因素個別,肇事因素主要,肇事逃逸,職業,旅次目的,車種,GPS緯度,GPS經度,事故類別
2022,9,6,13,52,臺中市,西屯區,0,1,0,8,1,5,50,4,1,1,5,4,5,7,1,1,10,5,5,2,17,23,2,9,1,1,C03,7,9,1,10,2,11,,23,23,1,21,8,C03,120.66425,24.172475,2
2022,9,6,13,54,臺中市,南屯區,0,0,0,8,,,50,,,,,,,,,,,,,,,12,,,,,B03,,,1,,2,,,12,,1,22,,B03,120.612619,24.144302,3
2022,9,6,14,13,臺中市,北屯區,0,1,0,6,1,8,50,4,1,1,4,4,5,7,4,4,5,5,5,2,15,6,3,10,1,1,B03,7,9,1,8,2,8,,14,6,1,21,8,B03,120.724911,24.158151,2
2022,9,6,14,14,臺中市,西屯區,0,0,0,8,,,50,,,,,,,,,,,,,,,23,,,,,B03,,,1,,1,,,23,,1,22,,B03,120.632314,24.169969,3
2022,9,6,14,17,臺中市,北區,0,0,0,8,,,50,,,,,,,,,,,,,,,23,,,,,B03,,,1,,1,,,23,,1,22,,B03,120.680835,24.163126,3
2022,9,6,14,26,臺中市,大雅區,0,1,0,8,1,5,30,4,1,1,5,4,5,7,1,1,10,5,5,2,15,25,2,9,1,1,C03,7,9,1,10,2,14,,25,25,1,21,8,C03,120.636908,24.222287,2
2022,9,6,14,30,臺中市,豐原區,0,0,0,8,,,50,,,,,,,,,,,,,,,16,,,,,B12,,,1,,2,,,16,,1,21,,B12,120.704704,24.249822,3
2022,9,6,14,34,臺中市,大里區,0,0,0,8,,,80,,,,,,,,,,,,,,,23,,,,,B02,,,1,,2,,,23,,1,22,,B02,120.690704,24.098029,3
2022,9,6,14,38,臺中市,沙鹿區,0,0,0,8,,,50,,,,,,,,,,,,,,,6,,,,,C03,,,1,,2,,,6,,1,2,,C03,120.58267,24.222151,3
2022,9,6,14,50,臺中市,西屯區,0,0,0,8,,,50,,,,,,,,,,,,,,,23,,,,,C03,,,1,,1,,,23,,1,1,,C03,120.642667,24.172374,3
2022,9,6,14,55,臺中市,北區,0,1,0,8,1,5,50,4,1,1,5,4,5,7,4,4,10,5,5,2,15,6,2,9,1,1,C03,7,9,1,10,2,11,,6,6,1,22,8,C03,120.677625,24.168596,2
2022,9,6,14,55,臺中市,清水區,0,1,0,8,1,5,50,4,1,1,5,4,5,7,4,4,5,5,5,1,15,6,3,10,1,1,B03,7,9,1,8,2,1,,6,6,1,22,8,B03,120.561931,24.279153,2
2022,9,6,15,13,臺中市,南區,0,0,0,8,,,50,,,,,,,,,,,,,,,43,,,,,B03,,,1,,10,,,44,43,1,5,,B03,120.665351,24.126851,3
2022,9,6,15,13,臺中市,西屯區,0,0,0,8,,,50,,,,,,,,,,,,,,,7,,,,,B03,,,1,,1,,,7,,1,22,,B03,120.635007,24.172039,3
2022,9,6,15,28,臺中市,豐原區,0,1,0,8,1,5,50,4,1,1,5,4,5,7,4,4,5,5,5,2,16,26,3,10,1,1,C03,7,5,1,10,2,11,,26,26,1,5,8,C03,120.704018,24.24287,2
2022,9,6,15,30,臺中市,西屯區,0,0,0,8,,,50,,,,,,,,,,,,,,,23,,,,,B03,,,1,,1,,,23,,1,22,,B03,120.659882,24.161581,3
2022,9,6,15,32,臺中市,西區,0,0,0,8,,,50,,,,,,,,,,,,,,,23,,,,,B03,,,1,,1,,,23,,1,4,,B03,120.652972,24.14637,3
2022,9,6,15,35,臺中市,豐原區,0,0,0,8,,,60,,,,,,,,,,,,,,,7,,,,,B12,,,1,,2,,,7,,1,21,,B12,120.736036,24.260225,3
2022,9,6,15,45,臺中市,北區,0,0,0,8,,,50,,,,,,,,,,,,,,,23,,,,,B02,,,1,,1,,,23,,1,22,,B02,120.681627,24.15265,3
2022,9,6,15,46,臺中市,西屯區,0,1,0,8,1,5,50,4,1,1,5,4,5,7,4,4,10,5,5,2,16,6,3,10,1,1,B02,7,5,1,8,2,2,,6,6,1,22,8,B02,120.623886,24.177441,2
2022,9,6,15,46,臺中市,烏日區,0,0,0,8,,,30,,,,,,,,,,,,,,,6,,,,,B12,,,1,,2,,,6,,1,21,,B12,120.652974,24.063343,3
2022,9,6,15,54,臺中市,沙鹿區,0,1,0,8,1,5,50,4,1,1,5,4,5,7,4,4,10,5,5,2,15,6,3,10,1,1,B03,7,9,1,8,2,5,,6,6,1,21,8,B03,120.561472,24.245329,2
2022,9,6,16,0,臺中市,梧棲區,0,0,0,,,,30,,,,,,,,,,,,,,,42,,,,,B03,,,8,,9,,,42,,1,4,,B03,120.534705,24.238576,3
2022,9,6,16,2,臺中市,西屯區,0,1,0,8,1,5,40,14,8,1,5,4,5,7,4,4,9,4,4,2,12,23,2,9,1,1,C03,7,9,1,10,2,11,,23,23,1,22,8,C03,120.650242,24.175957,2
2022,9,6,16,4,臺中市,太平區,0,0,0,8,,,30,,,,,,,,,,,,,,,67,,,,,B03,,,1,,11,,,38,67,1,19,,B03,120.724842,24.133977,3
2022,9,6,16,8,臺中市,潭子區,0,2,0,8,1,5,50,3,13,1,5,4,5,7,4,4,5,4,4,1,2,23,2,9,1,1,F03,7,21,8,20,2,16,,23,23,1,22,9,F03,120.709644,24.210557,2
2022,9,6,16,30,臺中市,西屯區,0,2,0,8,1,5,30,14,9,1,5,4,5,7,4,4,10,5,5,2,11,7,2,7,3,4,C03,7,7,1,10,2,12,,7,7,1,22,8,C03,120.64563,24.17601,2
2022,9,6,16,31,臺中市,北區,0,0,0,8,,,50,,,,,,,,,,,,,,,7,,,,,B03,,,1,,2,,,7,,1,22,,B03,120.671165,24.16268,3
2022,9,6,16,36,臺中市,沙鹿區,0,1,0,8,1,5,50,4,1,1,5,4,5,7,4,4,10,5,5,2,15,19,3,10,1,1,B03,7,1,1,8,2,5,,19,19,1,21,8,B03,120.563562,24.248103,2
2022,9,6,16,38,臺中市,神岡區,0,1,0,8,1,5,40,14,8,1,5,4,5,7,4,4,1,4,4,1,18,42,2,9,1,1,C03,7,9,1,10,2,14,,42,42,1,22,9,C03,120.708278,24.258941,2
2022,9,6,16,42,臺中市,后里區,0,1,0,8,1,5,50,4,9,1,4,4,4,7,4,4,10,4,5,1,18,23,2,9,1,1,C03,7,9,1,10,2,14,,23,23,1,22,8,C03,120.670607,24.309882,2
2022,9,6,16,43,臺中市,豐原區,0,0,0,8,,,50,,,,,,,,,,,,,,,26,,,,,A05,,,1,,2,,,26,,1,10,,A05,120.724666,24.254568,3
2022,9,6,16,52,臺中市,西屯區,0,1,0,8,1,5,30,14,9,1,5,4,5,7,4,4,10,5,5,2,10,5,3,10,3,4,B03,7,9,1,8,2,1,,5,5,1,22,8,B03,120.648968,24.156383,2
2022,9,6,16,55,臺中市,南區,0,0,0,,,,50,,,,,,,,,,,,,,,26,,,,,B03,,,1,,2,,,26,,1,22,,B03,120.679305,24.125577,3
2022,9,6,16,57,臺中市,北區,0,1,0,8,2,5,50,4,8,1,5,4,5,7,1,1,5,5,4,2,16,7,3,10,1,1,B03,7,8,1,8,2,5,,7,7,1,21,8,B03,120.680817,24.149501,2
2022,9,6,17,1,臺中市,太平區,0,0,0,,,,30,,,,,,,,,,,,,,,23,,,,,B02,,,1,,2,,,23,,1,4,,B02,120.71582,24.145944,3
2022,9,6,17,5,臺中市,大雅區,0,0,0,8,,,30,,,,,,,,,,,,,,,34,,,,,B03,,,1,,2,,,34,,1,22,,B03,120.656331,24.223076,3
2022,9,6,17,8,臺中市,北區,0,0,0,8,,,30,,,,,,,,,,,,,,,17,,,,,B03,,,1,,2,,,17,,1,22,,B03,120.69749,24.151916,3
2022,9,6,17,10,臺中市,大甲區,0,1,0,8,1,5,50,4,1,1,5,4,5,7,1,1,10,5,5,2,15,25,3,10,1,1,B03,7,9,1,8,2,8,,25,25,1,22,9,B03,120.61915,24.351108,2
2022,9,6,17,11,臺中市,東區,0,0,0,,,,50,,,,,,,,,,,,,,,23,,,,,B03,,,1,,2,,,23,,1,22,,B03,120.707453,24.144068,3
2022,9,6,17,13,臺中市,北區,0,0,0,8,,,50,,,,,,,,,,,,,,,7,,,,,B03,,,1,,2,,,7,,1,22,,B03,120.673695,24.162702,3
2022,9,6,17,14,臺中市,西區,0,0,0,8,,,40,,,,,,,,,,,,,,,23,,,,,C03,,,1,,1,,,23,,1,4,,C03,120.666672,24.153026,3
2022,9,6,17,17,臺中市,梧棲區,0,1,0,8,1,5,40,3,2,1,5,4,5,7,4,4,1,4,4,1,16,6,3,10,1,1,C03,7,6,1,10,2,13,,6,6,1,4,8,C03,120.550573,24.241437,2
2022,9,6,17,21,臺中市,南屯區,0,0,0,,,,50,,,,,,,,,,,,,,,6,,,,,B03,,,1,,1,,,6,,1,22,,B03,120.634706,24.154184,3
2022,9,6,17,25,臺中市,烏日區,0,0,0,,,,50,,,,,,,,,,,,,,,23,,,,,B03,,,1,,2,,,23,,1,22,,B03,120.623671,24.106321,3
2022,9,6,17,25,臺中市,大甲區,0,0,0,8,1,6,30,13,2,1,5,4,5,7,4,4,10,5,5,2,16,18,3,10,1,1,B12,7,6,1,8,1,5,,18,18,1,22,8,B12,120.642769,24.40218,3
2022,9,6,17,37,臺中市,龍井區,0,0,0,8,,,30,,,,,,,,,,,,,,,12,,,,,B12,,,1,,2,,,12,,1,21,,B12,120.590249,24.180959,3
2022,9,6,17,47,臺中市,清水區,0,0,0,8,,,70,,,,,,,,,,,,,,,23,,,,,B03,,,1,,2,,,23,,1,21,,B03,120.581002,24.301469,3
2022,9,6,17,50,臺中市,大里區,0,0,0,8,,,30,,,,,,,,,,,,,,,12,,,,,B02,,,1,,9,,,12,12,2,5,,B02,120.693233,24.120121,3
2022,9,6,17,51,臺中市,太平區,0,0,0,6,,,50,,,,,,,,,,,,,,,23,,,,,B03,,,1,,11,,,23,,1,4,,B03,120.71668,24.116458,3
2022,9,6,17,53,臺中市,豐原區,0,2,0,7,3,5,30,14,8,1,5,4,5,7,4,4,8,3,4,1,16,8,2,9,1,1,C03,7,5,1,10,2,12,,8,8,1,22,5,C03,120.735046,24.256071,2
2022,9,6,17,56,臺中市,西屯區,0,0,0,6,,,50,,,,,,,,,,,,,,,23,,,,,B03,,,1,,1,,,23,23,1,22,,B03,120.607032,24.160502,3
2022,9,6,17,59,臺中市,大雅區,0,1,0,8,1,5,50,3,1,1,5,4,5,7,4,4,5,5,5,1,13,23,2,8,1,1,C03,7,9,1,10,2,11,,23,23,1,21,8,C03,120.657268,24.224064,2
2022,9,6,17,59,臺中市,烏日區,0,0,0,,,,50,,,,,,,,,,,,,,,43,,,,,,,,,,,,,43,,1,,,,120.641129,24.101706,3
2022,9,6,18,0,臺中市,大雅區,0,1,0,8,3,5,30,3,1,1,5,4,5,7,4,4,10,5,5,2,17,12,3,10,1,1,B03,7,2,1,8,2,7,,12,12,1,22,9,B03,120.663701,24.22091,2
2022,9,6,18,1,臺中市,北區,0,0,0,,,,50,,,,,,,,,,,,,,,7,,,,,B03,,,1,,1,,,7,,1,21,,B03,120.677303,24.151254,3
2022,9,6,18,4,臺中市,太平區,0,1,0,6,4,5,50,3,1,1,4,4,1,7,4,4,10,5,5,2,16,23,2,9,1,1,C03,7,9,1,10,2,11,,23,23,1,21,8,C03,120.713298,24.159886,2
2022,9,6,18,7,臺中市,清水區,0,0,0,8,,,70,,,,,,,,,,,,,,,23,,,,,B12,,,1,,2,,,23,,1,5,,B12,120.551947,24.293698,3
2022,9,6,18,10,臺中市,南區,0,1,0,8,2,5,50,14,7,1,4,4,5,7,4,4,1,4,4,2,12,7,2,9,1,1,C03,7,7,1,10,2,14,,7,7,1,22,1,C03,120.682249,24.119133,2
2022,9,6,18,11,臺中市,南區,0,1,0,6,3,5,50,4,1,1,4,4,5,7,1,1,10,5,5,2,29,23,2,9,1,1,C03,7,9,1,10,2,12,,23,23,1,22,9,C03,120.678728,24.13275,2
2022,9,6,18,11,臺中市,西屯區,0,1,0,8,2,5,30,4,1,1,5,4,5,7,1,1,10,5,5,2,15,25,3,10,1,1,C03,7,9,3,18,6,15,,25,25,1,22,8,C03,120.634522,24.198749,2
2022,9,6,18,17,臺中市,北區,0,0,0,6,,,50,,,,,,,,,,,,,,,23,,,,,B12,,,1,,9,,,23,,1,22,,B12,120.670026,24.166867,3
2022,9,6,18,20,臺中市,烏日區,0,0,0,6,,,50,,,,,,,,,,,,,,,7,,,,,B03,,,1,,2,,,7,,1,22,,B03,120.609337,24.112904,3
2022,9,6,18,22,臺中市,北區,0,2,0,8,3,5,30,4,1,1,5,4,5,7,1,1,10,5,5,2,16,6,3,10,1,1,B03,7,5,1,8,2,1,,6,6,1,22,9,B03,120.66583,24.159398,2
2022,9,6,18,25,臺中市,沙鹿區,0,1,0,6,2,5,50,14,7,1,4,4,5,7,4,4,9,5,4,2,3,53,3,10,1,1,C03,7,9,1,10,2,11,,23,53,1,21,8,C03,120.571449,24.223093,2
2022,9,6,18,30,臺中市,北屯區,0,2,0,6,3,5,50,4,1,1,4,4,5,7,4,4,10,5,5,2,15,6,2,8,1,1,C03,7,9,1,10,2,12,,6,6,1,21,8,C03,120.692978,24.172768,2
2022,9,6,18,31,臺中市,西區,0,0,0,6,,,30,,,,,,,,,,,,,,,6,,,,,C03,,,1,,1,,,6,,1,22,,C03,120.655713,24.135902,3
2022,9,6,18,34,臺中市,豐原區,0,2,0,6,3,5,50,14,7,1,4,4,5,7,4,4,5,5,4,2,16,4,2,8,1,1,C03,7,11,1,10,2,11,,4,4,1,5,8,C03,120.70665,24.243602,2
2022,9,6,18,37,臺中市,北屯區,0,1,0,6,3,5,50,14,9,1,4,4,5,7,4,4,1,4,5,2,13,16,2,9,1,1,C03,7,9,1,10,2,14,,16,16,1,22,8,C03,120.687482,24.171926,2
2022,9,6,18,37,臺中市,豐原區,0,1,0,6,3,8,50,3,1,1,4,4,5,7,4,4,5,5,5,1,16,6,3,10,1,1,B03,7,5,1,8,3,8,,6,6,1,22,8,B03,120.715154,24.25204,2
2022,9,6,18,39,臺中市,太平區,0,0,0,6,,,30,,,,,,,,,,,,,,,23,,,,,B03,,,1,,11,,,23,,1,18,,B03,120.732817,24.142998,3
2022,9,6,18,40,臺中市,西屯區,0,0,0,8,,,1,,,,,,,,,,,,,,,42,,,,,C03,,,1,,1,,,42,,1,22,,C03,120.63393,24.167203,3
2022,9,6,18,42,臺中市,西屯區,0,0,0,6,,,50,,,,,,,,,,,,,,,23,,,,,B12,,,1,,1,,,23,,1,22,,B12,120.647803,24.196278,3
2022,9,6,18,45,臺中市,豐原區,0,0,0,8,,,30,,,,,,,,,,,,,,,17,,,,,A04,,,1,,2,,,17,17,1,22,,A04,120.725891,24.254506,3
2022,9,6,18,50,臺中市,西屯區,0,0,0,8,,,50,,,,,,,,,,,,,,,26,,,,,B03,,,1,,1,,,26,,1,22,,B03,120.604772,24.187601,3
2022,9,6,19,0,臺中市,西屯區,0,0,0,6,,,50,,,,,,,,,,,,,,,23,,,,,C03,,,1,,1,,,23,,1,22,,C03,120.664193,24.17237,3
2022,9,6,19,1,臺中市,西屯區,0,0,0,8,,,30,,,,,,,,,,,,,,,23,,,,,B03,,,1,,2,,,23,23,1,22,,B03,120.62138,24.18418,3
2022,9,6,19,10,臺中市,北屯區,0,0,0,6,,,50,,,,,,,,,,,,,,,7,,,,,B03,,,1,,1,,,7,,1,21,,B03,120.690746,24.163,3
2022,9,6,19,12,臺中市,北屯區,0,2,0,6,3,5,50,14,13,1,4,4,5,7,4,4,5,4,4,2,16,26,2,9,1,1,C03,7,15,1,10,2,11,,26,26,1,21,8,C03,120.668081,24.1784,2
2022,9,6,19,16,臺中市,梧棲區,0,0,0,,,,40,,,,,,,,,,,,,,,26,,,,,C03,,,1,,2,,,26,,1,4,,C03,120.534507,24.250427,3
2022,9,6,19,19,臺中市,西屯區,0,1,0,6,3,5,50,14,9,1,4,4,5,7,1,1,1,4,5,2,18,23,2,9,1,1,C03,7,9,1,10,2,12,,23,23,1,22,5,C03,120.64698,24.156025,2
2022,9,6,19,26,臺中市,南區,0,1,0,6,3,5,50,3,1,1,4,4,5,7,4,4,10,5,5,2,16,6,3,10,1,1,B03,7,6,1,8,2,1,,6,6,1,22,8,B03,120.676056,24.127755,2
2022,9,6,19,33,臺中市,南區,0,2,0,6,3,5,50,3,1,1,4,4,5,7,4,4,10,5,5,2,16,6,2,9,1,1,C03,7,5,1,10,2,11,,6,6,1,22,1,C03,120.669913,24.129872,2
2022,9,6,19,40,臺中市,龍井區,0,0,0,8,,,50,,,,,,,,,,,,,,,23,,,,,B03,,,1,,2,,,23,,1,22,,B03,120.586526,24.191398,3
2022,9,6,19,41,臺中市,南區,0,3,0,6,3,5,50,4,2,1,4,4,5,7,4,4,9,4,4,2,16,23,2,9,1,1,F01,7,5,8,20,8,16,,23,23,1,5,1,F01,120.662901,24.119455,2
2022,9,6,19,45,臺中市,北區,0,1,0,6,1,5,50,4,1,1,4,4,5,7,1,1,10,5,5,2,16,6,3,10,1,1,B12,7,5,1,8,2,8,,6,6,1,22,8,B12,120.676172,24.150283,2
2022,9,6,19,49,臺中市,西屯區,0,0,0,8,,,30,,,,,,,,,,,,,,,23,,,,,B03,,,1,,1,,,23,,1,22,,B03,120.616314,24.181657,3
2022,9,6,19,56,臺中市,西屯區,0,0,0,6,,,50,,,,,,,,,,,,,,,16,,,,,B03,,,1,,1,,,16,,1,22,,B03,120.635058,24.151094,3
2022,9,6,19,57,臺中市,西區,0,1,0,8,3,5,40,4,1,1,5,4,5,7,1,1,10,5,5,2,12,17,2,8,1,1,C03,7,9,1,10,2,14,,17,17,1,4,5,C03,120.66248,24.155572,2
2022,9,6,20,0,臺中市,東區,0,1,0,6,3,5,50,3,1,1,4,4,5,7,4,4,10,5,5,2,16,23,3,10,1,1,B12,7,5,1,8,1,4,,23,23,1,22,9,B12,120.689195,24.141225,2
2022,9,6,20,5,臺中市,北屯區,0,1,0,6,3,5,50,4,1,1,4,4,5,7,1,1,10,5,5,2,2,23,3,10,1,1,B03,7,5,1,8,2,5,,23,23,1,21,8,B03,120.719255,24.178285,2
2022,9,6,20,7,臺中市,南區,0,1,0,7,3,5,50,3,4,1,4,4,5,7,1,1,9,4,4,2,12,23,3,10,1,1,B03,7,14,1,8,2,6,,44,23,1,5,1,B03,120.683983,24.119068,2
2022,9,6,20,13,臺中市,大雅區,0,1,0,8,3,5,50,4,1,1,5,4,5,7,1,1,10,5,5,2,9,15,3,10,1,1,B03,7,5,1,8,2,1,,15,15,1,22,8,B03,120.649964,24.221653,2
2022,9,6,20,18,臺中市,潭子區,0,0,0,6,,,50,,,,,,,,,,,,,,,23,,,,,B03,,,1,,2,,,23,,1,22,,B03,120.699684,24.212256,3
2022,9,6,20,18,臺中市,西屯區,0,2,0,8,4,5,50,14,7,1,5,4,5,7,4,4,9,5,4,2,16,19,2,4,1,1,B03,7,9,1,8,2,1,,23,19,1,22,8,B03,120.610232,24.192453,2
2022,9,6,20,20,臺中市,中區,0,1,0,6,3,5,50,14,9,1,4,4,5,7,1,1,5,4,5,2,9,42,3,10,1,1,A04,7,9,1,2,2,15,,42,42,1,10,8,A04,120.682211,24.140111,2
2022,9,6,20,28,臺中市,西屯區,0,1,0,8,3,5,40,3,1,1,5,4,5,7,4,4,1,4,1,2,12,6,3,10,1,1,B03,7,6,1,8,2,5,,6,6,1,22,8,B03,120.631373,24.168792,2
2022,9,6,20,30,臺中市,大雅區,0,2,0,8,3,5,50,14,8,1,5,4,5,7,4,4,9,4,4,1,17,19,3,10,1,1,B03,7,1,1,8,2,8,,19,19,1,22,9,B03,120.635344,24.214896,2
2022,9,6,20,32,臺中市,南區,0,0,0,,,,50,,,,,,,,,,,,,,,19,,,,,B03,,,1,,2,,,19,,1,22,,B03,120.688965,24.141603,3
2022,9,6,20,45,臺中市,北屯區,0,0,0,8,,,50,,,,,,,,,,,,,,,7,,,,,B03,,,1,,1,,,44,7,1,22,,B03,120.707532,24.186514,3
2022,9,6,20,55,臺中市,中區,0,0,0,6,,,50,,,,,,,,,,,,,,,9,,,,,B03,,,1,,1,,,9,,1,20,,B03,120.674312,24.14279,3
2022,9,6,21,0,臺中市,南屯區,0,1,0,8,3,5,50,4,1,1,5,4,5,7,1,1,5,4,5,2,16,6,3,10,1,1,B03,7,5,1,8,11,5,,6,6,2,22,8,B03,120.59224,24.142556,2
2022,9,6,21,0,臺中市,龍井區,0,2,0,7,3,5,50,4,1,1,5,4,5,7,1,1,10,5,5,2,16,6,3,10,1,1,B02,7,5,1,8,2,2,,6,6,1,22,8,B02,120.583672,24.180713,2
2022,9,6,21,2,臺中市,中區,0,1,0,8,1,5,50,4,1,1,5,4,5,7,1,1,5,2,4,1,17,9,3,10,1,1,B03,7,6,1,8,2,6,,9,9,1,21,7,B03,120.679547,24.142469,2
2022,9,6,21,5,臺中市,西區,0,0,0,,,,60,,,,,,,,,,,,,,,23,,,,,B03,,,3,,1,,,23,,1,5,,B03,120.661521,24.156179,3
2022,9,6,21,6,臺中市,西屯區,0,0,0,8,,,30,,,,,,,,,,,,,,,43,,,,,B03,,,1,,2,,,43,,1,22,,B03,120.64266,24.176081,3
2022,9,6,21,34,臺中市,神岡區,0,0,0,8,,,30,,,,,,,,,,,,,,,5,,,,,B03,,,1,,2,,,5,,1,22,,B03,120.680634,24.244555,3
2022,9,6,21,49,臺中市,北區,0,1,0,7,3,5,50,14,7,1,4,4,5,7,4,4,5,5,4,2,17,26,3,10,1,1,C03,7,5,1,10,2,13,,26,26,1,22,8,C03,120.677948,24.159321,2
2022,9,6,21,49,臺中市,太平區,0,0,0,,,,50,,,,,,,,,,,,,,,42,,,,,B03,,,1,,2,,,42,,1,4,,B03,120.705054,24.159473,3
2022,9,6,22,20,臺中市,西區,0,1,0,8,3,5,50,4,7,1,5,4,5,7,2,1,3,2,4,2,13,23,3,10,1,1,B03,7,9,1,8,1,1,,23,23,1,4,8,B03,120.67502,24.149051,2
2022,9,6,22,22,臺中市,西屯區,0,0,0,8,,,50,,,,,,,,,,,,,,,26,,,,,C03,,,1,,1,,,26,,1,22,,C03,120.648843,24.174845,3
2022,9,6,22,23,臺中市,南區,0,1,0,7,3,5,50,5,1,1,4,4,5,7,1,1,10,5,5,2,18,23,2,9,1,1,C03,7,9,1,10,2,11,,23,23,1,22,9,C03,120.6747,24.12778,2
2022,9,6,22,54,臺中市,清水區,0,1,0,8,3,5,40,14,8,1,5,4,5,7,4,4,1,4,1,1,27,66,2,9,1,1,C02,7,9,1,9,2,11,,44,66,1,21,8,C02,120.534629,24.276374,2
2022,9,6,23,6,臺中市,南區,0,1,0,8,3,5,50,4,1,1,5,4,5,7,4,4,9,4,4,2,16,6,2,9,1,1,C03,7,9,1,10,2,14,,6,6,1,5,1,C03,120.662901,24.119455,2
2022,9,6,23,27,臺中市,西屯區,0,1,0,8,3,5,50,4,2,1,5,4,5,7,1,1,10,5,5,2,13,23,3,10,1,4,B01,7,5,1,4,2,1,,23,23,1,22,8,B01,120.645562,24.172363,2
2022,9,6,23,48,臺中市,中區,0,0,0,,,,50,,,,,,,,,,,,,,,19,,,,,B03,,,3,,2,,,19,,1,5,,B03,120.682581,24.140283,3
2022,9,6,23,53,臺中市,清水區,0,0,0,8,,,50,,,,,,,,,,,,,,,23,,,,,B12,,,1,,9,,,23,,1,21,,B12,120.545983,24.267357,3
2022,9,6,23,56,臺中市,北區,0,0,0,8,3,5,50,11,9,1,5,4,5,7,4,4,2,4,5,2,12,6,3,10,1,1,B03,7,9,1,8,2,8,,6,6,1,5,5,B03,120.691325,24.158994,3
2022,9,7,0,1,臺中市,東區,0,1,0,8,3,5,50,4,1,1,5,4,5,7,1,1,10,5,5,2,15,25,3,10,3,4,B03,7,9,6,8,2,1,,25,25,1,5,8,B03,120.698043,24.139975,2
2022,9,7,1,2,臺中市,西屯區,0,1,0,8,3,5,40,3,1,1,5,4,5,7,2,1,10,5,5,2,16,6,3,10,3,4,B03,7,6,1,8,2,5,,6,6,1,22,8,B03,120.632436,24.162373,2
2022,9,7,2,37,臺中市,北區,0,0,0,,,,50,,,,,,,,,,,,,,,12,,,,,B03,,,1,,2,,,12,,1,22,,B03,120.680704,24.152399,3
2022,9,7,3,7,臺中市,西屯區,0,1,0,8,3,5,35,14,9,1,5,4,5,7,4,4,10,5,5,2,18,23,2,9,1,4,C03,7,9,2,18,2,12,,23,23,1,22,8,C03,120.630264,24.17313,2
2022,9,7,4,44,臺中市,北區,0,0,0,8,3,5,50,4,7,1,5,4,5,7,1,1,1,4,4,2,13,23,3,10,1,1,B03,7,9,1,8,1,1,,23,23,1,5,5,B03,120.68497,24.163492,3
2022,9,7,5,5,臺中市,北區,0,1,0,8,3,5,50,14,7,1,5,4,5,7,2,1,5,4,4,1,16,7,3,10,3,4,B01,7,8,1,8,2,2,,7,7,1,22,9,B01,120.682583,24.153366,2
2022,9,7,6,15,臺中市,神岡區,0,0,0,8,,,50,,,,,,,,,,,,,,,42,,,,,A31,,,1,,1,,,42,42,1,22,,A31,120.694161,24.248517,3
2022,9,7,6,36,臺中市,大甲區,0,0,0,8,,,50,,,,,,,,,,,,,,,23,,,,,C03,,,2,,2,,,23,,1,16,,C03,120.65194,24.37945,3
2022,9,7,6,43,臺中市,西屯區,0,0,0,8,,,30,,,,,,,,,,,,,,,17,,,,,B03,,,1,,9,,,17,,1,22,,B03,120.641071,24.171121,3
2022,9,7,6,50,臺中市,神岡區,0,1,0,8,1,5,50,4,9,1,5,4,5,7,1,1,5,5,5,1,29,67,,,,,,,,,,,,,67,67,1,,,,120.677676,24.265271,2
2022,9,7,7,0,臺中市,北區,0,2,0,8,1,5,50,3,2,1,5,4,5,7,4,4,10,5,5,2,17,43,2,9,1,1,C03,7,9,1,10,2,11,,43,43,1,22,8,C03,120.701227,24.155955,2
2022,9,7,7,13,臺中市,神岡區,0,0,0,8,,,50,,,,,,,,,,,,,,,18,,,,,B12,,,1,,2,,,18,,1,22,,B12,120.660548,24.270554,3
2022,9,7,7,25,臺中市,豐原區,0,0,0,8,,,30,,,,,,,,,,,,,,,6,,,,,B03,,,1,,2,,,6,6,1,22,,B03,120.713088,24.233427,3
2022,9,7,7,27,臺中市,北屯區,0,0,0,8,,,50,,,,,,,,,,,,,,,16,,,,,B03,,,1,,1,,,16,,1,21,,B03,120.688126,24.16839,3
2022,9,7,7,29,臺中市,西屯區,0,0,0,8,,,50,,,,,,,,,,,,,,,6,,,,,B03,,,3,,2,,,6,,1,22,,B03,120.621252,24.186741,3
2022,9,7,7,30,臺中市,大雅區,0,1,0,8,1,5,50,14,9,1,5,4,5,7,1,1,1,4,4,1,3,23,3,10,1,1,B12,7,9,1,8,2,1,,23,23,1,21,8,B12,120.661286,24.219285,2
2022,9,7,7,30,臺中市,神岡區,0,1,0,8,1,5,50,3,1,1,5,4,5,7,4,4,9,5,5,1,17,42,3,10,1,1,B03,7,6,1,8,2,15,,42,42,1,21,8,B03,120.677593,24.260588,2
2022,9,7,7,38,臺中市,大甲區,0,0,0,8,,,50,,,,,,,,,,,,,,,12,,,,,B03,,,1,,2,,,12,,1,22,,B03,120.631218,24.399378,3