年,月,日,時,分,縣市,區,死,受傷,2-30,天候,光線,道路類別,速限,道路型態,事故位置,路面鋪裝,路面狀態,路面缺陷,障礙物,視距,號誌種類,號誌動作,分向設施,快車道或一般車道間,快慢車道間,路面邊線,事故類型及型態,主要肇因,受傷程度,主要傷處,保護裝備,行動電話,當事者區分,車輛用途,當事者行動狀態,駕駛資格情形,駕駛執照種類,飲酒情形,車輛撞擊部位最初,車輛撞擊部位其他,肇事因素個別,肇事因素主要,肇事逃逸,職業,旅次目的,車種,GPS緯度,GPS經度,事故類別
2022,9,7,7,39,臺中市,大甲區,0,0,0,,,,70,,,,,,,,,,,,,,,16,,,,,C03,,,1,,2,,,16,,1,18,,C03,120.614971,24.33387,3
2022,9,7,7,40,臺中市,北屯區,0,1,0,8,1,5,50,4,18,1,5,4,5,7,1,1,10,5,5,2,2,15,3,10,1,1,B03,7,5,1,8,2,1,,15,15,1,21,1,B03,120.687678,24.171873,2
2022,9,7,7,42,臺中市,南屯區,0,3,0,8,1,5,50,4,1,1,5,4,5,7,1,1,10,5,5,2,16,25,2,9,1,4,C03,7,9,1,10,2,11,,25,25,1,22,8,C03,120.641303,24.132266,2
2022,9,7,7,43,臺中市,西屯區,0,0,0,8,,,50,,,,,,,,,,,,,,,6,,,,,B03,,,1,,2,,,6,,1,4,,B03,120.616475,24.19113,3
2022,9,7,7,45,臺中市,大甲區,0,1,0,8,1,5,50,4,1,1,5,4,5,7,4,4,5,5,5,2,16,6,3,10,1,1,B03,7,6,1,8,2,2,,6,6,1,9,1,B03,120.655978,24.385815,2
2022,9,7,7,49,臺中市,神岡區,0,2,0,8,1,5,50,14,9,1,5,4,5,7,4,4,9,5,5,1,16,11,2,9,1,1,C03,7,11,1,10,2,12,,11,11,1,22,9,C03,120.654503,24.258655,2
2022,9,7,7,52,臺中市,西屯區,0,1,0,8,1,5,50,4,1,1,5,4,5,7,2,1,10,5,5,2,16,6,2,9,3,4,C03,7,5,1,10,1,12,,6,6,1,22,8,C03,120.634296,24.16798,2
2022,9,7,7,54,臺中市,豐原區,0,0,0,8,,,50,,,,,,,,,,,,,,,16,,,,,B03,,,1,,2,,,16,,1,21,,B03,120.729472,24.253056,3
2022,9,7,8,0,臺中市,大雅區,0,1,0,8,1,5,50,4,1,1,5,4,5,7,1,1,5,4,4,1,17,6,3,10,1,1,B03,7,5,1,8,2,2,,6,6,1,21,8,B03,120.632982,24.21267,2
2022,9,7,8,3,臺中市,豐原區,0,2,0,8,1,5,50,5,2,1,5,4,5,7,3,1,8,3,4,1,17,26,2,9,3,4,C03,7,9,1,10,2,12,,26,26,1,22,8,C03,120.717566,24.249572,2
2022,9,7,8,5,臺中市,清水區,0,1,0,8,1,5,40,14,8,1,5,4,5,7,1,1,8,3,3,1,13,23,3,10,1,1,B12,7,9,1,8,2,1,,23,23,1,21,8,B12,120.552289,24.293688,2
2022,9,7,8,6,臺中市,西屯區,0,0,0,8,,,50,,,,,,,,,,,,,,,16,,,,,B03,,,1,,1,,,16,,1,22,,B03,120.644338,24.171428,3
2022,9,7,8,7,臺中市,西區,0,1,0,8,1,5,50,4,1,1,5,4,5,7,4,4,10,5,5,2,15,6,2,9,1,1,C03,7,9,1,10,2,12,,6,6,1,22,9,C03,120.670488,24.151252,2
2022,9,7,8,9,臺中市,南屯區,0,0,0,8,,,50,,,,,,,,,,,,,,,8,,,,,B03,,,1,,1,,,8,,1,22,,B03,120.613969,24.150324,3
2022,9,7,8,10,臺中市,西屯區,0,1,0,8,1,5,30,4,1,1,5,4,5,7,4,4,10,5,5,2,16,6,3,10,1,1,B01,7,6,1,3,1,8,,6,6,1,22,8,B01,120.616158,24.185663,2
2022,9,7,8,13,臺中市,梧棲區,0,0,0,,,,40,,,,,,,,,,,,,,,23,,,,,B12,,,1,,2,,,23,,1,4,,B12,120.552505,24.248609,3
2022,9,7,8,14,臺中市,西屯區,0,0,0,8,,,50,,,,,,,,,,,,,,,23,,,,,A41,,,1,,1,,,23,,1,4,,A41,120.650778,24.190673,3
2022,9,7,8,15,臺中市,北區,0,1,0,8,1,5,50,14,8,1,5,4,5,7,4,4,9,4,4,2,16,11,2,8,3,4,C03,7,11,1,10,2,12,,11,11,1,5,8,C03,120.681758,24.151207,2
2022,9,7,8,15,臺中市,北區,0,0,0,8,,,50,,,,,,,,,,,,,,,17,,,,,B03,,,1,,2,,,17,,1,22,,B03,120.682013,24.165389,3
2022,9,7,8,20,臺中市,北屯區,0,0,0,8,,,40,,,,,,,,,,,,,,,26,,,,,B03,,,,,1,,,26,26,1,22,,B03,120.723056,24.181635,3
2022,9,7,8,23,臺中市,西屯區,0,0,0,8,,,50,,,,,,,,,,,,,,,6,,,,,B03,,,1,,1,,,6,,1,22,,B03,120.652993,24.166381,3
2022,9,7,8,29,臺中市,西區,0,0,0,,,,50,,,,,,,,,,,,,,,23,,,,,B03,,,1,,1,,,23,,1,21,,B03,120.671361,24.145581,3
2022,9,7,8,35,臺中市,西屯區,0,1,0,8,1,5,50,4,1,1,5,4,5,7,1,1,1,4,5,2,13,16,3,10,3,1,C03,7,9,1,10,1,11,,16,16,1,22,8,C03,120.636528,24.170784,2
2022,9,7,8,35,臺中市,清水區,0,0,0,8,,,30,,,,,,,,,,,,,,,19,,,,,A12,,,1,,1,,,19,19,1,22,,A12,120.566929,24.32297,3
2022,9,7,8,35,臺中市,清水區,0,0,0,8,,,50,,,,,,,,,,,,,,,12,,,,,B03,,,1,,2,,,12,,1,19,,B03,120.576727,24.268943,3
2022,9,7,8,36,臺中市,大里區,0,2,0,8,1,5,30,4,1,1,5,4,5,7,4,4,10,5,5,2,13,23,2,8,1,1,C03,7,9,1,10,2,11,,23,23,1,22,8,C03,120.699169,24.088031,2
2022,9,7,8,56,臺中市,北區,0,0,0,8,,,50,,,,,,,,,,,,,,,19,,,,,B12,,,1,,1,,,19,,1,21,,B12,120.677125,24.16586,3
2022,9,7,8,59,臺中市,西屯區,0,2,0,8,1,5,30,3,1,1,5,4,5,7,4,4,10,5,5,2,16,6,2,7,1,1,C03,7,5,1,10,2,14,,6,6,1,22,8,C03,120.634776,24.184766,2
2022,9,7,9,8,臺中市,大里區,0,1,0,8,1,5,50,5,1,1,5,4,5,7,4,4,10,5,5,1,15,19,2,9,1,1,C03,7,1,3,18,2,14,,19,19,1,4,8,C03,120.699119,24.089421,2
2022,9,7,9,9,臺中市,太平區,0,1,0,8,1,5,30,3,1,1,5,4,5,7,4,4,5,5,5,2,16,6,3,10,1,1,B03,7,5,1,8,2,8,,6,6,1,21,8,B03,120.701195,24.11243,2
2022,9,7,9,33,臺中市,東區,0,1,0,8,1,5,50,3,1,1,5,4,5,7,4,4,10,5,5,2,16,26,2,9,1,1,C03,7,9,1,10,2,11,,26,26,1,21,8,C03,120.691586,24.12906,2
2022,9,7,9,34,臺中市,豐原區,0,1,0,8,1,5,40,3,7,1,5,4,5,7,1,1,5,4,4,2,12,8,2,8,1,1,C03,7,5,1,10,2,14,,8,8,1,22,8,C03,120.707369,24.247248,2
2022,9,7,9,43,臺中市,西屯區,0,1,0,8,1,5,40,14,8,1,5,4,5,7,4,4,10,5,5,2,18,43,2,9,1,4,C03,7,9,1,10,2,14,,43,43,1,4,8,C03,120.628653,24.175606,2
2022,9,7,9,46,臺中市,西屯區,0,0,0,8,,,50,,,,,,,,,,,,,,,8,,,,,B03,,,1,,1,,,8,,1,22,,B03,120.65603,24.199776,3
2022,9,7,9,55,臺中市,西區,0,0,0,8,,,50,,,,,,,,,,,,,,,23,,,,,B02,,,1,,2,,,23,,1,22,,B02,120.660371,24.158086,3
2022,9,7,10,9,臺中市,北屯區,0,0,0,8,,,50,,,,,,,,,,,,,,,12,,,,,B12,,,1,,2,,,12,,1,21,,B12,120.668985,24.181856,3
2022,9,7,10,10,臺中市,西屯區,0,0,0,8,,,50,,,,,,,,,,,,,,,44,,,,,A41,,,1,,1,,,44,,1,22,,A41,120.654844,24.199091,3
2022,9,7,10,12,臺中市,梧棲區,0,0,0,,,,40,,,,,,,,,,,,,,,26,,,,,B03,,,1,,2,,,26,,1,4,,B03,120.51419,24.230198,3
2022,9,7,10,14,臺中市,沙鹿區,0,1,0,8,1,5,50,3,1,1,5,4,5,7,4,4,1,4,4,2,17,6,2,9,1,1,C03,7,6,3,18,2,14,,6,6,1,20,8,C03,120.560164,24.238528,2
2022,9,7,10,25,臺中市,北區,0,1,0,8,1,5,50,4,1,1,5,4,5,7,1,1,5,3,5,2,12,33,3,10,1,1,C03,7,9,1,10,2,14,,33,33,1,21,8,C03,120.682335,24.153988,2
2022,9,7,10,27,臺中市,大甲區,0,0,0,8,,,50,,,,,,,,,,,,,,,23,,,,,B03,,,1,,2,,,23,,1,9,,B03,120.633405,24.345106,3
2022,9,7,10,34,臺中市,西區,0,1,0,8,1,5,50,4,1,1,5,4,5,7,2,1,10,5,5,2,15,25,3,10,1,1,C03,7,9,1,10,1,11,,25,25,1,5,8,C03,120.661694,24.132131,2
2022,9,7,10,40,臺中市,大雅區,0,0,0,8,,,30,,,,,,,,,,,,,,,6,,,,,B03,,,1,,2,,,6,,1,21,,B03,120.640349,24.207043,3
2022,9,7,10,40,臺中市,大雅區,0,0,0,8,,,50,,,,,,,,,,,,,,,23,,,,,C03,,,1,,2,,,23,,1,22,,C03,120.64888,24.225274,3
2022,9,7,10,40,臺中市,西區,0,2,0,8,1,5,50,4,1,1,5,4,5,7,4,4,10,5,5,2,15,6,2,9,1,1,C03,7,9,1,10,2,11,,6,6,1,21,8,C03,120.659569,24.159946,2
2022,9,7,10,40,臺中市,南區,0,1,0,8,1,5,50,11,9,1,5,4,5,7,4,4,5,5,5,2,17,23,2,9,1,1,C03,7,1,1,10,2,12,,23,23,1,21,8,C03,120.663107,24.119199,2
2022,9,7,10,41,臺中市,北區,0,0,0,,,,40,,,,,,,,,,,,,,,23,,,,,B12,,,1,,1,,,23,,1,5,,B12,120.67718,24.172742,3
2022,9,7,10,45,臺中市,北屯區,0,0,0,,,,50,,,,,,,,,,,,,,,26,,,,,B03,,,1,,1,,,26,26,1,22,,B03,120.70736,24.187928,3
2022,9,7,10,49,臺中市,北區,0,1,0,8,1,5,50,3,1,1,5,4,5,7,4,4,10,5,5,2,17,6,3,10,1,1,B03,7,6,1,8,2,8,,6,6,1,22,8,B03,120.672703,24.165161,2
2022,9,7,10,50,臺中市,豐原區,0,1,0,8,1,5,50,4,1,1,5,4,5,7,3,1,10,5,5,2,16,6,2,9,1,1,C03,7,5,1,10,2,12,,6,6,1,21,8,C03,120.727125,24.256999,2
2022,9,7,10,59,臺中市,清水區,0,0,0,8,,,50,,,,,,,,,,,,,,,23,,,,,B03,,,1,,2,,,23,,1,21,,B03,120.575482,24.267171,3
2022,9,7,11,8,臺中市,新社區,0,3,0,8,1,5,50,3,1,1,5,4,5,7,4,4,5,5,5,1,16,6,2,9,1,1,C03,7,9,1,10,2,11,,6,6,1,7,8,C03,120.81472,24.2371,2
2022,9,7,11,22,臺中市,南區,0,0,0,8,1,5,50,14,9,1,5,4,5,7,4,4,5,2,5,2,17,23,3,10,1,1,B03,7,8,1,8,2,6,,23,23,1,5,8,B03,120.683251,24.133474,3
2022,9,7,11,22,臺中市,清水區,0,1,0,8,1,5,50,4,1,1,5,4,5,7,4,4,10,5,5,2,15,6,3,10,1,1,B03,7,9,1,2,2,2,,6,6,1,5,5,B03,120.568948,24.267098,2
2022,9,7,11,23,臺中市,北區,0,1,0,8,1,5,50,4,1,1,5,4,5,7,1,1,5,5,4,2,16,6,3,10,1,1,B03,7,6,1,8,2,8,,6,6,1,21,8,B03,120.678132,24.148846,2
2022,9,7,11,24,臺中市,后里區,0,0,0,8,1,5,50,14,8,1,5,4,5,7,4,4,1,4,4,1,14,12,,,,,B03,,,1,,2,,,38,12,1,21,,B03,120.721937,24.308193,3
2022,9,7,11,29,臺中市,北區,0,1,0,8,1,5,40,4,8,1,5,4,5,7,1,1,4,4,4,2,17,16,2,9,1,1,C04,7,15,1,10,2,14,,16,16,1,22,9,C04,120.679606,24.152023,2
2022,9,7,11,30,臺中市,西區,0,0,0,8,,,50,,,,,,,,,,,,,,,23,,,,,B03,,,1,,1,,,23,,1,21,,B03,120.670648,24.144675,4
2022,9,7,11,40,臺中市,大雅區,0,2,0,8,1,5,50,4,8,1,5,4,5,7,1,1,9,4,5,1,17,6,2,7,1,1,C03,7,5,1,10,2,13,,6,6,1,22,9,C03,120.649737,24.223057,2
2022,9,7,11,43,臺中市,西屯區,0,1,0,8,1,5,50,3,2,1,5,4,5,7,4,4,5,5,5,2,17,43,2,8,1,1,C03,7,9,1,10,1,11,,43,43,1,22,8,C03,120.644848,24.173238,2
2022,9,7,11,48,臺中市,西區,0,0,0,8,,,40,,,,,,,,,,,,,,,9,,,,,B03,,,1,,1,,,9,,1,5,,B03,120.673205,24.147676,3
2022,9,7,11,48,臺中市,北屯區,0,0,0,8,,,50,,,,,,,,,,,,,,,23,,,,,B03,,,1,,1,,,23,,1,21,,B03,120.668966,24.181741,3
2022,9,7,11,53,臺中市,西屯區,0,0,0,8,,,50,,,,,,,,,,,,,,,23,,,,,B03,,,1,,1,,,23,,1,4,,B03,120.645758,24.172616,3
2022,9,7,11,55,臺中市,石岡區,0,0,0,8,,,50,,,,,,,,,,,,,,,23,,,,,C03,,,1,,2,,,23,,1,22,,C03,120.816033,24.259308,3
2022,9,7,11,56,臺中市,豐原區,0,0,0,8,,,40,,,,,,,,,,,,,,,19,,,,,B12,,,1,,2,,,19,19,1,22,,B12,120.726928,24.247563,3
2022,9,7,11,58,臺中市,豐原區,0,0,0,8,,,50,,,,,,,,,,,,,,,4,,,,,C03,,,1,,2,,,4,4,1,21,,C03,120.717116,24.252178,3
2022,9,7,12,0,臺中市,西屯區,0,0,0,8,,,40,,,,,,,,,,,,,,,12,,,,,B12,,,1,,1,,,12,,1,22,,B12,120.589811,24.174273,3
2022,9,7,12,0,臺中市,神岡區,0,0,0,8,,,50,,,,,,,,,,,,,,,26,,,,,B03,,,1,,2,,,26,,1,21,,B03,120.703605,24.261973,3
2022,9,7,12,2,臺中市,太平區,0,0,0,8,,,50,,,,,,,,,,,,,,,1,,,,,C03,,,1,,1,,,1,,1,3,,C03,120.713356,24.125844,3
2022,9,7,12,11,臺中市,豐原區,0,1,0,8,1,5,50,4,2,1,5,4,5,7,1,1,5,4,5,1,13,16,2,9,1,1,C03,7,9,3,18,2,11,,16,16,1,22,8,C03,120.720678,24.26768,2
2022,9,7,12,23,臺中市,北區,0,0,0,8,,,50,,,,,,,,,,,,,,,12,,,,,B03,,,1,,1,,,12,,1,22,,B03,120.675654,24.14775,3
2022,9,7,12,25,臺中市,南屯區,0,1,0,8,1,5,50,5,1,1,5,4,5,7,1,1,10,5,5,2,18,22,2,9,1,1,C03,7,15,1,10,2,12,,22,22,1,5,8,C03,120.637546,24.142751,2
2022,9,7,12,28,臺中市,潭子區,0,0,0,8,,,50,,,,,,,,,,,,,,,23,,,,,B12,,,1,,2,,,23,23,1,22,,B12,120.706406,24.203612,3
2022,9,7,12,29,臺中市,西區,0,0,0,,,,50,,,,,,,,,,,,,,,23,,,,,B03,,,1,,1,,,23,,1,21,,B03,120.666907,24.153208,3
2022,9,7,12,34,臺中市,豐原區,0,1,0,8,1,5,50,3,2,1,5,4,5,7,4,4,5,4,4,2,11,6,2,9,1,1,C03,7,5,3,18,2,12,,6,6,1,22,8,C03,120.725759,24.257343,2
2022,9,7,12,35,臺中市,北區,0,0,0,8,,,40,,,,,,,,,,,,,,,38,,,,,B03,,,1,,11,,,38,,1,21,,B03,120.679922,24.159125,3
2022,9,7,12,35,臺中市,沙鹿區,0,1,0,8,1,5,50,14,9,1,5,4,5,7,4,4,5,5,5,2,14,12,3,10,1,1,B12,7,2,1,8,2,3,,12,12,1,21,8,B12,120.573473,24.226928,2
2022,9,7,12,40,臺中市,東區,0,1,0,8,1,5,50,4,1,1,5,4,5,7,4,4,10,5,5,2,13,23,3,10,1,1,C03,7,9,1,10,2,11,,23,23,1,21,8,C03,120.688383,24.133126,2
2022,9,7,12,40,臺中市,大甲區,0,2,0,8,1,5,50,4,1,1,5,4,5,7,4,4,5,5,5,2,16,23,2,9,1,1,C03,7,9,1,10,2,14,,23,23,1,5,3,C03,120.620663,24.349363,2
2022,9,7,12,44,臺中市,潭子區,0,1,0,8,1,5,40,14,13,1,5,4,5,7,4,4,1,4,5,1,17,43,2,9,1,1,C03,7,1,1,10,2,12,,43,43,1,22,8,C03,120.698449,24.216664,2
2022,9,7,12,46,臺中市,沙鹿區,0,0,0,8,,,40,,,,,,,,,,,,,,,23,,,,,C03,,,1,,2,,,23,23,1,18,,C03,120.575698,24.22715,3
2022,9,7,12,50,臺中市,龍井區,0,0,0,8,,,50,,,,,,,,,,,,,,,23,,,,,C03,,,6,,2,,,23,,1,22,,C03,120.583791,24.181225,3
2022,9,7,13,7,臺中市,南區,0,0,0,,,,40,,,,,,,,,,,,,,,23,,,,,C03,,,1,,2,,,23,,1,21,,C03,120.678171,24.132176,3
2022,9,7,13,7,臺中市,沙鹿區,0,1,0,8,1,5,50,14,7,1,5,4,5,7,4,4,5,5,4,2,13,23,2,9,1,1,C03,7,9,1,10,2,11,,23,23,1,21,8,C03,120.568512,24.229634,2
2022,9,7,13,8,臺中市,北區,0,2,0,8,1,5,50,3,2,1,5,4,5,7,4,4,10,5,5,2,17,19,2,9,1,1,C03,7,1,1,10,2,11,,19,19,1,22,8,C03,120.68668,24.164199,2
2022,9,7,13,12,臺中市,西屯區,0,1,0,8,1,5,50,4,1,1,5,4,5,7,1,1,1,4,4,2,17,43,2,7,1,1,C03,7,9,1,10,1,15,,43,43,1,22,8,C03,120.654775,24.19608,2
2022,9,7,13,14,臺中市,太平區,0,0,0,8,,,50,,,,,,,,,,,,,,,17,,,,,B03,,,1,,2,,,17,,1,19,,B03,120.718721,24.147747,3
2022,9,7,13,15,臺中市,西屯區,0,0,0,8,,,50,,,,,,,,,,,,,,,26,,,,,B03,,,1,,1,,,26,,1,4,,B03,120.656401,24.19646,3
2022,9,7,13,17,臺中市,北屯區,0,0,0,8,,,50,,,,,,,,,,,,,,,26,,,,,B03,,,1,,1,,,26,,1,22,,B03,120.718915,24.163313,3
2022,9,7,13,30,臺中市,西屯區,0,0,0,8,,,60,,,,,,,,,,,,,,,7,,,,,B03,,,1,,1,,,7,,1,1,,B03,120.657655,24.158401,3
2022,9,7,13,32,臺中市,北屯區,0,1,0,8,1,5,50,14,7,1,5,4,5,7,4,4,5,2,4,2,12,1,3,10,1,1,B03,7,9,6,18,2,5,,1,1,1,21,8,B03,120.69149,24.170196,2
2022,9,7,13,34,臺中市,西區,0,1,0,8,1,5,50,3,1,1,5,4,1,7,2,1,1,5,5,2,16,6,3,10,1,1,A12,7,11,1,7,2,1,,6,6,1,4,8,A12,120.657737,24.154201,2
2022,9,7,13,35,臺中市,西屯區,0,1,0,8,1,5,50,14,7,1,5,4,5,7,4,4,8,4,4,1,16,10,3,10,1,4,B01,7,11,1,8,2,4,,10,10,1,4,8,B01,120.65616,24.170153,2
2022,9,7,13,41,臺中市,梧棲區,0,0,0,,,,40,,,,,,,,,,,,,,,12,,,,,B03,,,1,,1,,,12,,1,4,,B03,120.531667,24.255434,3
2022,9,7,13,48,臺中市,潭子區,0,0,0,8,,,50,,,,,,,,,,,,,,,23,,,,,B12,,,1,,2,,,44,44,1,22,,B12,120.699579,24.200833,3
2022,9,7,14,0,臺中市,西屯區,0,0,0,8,,,50,,,,,,,,,,,,,,,40,,,,,B12,,,1,,1,,,40,,1,22,,B12,120.649403,24.167161,3
2022,9,7,14,4,臺中市,北區,0,0,0,,,,50,,,,,,,,,,,,,,,23,,,,,B03,,,1,,2,,,23,,1,5,,B03,120.684951,24.163585,3
2022,9,7,14,4,臺中市,西屯區,0,1,0,8,1,5,50,4,1,1,5,4,5,7,1,1,9,4,4,2,11,6,3,10,1,1,B11,7,5,1,8,2,2,,6,6,1,12,8,B11,120.644469,24.202931,2
2022,9,7,14,5,臺中市,龍井區,0,1,0,8,1,5,30,4,1,1,5,4,5,7,1,1,10,5,5,2,15,25,2,9,1,1,C03,7,9,1,10,2,11,,25,25,1,20,8,C03,120.541811,24.216156,2
2022,9,7,14,19,臺中市,南屯區,0,0,0,8,,,50,,,,,,,,,,,,,,,12,,,,,B12,,,1,,2,,,12,,1,22,,B12,120.601104,24.14307,3
2022,9,7,14,19,臺中市,神岡區,0,0,0,8,,,50,,,,,,,,,,,,,,,7,,,,,B03,,,1,,1,,,7,,1,22,,B03,120.695785,24.248473,3
2022,9,7,14,28,臺中市,豐原區,0,0,0,8,,,50,,,,,,,,,,,,,,,17,,,,,B03,,,1,,2,,,17,,1,21,,B03,120.70755,24.25022,3
2022,9,7,14,36,臺中市,西區,0,0,0,8,,,50,,,,,,,,,,,,,,,26,,,,,B03,,,1,,1,,,26,26,1,5,,B03,120.672769,24.135858,3
2022,9,7,14,50,臺中市,西區,0,0,0,,,,40,,,,,,,,,,,,,,,16,,,,,C03,,,1,,1,,,16,,1,21,,C03,120.661536,24.138967,3
2022,9,7,14,57,臺中市,北屯區,0,0,0,8,,,50,,,,,,,,,,,,,,,23,,,,,B03,,,1,,1,,,23,,1,21,,B03,120.705275,24.180061,3
2022,9,7,15,0,臺中市,南區,0,1,0,8,1,5,50,4,1,1,5,4,5,7,2,1,5,4,4,2,16,6,3,10,1,1,B01,7,6,1,3,2,2,,6,6,1,10,5,B01,120.653832,24.122322,2
2022,9,7,15,5,臺中市,西區,0,0,0,8,,,50,,,,,,,,,,,,,,,16,,,,,C03,,,1,,1,,,16,,1,22,,C03,120.674271,24.148307,3
2022,9,7,15,9,臺中市,梧棲區,0,0,0,8,,,60,,,,,,,,,,,,,,,9,,,,,A41,,,1,,2,,,9,,1,10,,A41,120.53483,24.246269,3
2022,9,7,15,19,臺中市,潭子區,0,0,0,8,,,40,,,,,,,,,,,,,,,23,,,,,B03,,,1,,9,,,23,,2,22,,B03,120.709259,24.22981,3
2022,9,7,15,20,臺中市,大甲區,0,3,0,8,1,5,50,14,9,1,5,4,5,7,4,4,9,5,5,1,17,19,2,9,1,1,C04,7,1,1,10,2,14,,19,19,1,22,8,C04,120.623474,24.347136,2
2022,9,7,15,23,臺中市,豐原區,0,1,0,8,1,5,50,14,9,1,5,4,5,7,4,4,5,5,5,1,16,23,2,8,1,1,C03,7,9,1,10,2,11,,23,23,1,21,8,C03,120.709197,24.251165,2
2022,9,7,15,25,臺中市,新社區,0,0,0,6,,,30,,,,,,,,,,,,,,,23,,,,,B12,,,1,,2,,,23,,1,22,,B12,120.83111,24.155696,3
2022,9,7,15,27,臺中市,西屯區,0,0,0,8,,,50,,,,,,,,,,,,,,,23,,,,,B03,,,1,,1,,,23,,1,22,,B03,120.60434,24.173016,3
2022,9,7,15,30,臺中市,北屯區,0,0,0,8,,,50,,,,,,,,,,,,,,,12,,,,,B12,,,1,,1,,,12,,1,22,,B12,120.685965,24.178281,3
2022,9,7,15,30,臺中市,霧峰區,0,0,0,8,,,50,,,,,,,,,,,,,,,17,,,,,,,,,,,,,17,,1,,,,120.698812,24.064655,3
2022,9,7,15,34,臺中市,西屯區,0,1,0,8,1,5,50,14,9,1,5,4,5,7,4,4,4,3,4,2,29,67,,,,,,,,,,,,,67,67,1,,,,120.603578,24.175013,2
2022,9,7,15,49,臺中市,西區,0,0,0,8,,,50,,,,,,,,,,,,,,,26,,,,,B03,,,,,2,,,26,,1,20,,B03,120.67553,24.141693,3
2022,9,7,15,57,臺中市,大甲區,0,0,0,,,,50,,,,,,,,,,,,,,,12,,,,,B12,,,1,,1,,,12,12,1,22,,B12,120.641398,24.404707,3
2022,9,7,16,3,臺中市,北屯區,0,1,0,8,1,5,40,14,7,1,5,4,5,7,4,4,5,4,5,2,16,19,3,10,1,1,B03,7,1,1,8,2,8,,19,19,1,22,8,B03,120.691508,24.169785,2
2022,9,7,16,15,臺中市,豐原區,0,0,0,8,,,60,,,,,,,,,,,,,,,16,,,,,B03,,,1,,2,,,16,16,1,22,,B03,120.704819,24.253761,3
2022,9,7,16,20,臺中市,東區,0,0,0,,,,50,,,,,,,,,,,,,,,23,,,,,C03,,,1,,1,,,23,,1,22,,C03,120.687302,24.13483,3
2022,9,7,16,22,臺中市,東區,0,1,0,6,1,5,50,3,4,1,4,4,5,7,1,1,9,4,4,2,12,23,3,10,1,1,B03,7,9,1,8,2,1,,23,23,1,5,1,B03,120.690009,24.137917,2
2022,9,7,16,28,臺中市,神岡區,0,0,0,8,,,50,,,,,,,,,,,,,,,23,,,,,B12,,,1,,2,,,23,,1,21,,B12,120.655955,24.259956,3
2022,9,7,16,40,臺中市,清水區,0,1,0,8,1,5,50,3,1,1,5,4,5,5,4,4,5,5,4,2,17,4,3,10,1,1,C03,7,5,1,10,2,11,,4,4,1,21,8,C03,120.572362,24.273261,2
2022,9,7,16,46,臺中市,北屯區,0,1,0,8,1,5,40,3,2,1,5,4,5,7,4,4,1,4,4,2,17,16,2,9,1,1,C03,7,9,1,10,2,11,,16,16,1,22,8,C03,120.686512,24.193214,2
2022,9,7,16,59,臺中市,西屯區,0,1,0,8,1,5,30,11,9,1,5,4,5,7,4,4,10,5,5,2,10,5,2,9,1,1,F03,7,9,8,20,2,16,,5,5,1,16,5,F03,120.63385,24.172435,2
2022,9,7,17,0,臺中市,西屯區,0,1,0,8,2,5,50,14,9,1,5,4,5,7,4,4,5,4,5,2,16,26,2,9,3,4,C03,7,5,1,10,2,11,,26,26,1,22,8,C03,120.619601,24.187458,2
2022,9,7,17,0,臺中市,西屯區,0,1,0,8,1,5,50,3,1,1,5,4,5,7,4,4,10,5,5,2,13,16,3,10,1,1,B03,7,9,1,8,2,1,,16,16,1,4,8,B03,120.613668,24.17294,2
2022,9,7,17,3,臺中市,潭子區,0,0,0,6,,,40,,,,,,,,,,,,,,,23,,,,,B03,,,1,,2,,,23,23,1,22,,B03,120.705645,24.226059,3
2022,9,7,17,5,臺中市,西屯區,0,1,0,8,1,5,40,3,1,1,5,4,5,7,4,4,10,5,5,2,16,6,3,10,3,4,B11,7,6,1,8,2,5,,6,6,1,22,8,B11,120.640553,24.202408,2
2022,9,7,17,13,臺中市,西屯區,0,0,0,8,,,40,,,,,,,,,,,,,,,7,,,,,B03,,,1,,1,,,7,,1,22,,B03,120.643643,24.165818,3
2022,9,7,17,18,臺中市,南區,0,0,0,,,,50,,,,,,,,,,,,,,,23,,,,,B03,,,1,,2,,,23,,1,22,,B03,120.674535,24.128401,3
2022,9,7,17,19,臺中市,南屯區,0,1,0,8,1,5,50,4,1,1,5,4,5,7,2,1,5,2,4,2,11,6,3,10,3,4,B03,7,5,1,8,2,6,,6,6,1,22,9,B03,120.636216,24.146725,2
2022,9,7,17,19,臺中市,豐原區,0,2,0,8,1,5,50,3,7,1,5,4,5,7,3,1,5,5,4,2,17,26,2,9,1,1,C03,7,5,1,10,2,13,,26,26,1,22,8,C03,120.719388,24.25768,2
2022,9,7,17,21,臺中市,西屯區,0,1,0,8,1,5,50,3,1,1,5,4,5,7,4,4,10,5,5,2,13,23,3,10,1,1,B02,7,5,1,8,2,8,,23,23,1,22,8,B02,120.615187,24.1824,2
2022,9,7,17,22,臺中市,西屯區,0,0,0,8,,,50,,,,,,,,,,,,,,,7,,,,,B03,,,1,,2,,,7,,1,22,,B03,120.650781,24.16397,3
2022,9,7,17,24,臺中市,大雅區,0,1,0,8,1,5,40,4,1,1,5,4,5,7,1,1,10,5,5,2,17,43,2,8,1,1,C03,7,9,1,10,2,11,,43,43,1,22,8,C03,120.649223,24.216178,2