年,月,日,時,分,縣市,區,死,受傷,2-30,天候,光線,道路類別,速限,道路型態,事故位置,路面鋪裝,路面狀態,路面缺陷,障礙物,視距,號誌種類,號誌動作,分向設施,快車道或一般車道間,快慢車道間,路面邊線,事故類型及型態,主要肇因,受傷程度,主要傷處,保護裝備,行動電話,當事者區分,車輛用途,當事者行動狀態,駕駛資格情形,駕駛執照種類,飲酒情形,車輛撞擊部位最初,車輛撞擊部位其他,肇事因素個別,肇事因素主要,肇事逃逸,職業,旅次目的,車種,GPS緯度,GPS經度,事故類別
2022,9,7,17,26,臺中市,豐原區,0,0,0,8,,,50,,,,,,,,,,,,,,,16,,,,,B03,,,1,,2,,,16,16,1,21,,B03,120.748294,24.267203,3
2022,9,7,17,28,臺中市,北屯區,0,1,0,8,1,5,50,3,1,1,5,4,5,7,4,4,10,5,5,2,16,6,3,10,1,1,B03,7,5,1,8,2,4,,6,6,1,5,8,B03,120.730228,24.175571,2
2022,9,7,17,29,臺中市,南屯區,0,1,0,6,2,5,50,4,1,1,4,4,5,7,1,1,10,5,5,2,16,26,3,10,1,1,C03,7,5,1,10,2,13,,26,26,1,9,8,C03,120.622833,24.149723,2
2022,9,7,17,29,臺中市,太平區,0,0,0,8,,,50,,,,,,,,,,,,,,,23,,,,,B03,,,1,,2,,,23,,1,21,,B03,120.707977,24.128762,3
2022,9,7,17,32,臺中市,潭子區,0,1,0,8,2,5,50,14,9,1,5,4,5,7,4,4,5,4,5,1,16,26,3,10,1,1,C03,7,11,1,10,2,11,,26,26,1,22,8,C03,120.70067,24.212023,2
2022,9,7,17,33,臺中市,北屯區,0,2,0,6,1,5,50,14,8,1,4,4,5,7,4,4,5,5,4,2,16,10,2,9,1,1,C03,7,11,1,10,2,11,,10,10,1,22,8,C03,120.670498,24.178533,2
2022,9,7,17,34,臺中市,南屯區,0,0,0,7,1,5,50,14,9,1,4,4,5,7,1,1,3,4,5,2,17,23,3,10,1,1,B03,7,9,1,8,8,1,,23,23,1,22,8,B03,120.625542,24.145015,3
2022,9,7,17,42,臺中市,北區,0,1,0,6,2,5,50,4,1,1,4,4,5,3,4,4,10,4,5,2,17,23,2,9,1,1,C03,7,9,1,10,2,14,,23,23,1,21,8,C03,120.675574,24.14859,2
2022,9,7,17,45,臺中市,北屯區,0,2,0,8,3,5,40,14,7,1,5,4,5,7,4,4,1,4,4,1,17,23,2,9,1,1,C03,7,9,1,10,2,11,,23,23,1,5,8,C03,120.690153,24.162958,2
2022,9,7,17,50,臺中市,中區,0,0,0,,,,50,,,,,,,,,,,,,,,44,,,,,C03,,,1,,1,,,44,,1,20,,C03,120.675449,24.143945,3
2022,9,7,17,51,臺中市,梧棲區,0,0,0,8,,,50,,,,,,,,,,,,,,,16,,,,,B03,,,1,,2,,,16,,1,2,,B03,120.54828,24.247321,3
2022,9,7,18,0,臺中市,潭子區,0,1,0,8,3,5,30,4,1,1,5,4,5,7,4,4,10,5,5,2,16,6,3,10,1,1,B03,7,5,1,8,2,1,,6,6,1,22,8,B03,120.692397,24.21834,2
2022,9,7,18,0,臺中市,西屯區,0,0,0,8,,,50,,,,,,,,,,,,,,,17,,,,,B03,,,1,,9,,,38,17,1,22,,B03,120.645699,24.172492,3
2022,9,7,18,0,臺中市,西屯區,0,1,0,8,1,5,50,4,1,1,5,4,5,7,1,1,9,4,5,2,11,10,3,10,1,1,B03,7,11,1,8,2,1,,10,10,1,12,8,B03,120.624897,24.195935,2
2022,9,7,18,1,臺中市,北屯區,0,1,0,8,2,5,50,4,1,1,5,4,5,7,3,1,10,5,5,2,15,6,2,9,1,1,C03,7,9,1,10,2,11,,6,6,1,21,8,C03,120.6899,24.165892,2
2022,9,7,18,4,臺中市,西屯區,0,1,0,8,1,5,70,3,1,1,5,4,5,7,4,4,1,4,5,2,16,6,3,10,1,1,B03,7,6,1,8,1,2,,6,6,1,4,8,B03,120.626515,24.177639,2
2022,9,7,18,8,臺中市,太平區,0,0,0,6,,,50,,,,,,,,,,,,,,,16,,,,,B03,,,1,,1,,,16,,1,22,,B03,120.71512,24.138185,3
2022,9,7,18,23,臺中市,西屯區,0,0,0,8,,,80,,,,,,,,,,,,,,,16,,,,,B03,,,1,,1,,,16,,1,22,,B03,120.634948,24.179291,3
2022,9,7,18,23,臺中市,新社區,0,1,0,8,3,5,50,4,1,1,5,4,5,7,4,4,10,5,5,2,16,6,2,7,1,1,C03,7,5,1,10,2,12,,6,6,1,22,9,C03,120.80724,24.241218,2
2022,9,7,18,24,臺中市,南區,0,1,0,6,3,5,50,14,9,1,4,4,5,7,4,4,9,4,4,2,12,19,3,10,1,1,B01,7,1,1,4,2,4,,19,19,1,5,1,B01,120.671931,24.12191,2
2022,9,7,18,35,臺中市,西區,0,1,0,8,3,5,50,5,1,1,5,4,5,7,1,1,10,5,5,2,12,17,3,10,1,1,B03,7,9,1,8,2,6,,17,17,1,4,5,B03,120.669565,24.150875,2
2022,9,7,18,35,臺中市,北屯區,0,0,0,8,,,50,,,,,,,,,,,,,,,7,,,,,B03,,,1,,2,,,7,,1,22,,B03,120.680537,24.200824,3
2022,9,7,18,40,臺中市,西屯區,0,1,0,8,3,5,50,4,1,1,5,4,5,7,2,1,10,5,5,2,16,6,3,10,1,1,B03,7,5,1,8,2,5,,6,6,1,22,8,B03,120.655024,24.195836,2
2022,9,7,18,41,臺中市,北區,0,0,0,8,,,50,,,,,,,,,,,,,,,26,,,,,C03,,,1,,2,,,26,,1,20,,C03,120.674819,24.1468,3
2022,9,7,18,45,臺中市,西屯區,0,0,0,8,,,50,,,,,,,,,,,,,,,42,,,,,B03,,,1,,1,,,42,,1,22,,B03,120.64564,24.168191,3
2022,9,7,18,48,臺中市,西屯區,0,0,0,8,,,50,,,,,,,,,,,,,,,6,,,,,B03,,,1,,1,,,6,,1,22,,B03,120.645011,24.181925,3
2022,9,7,18,51,臺中市,西區,0,1,0,6,3,5,50,4,1,1,4,4,5,7,1,2,10,5,5,2,15,6,3,10,1,1,B03,7,9,1,8,2,8,,6,6,1,22,8,B03,120.67298,24.150039,2
2022,9,7,18,53,臺中市,南區,0,1,0,7,3,5,30,4,1,1,4,4,5,7,4,4,10,5,5,2,16,6,3,10,1,1,B03,7,5,1,8,2,8,,6,6,1,22,9,B03,120.671701,24.125743,2
2022,9,7,18,58,臺中市,大甲區,0,1,0,8,3,5,50,14,9,1,5,4,5,7,4,4,5,5,5,1,17,26,2,7,1,1,C03,7,11,1,10,2,11,,26,26,1,18,7,C03,120.621431,24.34652,2
2022,9,7,18,59,臺中市,北屯區,0,2,0,8,3,5,50,14,8,1,5,4,5,7,4,4,1,4,4,2,12,7,3,10,1,1,B03,7,8,1,8,1,6,,7,7,1,5,8,B03,120.6665,24.181376,2
2022,9,7,19,0,臺中市,西屯區,0,3,0,8,1,5,50,4,1,1,5,4,5,7,1,1,4,3,5,2,16,8,2,9,1,1,C03,7,5,1,10,1,12,,8,6,1,22,8,C03,120.638827,24.180171,2
2022,9,7,19,1,臺中市,西屯區,0,1,0,8,3,5,50,4,1,1,5,4,5,7,2,1,10,5,5,2,16,8,2,9,3,4,C03,7,15,1,10,2,14,,8,42,1,22,8,C03,120.654921,24.195785,2
2022,9,7,19,3,臺中市,北屯區,0,2,0,8,3,5,50,3,1,1,5,4,5,7,4,4,10,5,5,2,16,6,2,9,1,1,C03,7,5,1,10,2,14,,6,6,1,22,8,C03,120.699641,24.170186,2
2022,9,7,19,5,臺中市,北區,0,1,0,8,3,5,50,14,7,1,5,4,5,7,4,4,8,3,4,2,12,6,3,10,1,1,C03,7,5,1,10,2,13,,6,6,1,20,8,C03,120.668177,24.155001,2
2022,9,7,19,9,臺中市,后里區,0,1,0,8,2,5,60,14,9,1,5,4,5,7,4,4,1,4,5,1,18,42,2,9,1,1,C03,7,9,1,10,2,14,,42,43,1,22,9,C03,120.711407,24.319263,2
2022,9,7,19,12,臺中市,豐原區,0,0,0,8,,,50,,,,,,,,,,,,,,,16,,,,,C03,,,1,,2,,,16,,1,22,,C03,120.708787,24.25204,3
2022,9,7,19,15,臺中市,北區,0,2,0,8,3,5,50,3,1,1,5,4,5,7,4,4,10,5,5,2,16,23,3,10,1,1,B03,7,5,1,8,2,8,,23,23,1,22,8,B03,120.679467,24.153937,2
2022,9,7,19,21,臺中市,西屯區,0,0,0,8,,,50,,,,,,,,,,,,,,,23,,,,,C03,,,1,,1,,,23,,1,22,,C03,120.644859,24.182931,3
2022,9,7,19,21,臺中市,大甲區,0,0,0,8,3,5,40,14,2,1,5,4,5,7,4,4,5,5,5,1,14,18,3,10,1,1,C03,7,2,1,10,1,13,,18,18,1,22,8,C03,120.622024,24.344884,3
2022,9,7,19,21,臺中市,豐原區,0,1,0,8,3,5,50,14,9,1,5,4,5,7,4,4,1,3,5,1,13,16,2,9,1,1,C03,7,9,1,10,2,11,,16,16,1,20,5,C03,120.726888,24.247924,2
2022,9,7,19,22,臺中市,西屯區,0,1,0,8,3,5,30,13,9,1,5,4,5,7,4,4,10,5,5,2,11,6,3,10,3,4,C03,7,6,1,10,2,11,,6,6,1,22,8,C03,120.632034,24.172578,2
2022,9,7,19,25,臺中市,西屯區,0,0,0,8,,,50,,,,,,,,,,,,,,,6,,,,,C03,,,1,,1,,,6,,1,22,,C03,120.626483,24.181061,3
2022,9,7,19,27,臺中市,西屯區,0,1,0,8,3,5,60,4,1,1,5,4,5,7,1,1,9,4,1,2,13,23,3,10,1,1,B03,7,9,1,8,1,1,,23,23,1,12,8,B03,120.653057,24.16055,2
2022,9,7,19,33,臺中市,西區,0,0,0,8,,,50,,,,,,,,,,,,,,,6,,,,,B03,,,1,,1,,,6,,1,22,,B03,120.65777,24.15806,3
2022,9,7,19,38,臺中市,潭子區,0,2,0,8,3,5,50,14,9,1,5,4,5,7,4,4,5,4,5,2,17,23,2,9,1,1,F03,7,9,8,20,2,16,,23,23,1,22,8,F03,120.676557,24.204138,2
2022,9,7,19,39,臺中市,西屯區,0,0,0,8,,,40,,,,,,,,,,,,,,,42,,,,,B03,,,1,,1,,,42,,1,22,,B03,120.660551,24.199641,3
2022,9,7,19,43,臺中市,西屯區,0,1,0,8,3,5,40,4,1,1,5,4,5,7,1,1,10,5,5,2,16,6,3,10,1,1,B03,7,6,1,8,1,2,,6,6,1,4,8,B03,120.644273,24.194855,2
2022,9,7,20,6,臺中市,北區,0,0,0,8,,,40,,,,,,,,,,,,,,,12,,,,,B03,,,1,,2,,,12,,1,20,,B03,120.680539,24.149025,3
2022,9,7,20,6,臺中市,西屯區,0,2,0,8,3,5,50,3,2,1,5,4,5,7,1,1,1,2,4,2,13,16,2,9,1,1,C03,7,9,1,10,2,11,13,16,16,1,22,5,C03,120.623331,24.182821,2
2022,9,7,20,14,臺中市,神岡區,0,0,0,8,,,30,,,,,,,,,,,,,,,12,,,,,B03,,,1,,1,,,12,,1,22,,B03,120.698936,24.253769,3
2022,9,7,20,17,臺中市,西屯區,0,0,0,8,,,50,,,,,,,,,,,,,,,23,,,,,B03,,,1,,1,,,23,,1,4,,B03,120.637445,24.176231,3
2022,9,7,20,20,臺中市,大雅區,0,1,0,8,3,5,50,14,13,1,5,4,5,7,4,4,5,5,5,1,16,23,2,1,1,1,B03,7,9,1,8,2,1,,23,23,1,22,9,B03,120.645226,24.228325,2
2022,9,7,20,20,臺中市,梧棲區,0,0,0,8,,,50,,,,,,,,,,,,,,,6,,,,,B03,,,1,,1,,,6,,1,11,,B03,120.534774,24.257705,3
2022,9,7,20,23,臺中市,大雅區,0,1,0,8,3,5,50,3,1,1,5,4,5,7,3,1,10,5,5,2,17,6,3,10,1,1,B03,7,5,1,8,2,2,,6,6,1,22,8,B03,120.645887,24.211664,2
2022,9,7,20,26,臺中市,西屯區,0,0,0,8,,,50,,,,,,,,,,,,,,,42,,,,,B03,,,1,,1,,,42,,1,22,,B03,120.656581,24.187413,3
2022,9,7,20,28,臺中市,西屯區,0,1,0,8,1,5,40,14,8,1,5,4,5,7,4,4,1,3,1,2,16,23,2,9,1,1,C03,7,9,1,10,2,11,,23,23,1,22,8,C03,120.654012,24.159918,2
2022,9,7,20,43,臺中市,潭子區,0,1,0,8,3,5,30,14,9,1,5,4,5,7,4,4,10,5,5,2,17,23,2,9,1,1,C03,7,9,1,10,2,11,,23,23,1,22,8,C03,120.702838,24.210229,2
2022,9,7,20,45,臺中市,太平區,0,3,0,8,1,5,50,14,7,1,5,4,5,7,4,4,5,5,4,1,16,11,2,9,1,1,C03,7,11,3,18,2,14,,11,11,1,22,8,C03,120.719212,24.149041,2
2022,9,7,21,0,臺中市,南屯區,0,0,0,8,,,1,,,,,,,,,,,,,,,12,,,,,B03,,,1,,2,,,12,,1,4,,B03,120.645499,24.153517,3
2022,9,7,21,22,臺中市,南屯區,0,1,0,8,3,5,50,4,1,1,5,4,1,7,2,1,1,2,5,2,13,23,2,9,1,1,C03,7,9,1,10,2,11,,23,23,1,4,8,C03,120.635213,24.151303,2
2022,9,7,21,42,臺中市,西屯區,0,1,0,8,1,5,50,14,9,1,5,4,5,7,4,4,9,5,5,2,16,10,3,10,1,1,B03,7,11,1,8,1,4,,10,10,1,4,8,B03,120.643778,24.18304,2
2022,9,7,21,43,臺中市,西屯區,0,1,0,8,3,5,50,3,1,1,5,4,5,7,4,4,10,5,5,2,16,6,3,10,3,4,B03,7,6,1,8,2,5,,6,6,1,22,8,B03,120.640645,24.154683,2
2022,9,7,22,3,臺中市,神岡區,0,0,0,8,,,50,,,,,,,,,,,,,,,23,,,,,B03,,,1,,1,,,23,,1,22,,B03,120.670838,24.25629,3
2022,9,7,22,12,臺中市,北屯區,0,1,0,8,3,5,50,4,1,1,5,4,5,7,4,4,10,5,5,2,16,4,2,9,1,1,C03,7,11,1,10,2,13,,4,4,1,22,8,C03,120.690262,24.176314,2
2022,9,7,22,24,臺中市,西屯區,0,0,0,8,,,30,,,,,,,,,,,,,,,17,,,,,B03,,,1,,1,,,17,,1,22,,B03,120.656273,24.168163,3
2022,9,7,22,40,臺中市,沙鹿區,0,1,0,8,3,5,40,14,8,1,5,4,5,7,4,4,1,3,1,2,17,23,2,9,1,1,C03,7,9,1,10,2,11,,23,23,1,18,9,C03,120.575951,24.227466,2
2022,9,7,22,44,臺中市,豐原區,0,0,0,,,,50,,,,,,,,,,,,,,,16,,,,,B03,,,1,,2,,,16,16,1,22,,B03,120.713857,24.250989,3
2022,9,7,23,3,臺中市,北屯區,0,0,0,8,,,50,,,,,,,,,,,,,,,6,,,,,B12,,,1,,1,,,6,,1,21,,B12,120.724956,24.158726,3
2022,9,7,23,11,臺中市,西屯區,0,0,0,8,,,60,,,,,,,,,,,,,,,23,,,,,B03,,,1,,2,,,23,,1,22,,B03,120.635225,24.179458,3
2022,9,7,23,25,臺中市,烏日區,0,2,0,8,3,5,40,14,11,1,5,4,5,7,4,4,1,4,4,1,13,7,2,9,1,1,C03,7,7,1,10,2,13,,7,7,1,21,8,C03,120.599642,24.110249,2
2022,9,8,0,8,臺中市,北區,0,1,0,8,3,5,50,4,1,1,5,4,5,7,2,1,10,5,5,2,9,19,3,10,1,1,B03,7,1,3,18,2,1,,19,19,1,22,9,B03,120.686662,24.16309,2
2022,9,8,0,13,臺中市,北區,0,1,0,8,3,5,50,4,2,1,5,4,5,7,1,1,1,4,4,2,13,25,2,7,1,1,F01,7,6,8,20,2,16,,25,25,1,20,5,F01,120.668125,24.162845,2
2022,9,8,1,5,臺中市,太平區,0,0,0,8,,,40,,,,,,,,,,,,,,,6,,,,,B03,,,1,,2,1,,6,6,1,22,,B03,120.715238,24.10815,3
2022,9,8,1,45,臺中市,東區,0,1,0,8,3,5,50,14,7,1,5,4,5,7,4,4,1,4,4,2,18,43,2,9,1,4,C03,7,9,2,18,2,14,,43,43,1,21,8,C03,120.694486,24.150354,2
2022,9,8,1,50,臺中市,西屯區,0,2,0,8,3,5,50,14,9,1,5,4,5,7,4,4,5,4,5,1,16,10,2,9,1,1,C03,7,11,1,10,2,12,,10,10,1,18,8,C03,120.622558,24.192033,2
2022,9,8,2,57,臺中市,大里區,0,0,0,8,,,50,,,,,,,,,,,,,,,4,,,,,B02,,,3,,9,,,4,4,2,22,,B02,120.677061,24.100253,3
2022,9,8,3,18,臺中市,北區,0,0,0,8,,,30,,,,,,,,,,,,,,,23,,,,,B03,,,1,,11,,,23,,1,21,,B03,120.665981,24.154459,3
2022,9,8,3,21,臺中市,北區,0,1,0,8,3,5,50,4,1,1,5,4,5,7,4,4,10,5,5,2,15,6,3,10,1,1,B03,7,9,1,5,2,6,,6,6,1,22,9,B03,120.674825,24.147878,2
2022,9,8,4,10,臺中市,潭子區,0,0,0,8,,,80,,,,,,,,,,,,,,,23,,,,,A12,,,1,,2,,,23,,1,22,,A12,120.696555,24.201,3
2022,9,8,4,18,臺中市,石岡區,0,3,0,8,3,5,40,14,8,1,5,4,5,7,4,4,1,4,4,1,2,23,2,9,1,1,C03,7,9,2,18,2,11,,23,23,1,16,8,C03,120.810552,24.263765,2
2022,9,8,6,25,臺中市,豐原區,0,1,0,8,1,5,50,4,9,1,5,4,5,7,1,1,1,5,5,2,16,25,2,9,3,4,C03,7,9,1,10,2,12,,25,25,1,22,8,C03,120.746738,24.265857,2
2022,9,8,6,37,臺中市,沙鹿區,0,2,0,8,1,5,30,5,1,1,5,4,5,7,4,4,9,5,4,2,17,6,2,9,1,1,C03,7,5,6,18,2,14,,6,6,1,4,8,C03,120.604722,24.243482,2
2022,9,8,6,41,臺中市,西屯區,0,1,0,8,1,5,50,11,9,1,5,4,5,7,4,4,1,4,5,2,18,42,2,9,1,4,C03,7,8,1,10,2,14,,42,42,1,22,8,C03,120.646708,24.158088,2
2022,9,8,6,44,臺中市,東區,0,2,0,8,1,5,1,5,1,1,5,4,5,7,4,4,10,5,5,2,16,23,2,9,1,1,C03,7,9,1,10,2,11,,23,23,1,22,8,C03,120.698059,24.144685,2
2022,9,8,7,5,臺中市,北屯區,0,0,0,8,,,50,,,,,,,,,,,,,,,7,,,,,B03,,,1,,2,,,7,7,1,5,,B03,120.719475,24.163003,3
2022,9,8,7,5,臺中市,西屯區,0,0,0,8,,,30,,,,,,,,,,,,,,,44,,,,,A12,,,1,,2,,,44,,1,1,,A12,120.641103,24.173546,3
2022,9,8,7,7,臺中市,霧峰區,0,2,0,8,1,5,50,14,9,1,5,4,5,7,4,4,10,5,5,1,12,42,2,8,1,1,C03,7,9,4,8,11,14,,42,42,1,21,9,C03,120.679435,24.064335,2
2022,9,8,7,10,臺中市,北屯區,0,0,0,8,,,50,,,,,,,,,,,,,,,23,,,,,B03,,,1,,1,,,23,,1,21,,B03,120.750953,24.198472,3
2022,9,8,7,10,臺中市,大安區,0,0,0,8,,,30,,,,,,,,,,,,,,,42,,,,,B03,,,1,,2,,,42,,1,21,,B03,120.595191,24.356595,3
2022,9,8,7,22,臺中市,中區,0,0,0,8,,,50,,,,,,,,,,,,,,,6,,,,,B03,,,1,8,1,,,6,6,1,5,,B03,120.684914,24.137597,3
2022,9,8,7,27,臺中市,潭子區,0,0,0,8,,,60,,,,,,,,,,,,,,,23,,,,,B12,,,1,,2,,,23,,1,22,,B12,120.718121,24.197412,3
2022,9,8,7,30,臺中市,東區,0,0,0,,,,50,,,,,,,,,,,,,,,23,,,,,B12,,,1,,11,,,23,,1,21,,B12,120.709538,24.14052,3
2022,9,8,7,34,臺中市,豐原區,0,2,0,8,1,5,40,4,1,1,5,4,5,7,1,1,5,5,5,1,16,25,2,7,1,1,C03,7,9,1,10,2,14,,25,25,1,22,8,C03,120.720291,24.264641,2
2022,9,8,7,36,臺中市,梧棲區,0,2,0,8,1,5,50,3,1,1,5,4,5,7,1,1,10,5,5,2,16,6,3,10,1,1,B03,7,6,1,8,2,2,,6,6,1,12,8,B03,120.547726,24.245631,2
2022,9,8,7,39,臺中市,梧棲區,0,0,0,8,,,40,,,,,,,,,,,,,,,23,,,,,B03,,,1,,1,,,23,,1,10,,B03,120.523352,24.223955,3
2022,9,8,7,40,臺中市,南屯區,0,1,0,8,1,5,50,14,9,1,5,4,5,7,4,4,9,5,5,2,13,16,3,10,1,4,C03,7,9,1,10,2,11,,16,16,1,22,8,C03,120.590989,24.16536,2
2022,9,8,7,40,臺中市,西屯區,0,1,0,8,1,5,50,14,9,1,5,4,5,7,4,4,1,4,5,1,18,42,2,9,1,4,C03,7,9,1,10,2,12,,42,42,1,4,8,C03,120.617561,24.188315,2
2022,9,8,7,43,臺中市,潭子區,0,0,0,8,,,30,,,,,,,,,,,,,,,6,,,,,C03,,,1,,2,,,6,,1,22,,C03,120.693986,24.219369,3
2022,9,8,7,46,臺中市,神岡區,0,0,0,8,,,50,,,,,,,,,,,,,,,16,,,,,B03,,,1,,1,,,16,,1,22,,B03,120.708244,24.252382,3
2022,9,8,7,47,臺中市,太平區,0,0,0,8,,,50,,,,,,,,,,,,,,,19,,,,,C03,,,1,,1,,,19,,1,3,,C03,120.720509,24.130828,3
2022,9,8,7,48,臺中市,北區,0,1,0,8,1,5,50,4,4,1,5,4,5,7,1,1,3,5,5,2,13,23,2,9,1,1,C03,7,14,2,18,2,11,,23,23,1,22,9,C03,120.675858,24.159215,2
2022,9,8,7,48,臺中市,北屯區,0,0,0,8,,,50,,,,,,,,,,,,,,,16,,,,,B03,,,1,,1,,,16,,1,21,,B03,120.692958,24.162595,3
2022,9,8,7,50,臺中市,西屯區,0,1,0,8,1,5,50,4,1,1,5,4,5,7,1,1,10,5,5,2,17,25,2,9,3,4,C03,7,9,1,10,2,11,,25,25,1,22,9,C03,120.636712,24.171136,2
2022,9,8,8,0,臺中市,北區,0,0,0,8,,,30,,,,,,,,,,,,,,,12,,,,,B03,,,1,,2,,,12,,1,22,,B03,120.70166,24.15863,3
2022,9,8,8,0,臺中市,西屯區,0,0,0,8,,,50,,,,,,,,,,,,,,,23,,,,,C03,,,1,,1,,,23,,1,4,,C03,120.597609,24.174806,3
2022,9,8,8,3,臺中市,西屯區,0,2,0,8,1,5,50,14,9,1,5,4,5,7,4,4,5,4,5,2,16,19,2,7,3,4,C03,7,1,1,10,2,14,,19,19,1,22,8,C03,120.636651,24.181613,2
2022,9,8,8,4,臺中市,西屯區,0,0,0,8,,,40,,,,,,,,,,,,,,,23,,,,,B03,,,1,,1,,,23,,1,22,,B03,120.643643,24.165818,3
2022,9,8,8,6,臺中市,烏日區,0,1,0,8,1,5,50,14,9,1,5,4,5,7,4,4,5,4,4,2,17,4,3,10,1,1,B03,7,9,1,8,2,8,,4,4,1,21,1,B03,120.629696,24.109163,2
2022,9,8,8,7,臺中市,沙鹿區,0,1,0,8,1,5,50,4,1,1,5,4,5,3,4,4,10,5,5,2,16,6,3,10,1,1,B03,7,9,1,8,2,2,,6,6,1,22,9,B03,120.565136,24.250441,2
2022,9,8,8,13,臺中市,南區,0,0,0,8,,,50,,,,,,,,,,,,,,,67,,,,,,,,,,,,,67,,1,,,,120.652995,24.12177,3
2022,9,8,8,20,臺中市,神岡區,0,0,0,8,,,50,,,,,,,,,,,,,,,17,,,,,B03,,,1,,2,,,17,,1,21,,B03,120.704485,24.277276,3
2022,9,8,8,21,臺中市,北屯區,0,1,0,8,1,5,50,4,1,1,5,4,5,7,4,4,10,5,5,2,17,6,3,10,1,1,B03,7,5,1,8,2,1,,6,6,1,5,8,B03,120.674105,24.176636,2
2022,9,8,8,25,臺中市,石岡區,0,0,0,8,,,70,,,,,,,,,,,,,,,7,,,,,A12,,,1,,2,,,7,,1,10,,A12,120.8161,24.26035,3
2022,9,8,8,32,臺中市,太平區,0,0,0,8,,,50,,,,,,,,,,,,,,,8,,,,,C03,,,1,,2,,,8,,1,21,,C03,120.727624,24.150003,3
2022,9,8,8,39,臺中市,西屯區,0,0,0,8,,,50,,,,,,,,,,,,,,,12,,,,,B03,,,1,,2,,,12,,1,4,,B03,120.655295,24.175001,3
2022,9,8,8,41,臺中市,西區,0,0,0,8,,,50,,,,,,,,,,,,,,,16,,,,,B03,,,1,,1,,,16,,1,5,,B03,120.667341,24.14124,4
2022,9,8,8,44,臺中市,北屯區,0,1,0,8,1,5,50,14,9,1,5,4,5,7,4,4,1,4,5,2,18,23,2,9,1,1,C03,7,9,1,9,2,14,,23,23,1,21,1,C03,120.692976,24.162696,2
2022,9,8,8,46,臺中市,西屯區,0,3,0,8,1,5,30,3,1,1,5,4,5,7,3,1,10,5,5,2,16,6,2,7,3,4,C03,7,5,1,10,2,12,,6,6,1,22,8,C03,120.646428,24.178701,2
2022,9,8,8,47,臺中市,北區,0,0,0,8,,,40,,,,,,,,,,,,,,,12,,,,,B03,,,1,,2,,,12,,1,21,,B03,120.681667,24.148916,3
2022,9,8,8,53,臺中市,西屯區,0,0,0,8,,,30,,,,,,,,,,,,,,,19,,,,,B03,,,1,,1,,,19,,1,4,,B03,120.648646,24.170383,3
2022,9,8,8,55,臺中市,豐原區,0,0,0,8,,,60,,,,,,,,,,,,,,,7,,,,,A31,,,1,,2,,,7,,1,21,,A31,120.703361,24.238383,3
2022,9,8,8,59,臺中市,新社區,0,1,0,8,1,5,40,3,1,1,5,4,5,7,4,4,10,5,5,1,12,23,2,9,1,1,C03,7,9,1,10,2,11,,23,23,1,20,8,C03,120.79781,24.22676,2
2022,9,8,9,5,臺中市,潭子區,0,0,0,8,,,30,,,,,,,,,,,,,,,23,,,,,B03,,,1,,2,,,23,23,1,22,,B03,120.700966,24.212291,3
2022,9,8,9,6,臺中市,北屯區,0,0,0,8,,,50,,,,,,,,,,,,,,,6,,,,,B03,,,1,,1,,,6,,1,19,,B03,120.717771,24.181163,3
2022,9,8,9,8,臺中市,清水區,0,1,0,8,1,5,30,14,9,1,5,4,5,7,4,4,10,5,5,1,15,6,3,10,1,1,B03,7,9,1,8,2,2,,6,6,1,5,1,B03,120.540432,24.271297,2
2022,9,8,9,13,臺中市,霧峰區,0,0,0,8,,,50,,,,,,,,,,,,,,,23,,,,,B02,,,1,,2,,,23,,1,21,,B02,120.700107,24.064529,3
2022,9,8,9,17,臺中市,西屯區,0,1,0,8,1,5,50,4,1,1,5,4,5,7,1,1,10,5,5,2,17,8,2,9,1,1,C03,7,5,1,10,2,14,,8,8,1,22,5,C03,120.613685,24.173053,2
2022,9,8,9,21,臺中市,西區,0,1,0,8,1,5,50,4,1,1,5,4,5,7,1,1,10,5,5,2,12,40,3,10,1,1,B12,7,14,1,8,2,4,,40,40,1,5,8,B12,120.663182,24.156542,2
2022,9,8,9,25,臺中市,北區,0,1,0,8,1,5,50,4,1,1,5,4,5,7,1,1,10,5,5,2,16,6,3,10,1,1,B03,7,5,1,8,2,6,,6,6,1,22,9,B03,120.685089,24.161558,2
2022,9,8,9,25,臺中市,神岡區,0,0,0,8,,,50,,,,,,,,,,,,,,,19,,,,,B03,,,1,,2,,,19,,1,22,,B03,120.659017,24.256874,3
2022,9,8,9,27,臺中市,梧棲區,0,0,0,8,,,50,,,,,,,,,,,,,,,12,,,,,B03,,,1,,2,,,12,,1,4,,B03,120.542078,24.253915,3
2022,9,8,9,29,臺中市,大雅區,0,1,0,8,1,5,50,14,8,1,5,4,5,7,4,4,9,4,4,1,17,44,2,9,1,1,C03,7,9,1,11,2,11,,44,44,1,22,9,C03,120.644529,24.205071,2
2022,9,8,9,29,臺中市,北區,0,1,0,8,1,5,40,14,8,1,5,4,5,7,4,4,1,4,4,2,17,7,3,10,1,1,B03,7,8,1,8,2,3,,7,7,1,22,8,B03,120.672329,24.16937,2
2022,9,8,9,37,臺中市,龍井區,0,1,0,8,1,5,50,4,1,1,5,4,5,7,4,4,10,5,5,2,16,6,3,10,1,1,B12,7,5,1,4,2,4,,6,6,1,10,8,B12,120.515691,24.218413,2
2022,9,8,9,37,臺中市,后里區,0,1,0,8,1,5,50,5,1,1,5,4,5,7,3,1,10,5,5,2,16,23,3,10,1,1,B03,7,5,1,8,2,7,,8,23,1,4,5,B03,120.681245,24.319028,2