年,月,日,時,分,縣市,區,死,受傷,2-30,天候,光線,道路類別,速限,道路型態,事故位置,路面鋪裝,路面狀態,路面缺陷,障礙物,視距,號誌種類,號誌動作,分向設施,快車道或一般車道間,快慢車道間,路面邊線,事故類型及型態,主要肇因,受傷程度,主要傷處,保護裝備,行動電話,當事者區分,車輛用途,當事者行動狀態,駕駛資格情形,駕駛執照種類,飲酒情形,車輛撞擊部位最初,車輛撞擊部位其他,肇事因素個別,肇事因素主要,肇事逃逸,職業,旅次目的,車種,GPS緯度,GPS經度,事故類別
2022,9,8,9,38,臺中市,清水區,0,2,0,8,1,5,50,4,1,1,5,4,5,7,1,1,1,4,4,2,13,23,2,8,1,1,C03,7,9,3,18,2,11,,23,23,1,21,8,C03,120.574806,24.267533,2
2022,9,8,9,41,臺中市,北屯區,0,0,0,8,,,50,,,,,,,,,,,,,,,23,,,,,G03,,,1,,11,,,23,,1,22,,G03,120.703911,24.180084,3
2022,9,8,9,58,臺中市,西屯區,0,0,0,8,,,80,,,,,,,,,,,,,,,23,,,,,B03,,,1,,2,,,23,,1,22,,B03,120.62913,24.163541,3
2022,9,8,9,59,臺中市,北屯區,0,1,0,8,1,5,40,3,1,1,5,4,1,7,3,1,10,5,5,2,16,7,2,9,1,1,C03,7,10,1,10,2,14,,7,7,1,22,8,C03,120.675385,24.183148,2
2022,9,8,10,5,臺中市,東區,0,1,0,8,1,5,50,14,9,1,5,4,5,7,4,4,9,5,5,2,17,19,2,8,1,1,C03,7,1,4,8,2,12,,19,19,1,21,8,C03,120.694446,24.135073,2
2022,9,8,10,11,臺中市,西屯區,0,0,0,8,,,50,,,,,,,,,,,,,,,19,,,,,A12,,,1,,1,,,19,,1,4,,A12,120.605795,24.172375,3
2022,9,8,10,11,臺中市,龍井區,0,1,0,8,1,5,40,14,8,1,5,4,5,7,4,4,10,5,1,1,17,23,3,10,3,4,C03,7,9,1,10,2,13,,44,23,1,22,9,C03,120.589604,24.184306,2
2022,9,8,10,23,臺中市,東區,0,1,0,8,1,5,40,3,1,1,5,4,5,7,2,1,10,5,5,2,18,23,2,9,1,1,C03,7,9,1,10,2,14,,23,23,1,21,8,C03,120.694453,24.151108,2
2022,9,8,10,25,臺中市,神岡區,0,0,0,8,,,50,,,,,,,,,,,,,,,19,,,,,B03,,,1,,1,,,19,,1,22,,B03,120.673968,24.252859,4
2022,9,8,10,29,臺中市,西屯區,0,2,0,8,1,5,50,3,1,1,5,4,5,7,1,1,10,5,5,2,16,6,2,8,3,4,C03,7,5,1,10,2,14,,6,6,1,22,8,C03,120.642941,24.188064,2
2022,9,8,10,30,臺中市,太平區,0,0,0,8,,,50,,,,,,,,,,,,,,,19,,,,,C03,,,3,,2,,,19,,1,21,,C03,120.713942,24.125094,3
2022,9,8,10,30,臺中市,神岡區,0,0,0,8,,,50,,,,,,,,,,,,,,,23,,,,,B11,,,1,,1,,,23,,1,21,,B11,120.69563,24.24749,3
2022,9,8,10,36,臺中市,梧棲區,0,1,0,8,1,5,30,4,1,1,5,4,5,7,4,4,10,5,5,2,15,6,2,9,1,1,C03,7,9,1,10,2,12,,6,6,1,18,8,C03,120.538676,24.223082,2
2022,9,8,10,40,臺中市,西屯區,0,1,0,8,1,5,50,4,1,1,5,4,5,7,1,1,10,5,5,2,16,25,3,10,1,1,B03,7,9,1,8,2,1,,25,25,1,4,8,B03,120.635993,24.169235,2
2022,9,8,10,40,臺中市,梧棲區,0,0,0,8,,,40,,,,,,,,,,,,,,,23,,,,,A12,,,1,,1,,,23,,1,10,,A12,120.534616,24.250848,3
2022,9,8,10,43,臺中市,北區,0,2,0,8,1,5,50,4,1,1,5,4,5,7,1,1,5,5,5,2,16,6,2,9,1,1,C03,7,5,1,10,2,12,,6,6,1,21,8,C03,120.682364,24.16033,2
2022,9,8,10,50,臺中市,潭子區,0,0,0,8,,,40,,,,,,,,,,,,,,,17,,,,,B03,,,1,,2,,,17,,1,22,,B03,120.69421,24.203513,3
2022,9,8,10,50,臺中市,北區,0,0,0,8,,,50,,,,,,,,,,,,,,,6,,,,,B03,,,1,,2,,,6,,1,22,,B03,120.69298,24.15495,3
2022,9,8,10,54,臺中市,西屯區,0,0,0,8,,,50,,,,,,,,,,,,,,,42,,,,,C03,,,1,,1,,,42,,1,1,,C03,120.639414,24.188611,3
2022,9,8,10,57,臺中市,清水區,0,1,0,8,1,5,50,14,13,1,5,4,5,7,4,4,1,4,5,1,12,6,3,10,1,1,A41,7,6,1,1,2,5,,6,6,1,4,1,A41,120.549791,24.285255,2
2022,9,8,10,59,臺中市,西屯區,0,1,0,8,1,5,50,14,9,1,5,4,5,7,4,4,5,4,5,2,17,23,2,9,3,4,C03,7,9,1,10,2,11,,23,23,1,22,9,C03,120.652643,24.176005,2
2022,9,8,11,1,臺中市,潭子區,0,0,0,8,,,50,,,,,,,,,,,,,,,23,,,,,B03,,,1,,2,,,23,,1,22,,B03,120.692323,24.215878,3
2022,9,8,11,2,臺中市,北屯區,0,0,0,8,,,50,,,,,,,,,,,,,,,16,,,,,B12,,,1,,2,,,16,,1,22,,B12,120.724642,24.170557,3
2022,9,8,11,3,臺中市,西屯區,0,2,0,8,1,5,40,14,8,1,5,4,5,7,4,4,1,5,1,1,13,16,2,9,1,4,C03,7,9,1,10,2,11,,16,16,1,4,8,C03,120.604459,24.183553,2
2022,9,8,11,20,臺中市,東區,0,1,0,8,1,5,50,4,1,1,5,4,5,7,1,1,10,5,5,2,12,6,3,10,1,1,B03,7,6,1,8,2,2,,6,6,1,22,8,B03,120.706344,24.136717,2
2022,9,8,11,24,臺中市,西屯區,0,2,0,8,1,5,50,4,1,1,5,4,5,7,1,1,10,5,5,2,16,19,2,8,3,4,C03,7,1,1,10,2,14,,19,19,1,22,8,C03,120.64592,24.17182,2
2022,9,8,11,26,臺中市,西屯區,0,0,0,8,,,50,,,,,,,,,,,,,,,43,,,,,C03,,,1,,9,,,43,,1,22,,C03,120.641514,24.156556,3
2022,9,8,11,27,臺中市,北區,0,1,0,8,1,5,50,3,1,1,5,4,5,7,4,4,10,5,5,2,17,40,3,10,1,1,B12,7,13,1,8,2,4,,40,40,1,22,8,B12,120.672732,24.173586,2
2022,9,8,11,30,臺中市,西屯區,0,0,0,8,,,80,,,,,,,,,,,,,,,67,,,,,,,,,,,,,67,,1,,,,120.63868,24.159243,3
2022,9,8,11,33,臺中市,霧峰區,0,1,0,8,1,5,30,14,9,1,5,4,5,7,4,4,10,5,5,1,10,23,2,9,1,1,C03,7,9,1,10,2,11,,23,23,1,22,8,C03,120.685145,24.056749,2
2022,9,8,11,41,臺中市,神岡區,0,2,0,8,1,5,50,3,1,1,5,4,5,7,1,1,1,4,4,1,16,25,2,7,1,1,C03,7,9,1,10,2,12,,25,25,1,21,8,C03,120.68106,24.247448,2
2022,9,8,11,44,臺中市,南屯區,0,1,0,8,1,5,50,4,2,1,5,4,5,7,2,1,9,5,4,2,12,23,3,10,1,4,B03,7,9,1,8,2,5,,23,23,1,22,8,B03,120.649946,24.133333,2
2022,9,8,11,45,臺中市,西屯區,0,1,0,8,1,5,40,3,1,1,5,4,5,7,1,1,10,5,5,2,13,16,3,10,1,1,C02,7,9,1,8,2,11,,16,16,1,4,8,C02,120.618953,24.181105,2
2022,9,8,11,50,臺中市,新社區,0,2,0,8,1,5,40,14,9,1,5,4,5,7,4,4,10,5,5,2,16,6,2,9,1,1,C03,7,6,1,10,9,12,,6,6,1,22,9,C03,120.796085,24.218719,2
2022,9,8,11,54,臺中市,后里區,0,0,0,8,1,5,50,14,7,1,5,4,5,7,4,4,4,5,4,2,16,7,3,10,1,1,B03,7,1,1,14,2,8,,7,7,1,4,8,B03,120.712723,24.30463,3
2022,9,8,12,1,臺中市,外埔區,0,1,0,8,1,5,40,14,8,1,5,4,3,7,4,4,5,4,5,1,16,23,2,9,1,1,C03,7,9,1,10,2,11,,23,23,1,18,5,C03,120.634986,24.344146,2
2022,9,8,12,5,臺中市,北屯區,0,0,0,8,,,50,,,,,,,,,,,,,,,16,,,,,A12,,,1,,2,,,16,16,1,10,,A12,120.677717,24.200695,3
2022,9,8,12,6,臺中市,霧峰區,0,1,0,8,1,5,40,14,9,4,5,4,5,7,4,4,10,5,5,2,13,16,2,8,1,1,C03,7,9,1,10,2,11,,16,16,1,21,9,C03,120.700583,24.063091,2
2022,9,8,12,7,臺中市,北屯區,0,2,0,8,1,5,50,14,7,1,5,4,5,7,4,4,5,4,4,2,16,10,2,9,1,1,C04,7,11,1,10,2,14,,10,10,1,21,8,C04,120.691383,24.170215,2
2022,9,8,12,10,臺中市,西屯區,0,1,0,8,1,5,50,5,1,1,5,4,5,7,1,1,5,4,5,1,18,42,2,9,1,1,C03,7,9,1,10,2,14,,42,42,1,1,9,C03,120.60449,24.173645,2
2022,9,8,12,11,臺中市,西屯區,0,0,0,8,,,50,,,,,,,,,,,,,,,23,,,,,B03,,,1,,2,,,23,,1,22,,B03,120.648958,24.161653,3
2022,9,8,12,13,臺中市,南區,0,1,0,8,1,5,50,4,1,1,5,4,5,7,1,1,10,5,5,2,16,6,3,10,1,1,B03,7,6,1,8,2,2,5,6,6,1,21,8,B03,120.666241,24.122901,2
2022,9,8,12,15,臺中市,神岡區,0,0,0,8,,,50,,,,,,,,,,,,,,,23,,,,,B03,,,1,,2,,,23,,1,21,,B03,120.708406,24.259911,3
2022,9,8,12,15,臺中市,豐原區,0,0,0,8,,,50,,,,,,,,,,,,,,,6,,,,,B03,,,1,,2,,,6,6,1,22,,B03,120.721252,24.259108,3
2022,9,8,12,19,臺中市,北區,0,1,0,8,1,5,50,3,1,1,5,4,5,7,4,4,10,5,5,2,15,19,2,9,1,1,F01,7,1,8,20,2,15,,19,19,1,22,9,F01,120.68117,24.149855,2
2022,9,8,12,27,臺中市,南區,0,0,0,,,,50,,,,,,,,,,,,,,,23,,,,,B03,,,1,,2,,,23,,1,21,,B03,120.66999,24.119723,3
2022,9,8,12,29,臺中市,西區,0,1,0,8,1,5,50,4,18,1,5,4,5,7,1,1,10,5,5,2,3,15,3,10,1,1,B03,7,5,1,8,2,1,,15,15,1,5,8,B03,120.652997,24.146726,2
2022,9,8,12,33,臺中市,北區,0,0,0,8,,,50,,,,,,,,,,,,,,,23,,,,,C03,,,1,,2,,,23,,1,22,,C03,120.692593,24.156607,3
2022,9,8,12,33,臺中市,大甲區,0,0,0,8,1,6,40,14,9,1,5,4,5,7,4,4,4,1,5,1,14,12,3,10,3,4,B03,7,2,1,8,1,6,,12,12,1,19,9,B03,120.62064,24.350589,3
2022,9,8,12,40,臺中市,北屯區,0,1,0,8,1,5,50,14,9,1,5,4,5,7,2,1,1,2,5,2,17,43,2,9,1,1,C03,7,9,1,10,2,13,,43,43,1,22,8,C03,120.690673,24.171605,2
2022,9,8,12,41,臺中市,西區,0,0,0,8,,,50,,,,,,,,,,,,,,,23,,,,,B03,,,1,,1,,,23,,1,21,,B03,120.668684,24.132151,3
2022,9,8,12,45,臺中市,清水區,0,0,0,8,,,90,,,,,,,,,,,,,,,30,,,,,A12,,,1,,2,,,30,,1,22,,A12,120.559195,24.310788,3
2022,9,8,12,45,臺中市,后里區,0,1,0,8,1,5,40,14,8,1,5,4,5,7,4,4,1,4,4,1,13,23,2,9,1,1,C03,7,9,3,18,2,11,,23,23,1,18,5,C03,120.722923,24.31144,2
2022,9,8,12,47,臺中市,梧棲區,0,0,0,8,,,30,,,,,,,,,,,,,,,16,,,,,B03,,,1,,2,,,16,,1,19,,B03,120.541359,24.250681,3
2022,9,8,12,50,臺中市,西區,0,2,0,8,1,5,50,4,1,1,5,4,5,7,4,4,10,5,5,2,16,23,2,9,1,1,C03,7,9,1,10,1,12,,23,23,1,4,8,C03,120.664301,24.149044,2
2022,9,8,12,53,臺中市,北屯區,0,0,0,8,,,50,,,,,,,,,,,,,,,7,,,,,B03,,,1,,1,,,7,,1,22,,B03,120.699265,24.170243,3
2022,9,8,12,55,臺中市,神岡區,0,0,0,8,,,50,,,,,,,,,,,,,,,6,,,,,B12,,,1,,2,,,6,6,1,10,,B12,120.681893,24.247108,3
2022,9,8,12,57,臺中市,潭子區,0,0,0,8,,,30,,,,,,,,,,,,,,,23,,,,,B03,,,1,,2,,,23,,1,22,,B03,120.703442,24.200598,3
2022,9,8,12,59,臺中市,西屯區,0,1,0,8,1,5,40,3,8,1,5,4,5,7,4,4,1,5,1,2,16,6,3,10,3,4,B03,7,6,1,8,2,2,,6,6,1,22,8,B03,120.626828,24.177246,2
2022,9,8,13,3,臺中市,西屯區,0,1,0,8,1,5,50,4,1,1,5,4,5,7,2,1,5,4,5,2,17,19,3,10,1,1,C03,7,1,1,10,1,14,,19,19,1,1,9,C03,120.644681,24.184426,2
2022,9,8,13,23,臺中市,神岡區,0,0,0,8,,,50,,,,,,,,,,,,,,,23,,,,,B03,,,1,,1,,,23,,1,22,,B03,120.658903,24.263122,3
2022,9,8,13,38,臺中市,北屯區,0,1,0,8,1,5,50,4,9,1,5,4,5,7,2,1,5,4,5,2,12,3,2,9,1,1,C03,7,15,1,10,2,14,,3,3,1,5,8,C03,120.690651,24.173988,2
2022,9,8,13,40,臺中市,北屯區,0,0,0,8,,,40,,,,,,,,,,,,,,,16,,,,,B03,,,1,,1,,,16,,1,22,,B03,120.687636,24.200991,3
2022,9,8,13,41,臺中市,北區,0,0,0,8,,,50,,,,,,,,,,,,,,,23,,,,,B03,,,1,,1,,,23,,1,21,,B03,120.689134,24.153572,3
2022,9,8,13,43,臺中市,北屯區,0,0,0,8,,,50,,,,,,,,,,,,,,,67,,,,,,,,,,,,,67,,1,,,,120.67921,24.175247,3
2022,9,8,13,44,臺中市,西屯區,0,0,0,8,,,50,,,,,,,,,,,,,,,23,,,,,B03,,,1,,1,,,23,,1,4,,B03,120.648893,24.168706,3
2022,9,8,13,46,臺中市,西屯區,0,1,0,8,1,5,50,3,1,1,5,4,5,7,1,1,10,5,5,2,16,6,3,10,3,4,B03,7,5,1,8,2,1,,6,6,1,22,8,B03,120.64332,24.15993,2
2022,9,8,13,51,臺中市,西屯區,0,0,0,8,,,50,,,,,,,,,,,,,,,12,,,,,B03,,,1,,2,,,12,,1,1,,B03,120.65459,24.168661,3
2022,9,8,13,51,臺中市,和平區,0,0,0,,,,25,,,,,,,,,,,,,,,23,,,,,B03,,,1,,2,,,23,23,1,20,,B03,120.899068,24.230005,3
2022,9,8,13,52,臺中市,霧峰區,0,0,0,8,,,30,,,,,,,,,,,,,,,16,,,,,B12,,,6,,2,,,16,,1,21,,B12,120.659854,24.040437,3
2022,9,8,13,54,臺中市,大雅區,0,1,0,8,1,5,50,4,1,1,5,4,5,7,4,4,5,5,5,1,16,23,2,8,1,1,C03,7,9,1,10,2,11,,23,23,1,22,8,C03,120.65263,24.21913,2
2022,9,8,14,0,臺中市,北區,0,0,0,8,,,50,,,,,,,,,,,,,,,23,,,,,B03,,,1,,1,,,23,,1,22,,B03,120.678313,24.163112,3
2022,9,8,14,3,臺中市,豐原區,0,3,0,8,1,5,50,14,8,1,5,4,5,7,4,4,5,5,4,2,16,26,2,9,1,1,C03,7,5,1,10,2,12,,26,26,1,21,8,C03,120.699138,24.247889,2
2022,9,8,14,16,臺中市,西屯區,0,1,0,8,1,5,50,14,9,1,5,4,5,7,4,4,1,4,5,2,18,43,2,9,3,4,C03,7,9,1,10,2,14,,43,43,1,22,9,C03,120.659859,24.170228,2
2022,9,8,14,26,臺中市,北屯區,0,2,0,8,1,5,50,14,7,1,5,4,5,7,4,4,5,4,4,2,3,51,2,8,4,5,H01,8,16,8,20,10,16,,51,51,1,5,8,H01,120.684893,24.170776,2
2022,9,8,14,28,臺中市,太平區,0,0,0,8,,,50,,,,,,,,,,,,,,,23,,,,,B12,,,1,,2,,,23,,1,4,,B12,120.72398,24.122246,3
2022,9,8,14,29,臺中市,神岡區,0,0,0,8,,,30,,,,,,,,,,,,,,,27,,,,,B12,,,1,,2,,,27,27,1,22,,B12,120.679516,24.270057,3
2022,9,8,14,35,臺中市,大里區,0,1,0,8,1,5,50,14,9,1,5,4,5,7,4,4,5,5,5,1,17,11,3,10,1,1,C04,7,11,1,10,9,15,,11,11,1,19,5,C04,120.696972,24.096766,2
2022,9,8,14,36,臺中市,西區,0,0,0,,,,50,,,,,,,,,,,,,,,12,,,,,B03,,,1,,1,,,12,12,1,22,,B03,120.659668,24.155656,3
2022,9,8,14,43,臺中市,西屯區,0,0,0,8,,,70,,,,,,,,,,,,,,,7,,,,,B03,,,1,,1,,,7,,1,22,,B03,120.626423,24.177705,3
2022,9,8,14,45,臺中市,烏日區,0,0,0,,,,50,,,,,,,,,,,,,,,6,,,,,B03,,,1,,2,,,6,,1,22,,B03,120.62203,24.103032,3
2022,9,8,14,50,臺中市,西屯區,0,2,0,8,1,5,50,3,1,1,5,4,5,7,1,1,9,4,4,2,16,6,2,9,1,1,C03,7,5,1,10,2,11,,6,6,1,12,8,C03,120.656421,24.160367,2
2022,9,8,14,52,臺中市,西屯區,0,0,0,8,,,40,,,,,,,,,,,,,,,42,,,,,B12,,,1,,11,,,42,,1,21,,B12,120.612151,24.191555,3
2022,9,8,14,53,臺中市,潭子區,0,0,0,8,,,40,,,,,,,,,,,,,,,16,,,,,B12,,,1,,2,,,16,,1,22,,B12,120.696555,24.201,3
2022,9,8,14,53,臺中市,西區,0,1,0,8,1,5,30,11,9,1,5,4,5,7,4,4,10,5,5,2,13,23,2,8,1,1,C03,7,9,3,18,2,11,,23,23,1,5,8,C03,120.659154,24.15647,2
2022,9,8,14,53,臺中市,西屯區,0,0,0,8,,,50,,,,,,,,,,,,,,,23,,,,,B03,,,1,,2,,,23,,1,1,,B03,120.660712,24.172391,3
2022,9,8,14,57,臺中市,西屯區,0,1,0,8,1,5,50,4,1,1,5,4,5,7,1,1,8,4,5,1,16,6,3,10,1,4,B03,7,6,1,8,2,2,,6,6,1,4,8,B03,120.645821,24.17012,2
2022,9,8,14,57,臺中市,西屯區,0,1,0,8,1,5,50,3,1,1,5,4,5,7,1,1,10,4,5,2,17,43,3,10,3,4,B12,7,6,1,8,2,5,,43,43,1,22,9,B12,120.653455,24.198483,2
2022,9,8,15,0,臺中市,西屯區,0,1,0,8,1,5,50,4,1,1,5,4,5,7,1,1,10,5,5,2,16,6,3,10,1,1,B03,7,9,1,8,2,4,,44,6,1,4,8,B03,120.640691,24.161455,2
2022,9,8,15,3,臺中市,豐原區,0,0,0,8,,,50,,,,,,,,,,,,,,,23,,,,,B12,,,1,,2,,,23,,1,21,,B12,120.719972,24.249016,3
2022,9,8,15,5,臺中市,南區,0,0,0,8,,,50,,,,,,,,,,,,,,,42,,,,,B03,,,1,,2,,,42,,1,22,,B03,120.657171,24.117881,3
2022,9,8,15,5,臺中市,后里區,0,0,0,8,,,30,,,,,,,,,,,,,,,23,,,,,B02,,,1,,1,,,23,,1,22,,B02,120.7096,24.310122,3
2022,9,8,15,7,臺中市,北區,0,0,0,,,,50,,,,,,,,,,,,,,,16,,,,,B01,,,1,,1,,,16,,1,10,,B01,120.686252,24.15482,3
2022,9,8,15,12,臺中市,西屯區,0,0,0,8,,,50,,,,,,,,,,,,,,,17,,,,,B12,,,1,,1,,,17,,1,22,,B12,120.666933,24.175374,3
2022,9,8,15,12,臺中市,西屯區,0,0,0,8,,,40,,,,,,,,,,,,,,,23,,,,,B12,,,1,,1,,,23,,1,22,,B12,120.619558,24.18126,3
2022,9,8,15,12,臺中市,太平區,0,1,0,8,1,5,50,4,1,1,5,4,5,7,2,1,10,5,5,2,16,9,3,10,1,1,B03,7,6,1,8,2,2,,9,9,1,22,8,B03,120.713129,24.159302,2
2022,9,8,15,13,臺中市,后里區,0,2,0,8,1,5,30,4,1,1,5,4,5,7,4,4,10,5,5,2,15,6,2,9,1,1,F03,7,9,8,20,2,16,,6,6,1,20,5,F03,120.703768,24.298066,2
2022,9,8,15,22,臺中市,大甲區,0,0,0,8,,,40,,,,,,,,,,,,,,,6,,,,,B03,,,1,,1,,,6,,1,22,,B03,120.624546,24.346309,3
2022,9,8,15,23,臺中市,中區,0,1,0,8,1,5,50,4,2,1,5,4,5,7,1,1,5,5,5,2,12,26,3,10,1,1,B03,7,1,1,8,2,8,,26,26,1,5,8,B03,120.676305,24.142254,2
2022,9,8,15,24,臺中市,西屯區,0,1,0,8,1,5,50,4,1,1,5,4,5,7,3,1,9,4,5,2,16,6,3,10,1,1,B03,7,9,1,8,2,1,,6,6,1,12,8,B03,120.638155,24.184191,2
2022,9,8,15,30,臺中市,外埔區,0,0,0,,,,50,,,,,,,,,,,,,,,23,,,,,B03,,,1,,1,,,23,,1,22,,B03,120.63903,24.415418,3
2022,9,8,15,37,臺中市,西屯區,0,0,0,8,,,40,,,,,,,,,,,,,,,19,,,,,B03,,,1,,2,,,19,,1,4,,B03,120.636404,24.158235,3
2022,9,8,15,40,臺中市,沙鹿區,0,2,0,8,1,5,50,14,9,1,5,4,5,7,4,4,4,3,4,1,16,19,2,9,1,1,C03,7,1,3,18,2,14,,19,19,1,22,8,C03,120.558226,24.22931,2
2022,9,8,15,40,臺中市,豐原區,0,0,0,8,,,40,,,,,,,,,,,,,,,17,,,,,B03,,,1,,2,,,17,17,1,22,,B03,120.716552,24.25152,3
2022,9,8,15,43,臺中市,北屯區,0,2,0,8,1,5,50,4,1,1,5,4,5,7,1,1,10,5,5,2,16,6,3,10,1,1,B03,7,5,1,8,2,5,,6,6,1,22,8,B03,120.669954,24.176559,2
2022,9,8,15,43,臺中市,西屯區,0,0,0,8,,,40,,,,,,,,,,,,,,,16,,,,,B03,,,1,,1,,,16,,1,22,,B03,120.641768,24.156838,3
2022,9,8,15,47,臺中市,西區,0,1,0,8,1,5,40,14,8,1,5,4,5,7,4,4,1,4,1,2,17,38,3,10,1,1,B03,7,14,1,8,2,2,,38,38,1,4,8,B03,120.662046,24.155587,2
2022,9,8,15,50,臺中市,烏日區,0,0,0,,,,50,,,,,,,,,,,,,,,6,,,,,B03,,,1,,2,,,6,,1,22,,B03,120.625775,24.102769,3
2022,9,8,15,52,臺中市,西區,0,0,0,8,,,50,,,,,,,,,,,,,,,42,,,,,B03,,,1,,1,,,42,,1,5,,B03,120.662836,24.15196,3
2022,9,8,15,58,臺中市,北屯區,0,0,0,8,,,50,,,,,,,,,,,,,,,16,,,,,A02,,,1,,1,,,16,,1,22,,A02,120.686216,24.181487,3
2022,9,8,15,59,臺中市,東區,0,1,0,8,1,5,50,4,1,1,5,4,5,7,1,1,9,4,4,2,12,16,2,9,1,1,C03,7,9,1,10,2,12,,16,16,1,5,1,C03,120.697573,24.13315,2
2022,9,8,16,12,臺中市,梧棲區,0,1,0,8,1,5,60,3,1,1,5,4,5,7,4,4,10,5,5,2,18,42,2,9,1,1,C03,7,9,1,10,2,14,,42,42,1,11,1,C03,120.525301,24.224744,2
2022,9,8,16,16,臺中市,烏日區,0,1,0,8,1,7,90,14,9,1,5,4,5,7,4,4,5,4,5,1,13,16,2,9,1,1,B03,7,9,1,8,2,1,,16,16,1,21,8,B03,120.613883,24.104529,2
2022,9,8,16,17,臺中市,南屯區,0,1,0,8,1,5,30,11,9,1,5,4,5,7,4,4,10,5,5,2,11,23,3,10,3,4,A04,7,9,1,2,2,4,,23,23,1,22,9,A04,120.600171,24.136712,2
2022,9,8,16,20,臺中市,南屯區,0,0,0,,,,50,,,,,,,,,,,,,,,43,,,,,B03,,,1,,11,,,43,,1,22,,B03,120.637675,24.144354,3
2022,9,8,16,23,臺中市,西區,0,1,0,8,1,5,50,3,2,1,5,4,5,7,3,1,5,5,4,2,13,16,2,9,1,1,C03,7,9,1,9,2,11,,16,16,1,5,9,C03,120.660685,24.1329,2
2022,9,8,16,30,臺中市,北區,0,0,0,,,,50,,,,,,,,,,,,,,,43,,,,,B12,,,1,,2,,,43,,1,22,,B12,120.669009,24.161087,3
2022,9,8,16,33,臺中市,太平區,0,0,0,8,,,30,,,,,,,,,,,,,,,6,,,,,B03,,,1,,2,,,6,,1,22,,B03,120.735876,24.116837,3
2022,9,8,16,37,臺中市,沙鹿區,0,1,0,8,1,5,50,4,2,1,5,4,5,7,2,1,3,4,5,2,16,23,3,10,1,1,B03,7,5,1,8,2,5,,23,23,1,22,9,B03,120.575215,24.226738,2
2022,9,8,16,40,臺中市,潭子區,0,0,0,8,,,50,,,,,,,,,,,,,,,23,,,,,B03,,,1,,2,,,23,,1,22,,B03,120.723711,24.193321,3
2022,9,8,16,48,臺中市,北區,0,0,0,8,,,50,,,,,,,,,,,,,,,23,,,,,B03,,,1,,1,,,23,,1,22,,B03,120.672053,24.159229,3
2022,9,8,16,55,臺中市,東區,0,1,0,8,1,5,50,4,1,1,5,4,5,7,1,1,10,5,5,2,16,1,2,9,1,1,C03,7,9,1,10,2,12,,1,1,1,22,8,C03,120.689613,24.144516,2
2022,9,8,16,55,臺中市,豐原區,0,0,0,8,,,50,,,,,,,,,,,,,,,6,,,,,C03,,,1,,2,,,6,,1,22,,C03,120.703475,24.246208,3
2022,9,8,16,56,臺中市,太平區,0,0,0,8,,,50,,,,,,,,,,,,,,,12,,,,,B03,,,1,,2,,,12,,1,4,,B03,120.725209,24.109349,3
2022,9,8,16,59,臺中市,太平區,0,1,0,8,1,5,50,14,9,1,5,4,5,7,4,4,5,5,5,1,12,7,3,10,1,1,B03,7,9,1,8,2,2,,23,7,1,9,5,B03,120.734065,24.157183,2
2022,9,8,17,0,臺中市,南區,0,1,0,8,1,5,40,14,8,1,5,4,5,7,4,4,3,4,4,2,16,7,3,10,1,1,B03,7,8,1,8,2,2,,7,7,1,22,8,B03,120.657139,24.116741,2
2022,9,8,17,7,臺中市,西屯區,0,2,0,8,1,5,30,5,1,1,5,4,5,7,4,4,10,5,5,2,16,6,2,9,1,1,C03,7,9,1,10,2,14,,6,6,1,4,8,C03,120.63688,24.180434,2
2022,9,8,17,10,臺中市,西區,0,0,0,8,,,50,,,,,,,,,,,,,,,23,,,,,B03,,,1,,2,,,23,,1,22,,B03,120.657405,24.140645,3
2022,9,8,17,10,臺中市,太平區,0,0,0,8,,,50,,,,,,,,,,,,,,,17,,,,,A12,,,1,,2,,,17,,1,4,,A12,120.714539,24.149794,3
2022,9,8,17,11,臺中市,西屯區,0,0,0,8,,,60,,,,,,,,,,,,,,,7,,,,,B03,,,1,,1,,,7,,1,22,,B03,120.63632,24.160041,3
2022,9,8,17,12,臺中市,西屯區,0,2,0,8,1,5,50,4,1,1,5,4,5,7,1,1,1,3,1,2,16,25,3,10,1,1,F01,7,11,8,20,2,15,,25,25,1,22,8,F01,120.641018,24.167806,2
2022,9,8,17,13,臺中市,北屯區,0,0,0,8,,,50,,,,,,,,,,,,,,,23,,,,,B03,,,1,,1,,,23,,1,22,,B03,120.692754,24.161717,3
2022,9,8,17,16,臺中市,潭子區,0,0,0,8,,,30,,,,,,,,,,,,,,,12,,,,,B03,,,1,,2,,,12,,1,22,,B03,120.702266,24.206597,3
2022,9,8,17,16,臺中市,南屯區,0,1,0,8,1,5,14,14,9,1,5,4,5,7,4,4,5,2,5,2,16,26,3,10,1,1,C03,7,5,1,10,2,12,,26,26,1,22,8,C03,120.641808,24.147043,2
2022,9,8,17,18,臺中市,西屯區,0,2,0,8,1,5,50,4,1,1,5,4,5,7,1,1,9,4,4,2,12,19,2,9,1,1,C03,7,1,1,10,2,14,,19,19,1,12,8,C03,120.6067,24.169135,2
2022,9,8,17,20,臺中市,西屯區,0,0,0,8,,,50,,,,,,,,,,,,,,,7,,,,,B03,,,1,,1,,,7,,1,22,,B03,120.606686,24.192473,3