年,月,日,時,分,縣市,區,死,受傷,2-30,天候,光線,道路類別,速限,道路型態,事故位置,路面鋪裝,路面狀態,路面缺陷,障礙物,視距,號誌種類,號誌動作,分向設施,快車道或一般車道間,快慢車道間,路面邊線,事故類型及型態,主要肇因,受傷程度,主要傷處,保護裝備,行動電話,當事者區分,車輛用途,當事者行動狀態,駕駛資格情形,駕駛執照種類,飲酒情形,車輛撞擊部位最初,車輛撞擊部位其他,肇事因素個別,肇事因素主要,肇事逃逸,職業,旅次目的,車種,GPS緯度,GPS經度,事故類別
2022,9,12,0,22,臺中市,中區,0,1,0,8,3,5,50,4,1,1,5,4,5,7,4,4,10,5,5,2,15,4,2,8,1,1,C03,7,9,6,10,2,14,12,4,4,1,22,9,C03,120.68375,24.140064,2
2022,9,12,0,45,臺中市,北區,0,2,0,8,3,5,50,3,8,1,5,4,5,7,4,4,3,4,4,2,12,7,3,10,3,4,B01,7,8,1,4,2,2,,7,7,1,5,8,B01,120.674732,24.148755,2
2022,9,12,1,10,臺中市,南區,0,1,0,8,3,5,50,14,7,1,5,4,5,7,4,4,5,4,5,1,17,26,2,2,1,1,B01,7,5,1,4,2,4,,26,26,1,22,8,B01,120.664375,24.113633,2
2022,9,12,3,6,臺中市,沙鹿區,0,0,0,8,,,50,,,,,,,,,,,,,,,42,,,,,B03,,,1,,2,,,42,,1,4,,B03,120.581354,24.222666,3
2022,9,12,3,42,臺中市,西區,0,0,0,8,,,40,,,,,,,,,,,,,,,23,,,,,C03,,,1,,11,,,23,,1,22,,C03,120.658499,24.14002,3
2022,9,12,3,58,臺中市,沙鹿區,0,0,0,8,,,50,,,,,,,,,,,,,,,23,,,,,B03,,,6,,7,,,23,,1,4,,B03,120.580208,24.212786,3
2022,9,12,4,21,臺中市,梧棲區,0,1,0,6,3,5,40,4,1,1,4,4,5,7,2,1,1,4,1,1,23,42,2,9,1,1,C03,7,5,1,10,2,11,,42,42,1,4,8,C03,120.52953,24.265366,2
2022,9,12,5,20,臺中市,大甲區,0,0,0,8,2,5,50,14,9,1,5,4,5,7,4,4,10,5,5,1,25,42,3,10,1,1,A12,7,9,1,3,1,4,9,42,42,1,21,1,A12,120.658958,24.397641,3
2022,9,12,6,15,臺中市,沙鹿區,0,0,0,6,,,60,,,,,,,,,,,,,,,7,,,,,B03,,,1,,1,,,7,,1,21,,B03,120.601382,24.249322,3
2022,9,12,6,26,臺中市,龍井區,1,0,0,6,1,5,50,4,1,1,4,4,5,7,4,4,10,5,5,2,17,6,3,10,3,4,A31,7,9,1,1,2,6,,6,6,2,10,4,A31,120.51986,24.218235,1
2022,9,12,6,30,臺中市,西屯區,0,2,0,6,1,5,40,14,8,1,4,4,5,7,4,4,9,4,1,2,12,23,2,9,1,1,C03,7,10,1,10,2,11,,23,23,1,12,8,C03,120.597766,24.181811,2
2022,9,12,6,45,臺中市,東勢區,0,2,0,6,1,5,50,14,9,1,4,4,5,7,4,4,9,4,5,1,11,19,2,9,1,1,C03,7,1,1,10,2,14,,19,19,1,22,9,C03,120.788616,24.28523,2
2022,9,12,7,0,臺中市,大雅區,0,1,0,8,1,5,50,4,2,1,4,4,5,7,1,1,5,5,5,1,17,23,3,10,1,1,B03,7,9,1,8,2,1,,23,23,1,22,8,B03,120.654557,24.229146,2
2022,9,12,7,5,臺中市,沙鹿區,0,1,0,6,1,5,50,14,9,1,4,4,5,7,4,4,4,3,5,1,17,40,3,10,1,1,B03,7,14,1,8,2,2,,40,40,1,3,1,B03,120.60148,24.258489,2
2022,9,12,7,6,臺中市,北區,0,3,0,7,1,5,50,3,1,1,4,4,5,7,4,4,10,5,5,2,16,6,3,10,1,1,B03,7,5,1,8,2,5,,6,6,1,22,8,B03,120.680123,24.166208,2
2022,9,12,7,10,臺中市,新社區,0,1,0,8,1,5,50,14,9,1,5,4,5,7,4,4,5,4,5,1,16,7,2,9,1,1,C03,7,8,1,10,2,12,,7,7,1,22,9,C03,120.788953,24.20818,2
2022,9,12,7,11,臺中市,梧棲區,0,0,0,6,,,50,,,,,,,,,,,,,,,6,,,,,B03,,,1,,1,,,6,,1,3,,B03,120.545552,24.256155,3
2022,9,12,7,15,臺中市,大肚區,0,1,0,6,1,5,50,4,1,1,4,4,5,7,1,1,10,5,5,2,16,25,2,9,1,1,C03,7,9,1,10,2,11,,25,25,1,21,8,C03,120.5363,24.151795,2
2022,9,12,7,16,臺中市,神岡區,0,0,0,6,,,50,,,,,,,,,,,,,,,44,,,,,B03,,,1,,1,,,44,,1,22,,B03,120.661676,24.257787,3
2022,9,12,7,17,臺中市,梧棲區,0,0,0,6,,,50,,,,,,,,,,,,,,,18,,,,,B03,,,1,,2,,,18,,1,5,,B03,120.543043,24.246346,4
2022,9,12,7,18,臺中市,太平區,0,0,0,8,,,40,,,,,,,,,,,,,,,26,,,,,B03,,,1,,1,,,26,,1,5,,B03,120.71415,24.123647,3
2022,9,12,7,18,臺中市,大甲區,0,2,0,6,1,5,50,14,8,1,4,4,5,7,4,4,5,4,4,1,16,6,2,9,1,1,C03,7,5,1,10,2,12,,6,6,1,9,1,C03,120.613629,24.351563,2
2022,9,12,7,24,臺中市,西區,0,0,0,8,,,50,,,,,,,,,,,,,,,16,,,,,B03,,,1,,1,,,16,,1,5,,B03,120.680119,24.13497,3
2022,9,12,7,25,臺中市,神岡區,0,1,0,6,1,5,30,4,1,1,4,4,5,7,4,4,10,5,5,2,17,42,,,,,,,,,,,,,,,,,,,120.643182,24.246089,2
2022,9,12,7,26,臺中市,西屯區,0,0,0,8,,,50,,,,,,,,,,,,,,,17,,,,,B03,,,1,,2,,,17,,1,22,,B03,120.665005,24.172953,3
2022,9,12,7,29,臺中市,西屯區,0,0,0,8,,,60,,,,,,,,,,,,,,,23,,,,,B03,,,1,,1,,,23,,1,1,,B03,120.629308,24.163572,3
2022,9,12,7,30,臺中市,大雅區,0,0,0,6,,,50,,,,,,,,,,,,,,,19,,,,,B03,,,1,,2,,,19,,1,22,,B03,120.645928,24.224615,3
2022,9,12,7,30,臺中市,龍井區,0,1,0,6,1,5,50,3,1,1,4,4,5,7,4,4,9,4,5,1,17,6,3,10,1,1,C03,7,5,1,10,2,12,,6,6,1,21,1,C03,120.591965,24.181258,2
2022,9,12,7,33,臺中市,西屯區,0,2,0,6,1,5,40,14,8,1,4,4,5,7,4,4,10,5,5,2,13,43,2,8,1,1,C03,7,9,1,10,2,11,,43,43,1,22,8,C03,120.606505,24.183549,2
2022,9,12,7,33,臺中市,沙鹿區,0,0,0,6,,,50,,,,,,,,,,,,,,,23,,,,,B12,,,1,,2,,,23,,1,21,,B12,120.565893,24.200802,3
2022,9,12,7,36,臺中市,西屯區,0,0,0,8,,,50,,,,,,,,,,,,,,,23,,,,,C03,,,1,,1,,,23,,1,22,,C03,120.635859,24.176087,3
2022,9,12,7,37,臺中市,北屯區,0,0,0,6,,,50,,,,,,,,,,,,,,,7,,,,,B03,,,1,,2,,,7,,1,22,,B03,120.674974,24.17397,3
2022,9,12,7,37,臺中市,梧棲區,0,1,0,6,1,5,50,3,1,1,4,4,5,7,1,1,10,5,5,2,16,6,3,10,1,1,B12,7,5,1,8,2,5,,6,6,1,3,1,B12,120.548395,24.247284,2
2022,9,12,7,39,臺中市,潭子區,0,1,0,7,1,5,50,10,7,1,5,4,5,7,4,4,1,4,4,2,17,42,2,9,1,1,C03,7,9,1,10,2,12,,42,42,1,22,8,C03,120.718121,24.197412,2
2022,9,12,7,39,臺中市,北屯區,0,0,0,8,,,40,,,,,,,,,,,,,,,19,,,,,B03,,,1,8,1,,,19,19,1,21,,B03,120.71233,24.17559,3
2022,9,12,7,40,臺中市,西屯區,0,1,0,6,1,5,50,14,7,1,4,4,5,7,4,4,5,4,4,2,17,43,3,10,1,1,B03,7,9,1,8,1,15,,43,43,1,22,8,B03,120.656665,24.166998,2
2022,9,12,7,40,臺中市,西屯區,0,0,0,8,,,50,,,,,,,,,,,,,,,23,,,,,C03,,,1,,1,,,23,,1,21,,C03,120.654038,24.167953,3
2022,9,12,7,40,臺中市,清水區,0,2,0,6,2,5,40,14,7,1,4,4,5,7,4,4,1,4,4,1,12,7,2,8,1,1,C03,7,7,1,10,2,14,,7,7,1,4,5,C03,120.576587,24.272495,2
2022,9,12,7,41,臺中市,西屯區,0,2,0,8,1,5,50,4,1,1,5,4,5,7,2,1,1,4,5,1,17,8,2,9,1,1,B03,7,5,1,8,2,5,,8,8,1,1,9,B03,120.611718,24.187008,2
2022,9,12,7,43,臺中市,西屯區,0,0,0,8,,,80,,,,,,,,,,,,,,,16,,,,,B03,,,3,,1,,,16,,1,22,,B03,120.684726,24.197955,3
2022,9,12,7,44,臺中市,大雅區,0,1,0,6,1,5,50,5,1,1,4,4,5,7,4,4,9,4,5,2,17,5,3,10,1,1,B03,7,9,1,8,2,8,,5,5,1,22,9,B03,120.646171,24.239066,2
2022,9,12,7,46,臺中市,大雅區,0,1,0,6,1,5,50,3,1,1,4,4,5,7,1,1,10,5,5,2,17,43,3,10,1,1,C03,7,9,1,10,9,14,,43,43,1,22,8,C03,120.639192,24.218107,2
2022,9,12,7,46,臺中市,西屯區,0,1,0,8,1,5,50,4,2,1,5,4,5,7,1,1,5,5,5,2,17,23,4,11,3,4,C03,7,9,1,10,11,11,,23,23,2,21,8,C03,120.646775,24.174781,2
2022,9,12,7,47,臺中市,豐原區,0,2,0,8,1,5,50,4,9,1,5,4,5,7,3,3,3,5,5,2,16,6,2,9,3,4,F03,7,6,8,20,2,16,,6,6,1,22,8,F03,120.730511,24.257916,2
2022,9,12,7,52,臺中市,龍井區,0,1,0,6,1,5,50,14,9,1,4,4,5,7,1,1,1,2,4,1,12,7,2,9,1,1,C03,7,7,1,10,2,14,,7,7,1,21,8,C03,120.545556,24.191119,2
2022,9,12,7,53,臺中市,西屯區,0,0,0,8,,,80,,,,,,,,,,,,,,,23,,,,,B03,,,1,,1,,,23,,1,22,,B03,120.649475,24.197224,3
2022,9,12,7,56,臺中市,清水區,0,0,0,6,,,50,,,,,,,,,,,,,,,42,,,,,B03,,,1,,2,,,42,,1,21,,B03,120.577916,24.26784,3
2022,9,12,7,59,臺中市,北區,0,1,0,7,1,5,50,14,8,1,4,4,5,7,1,1,1,4,4,2,16,7,3,10,1,1,B12,7,8,1,8,2,3,,7,7,1,21,8,B12,120.680976,24.163174,2
2022,9,12,7,59,臺中市,南區,0,1,0,6,1,5,50,14,9,1,4,4,5,7,2,1,9,4,4,2,12,1,2,7,1,1,C03,7,4,1,10,2,12,,1,1,1,22,8,C03,120.650576,24.115778,2
2022,9,12,8,0,臺中市,大雅區,0,0,0,6,,,50,,,,,,,,,,,,,,,23,,,,,A11,,,1,,2,,,23,,1,22,,A11,120.653968,24.23289,3
2022,9,12,8,2,臺中市,北區,0,0,0,,,,50,,,,,,,,,,,,,,,23,,,,,C03,,,1,,2,,,23,,1,21,,C03,120.679954,24.157503,3
2022,9,12,8,2,臺中市,北區,0,2,0,8,1,5,50,3,2,1,5,4,5,7,1,1,5,4,4,2,17,19,3,10,1,1,B03,7,1,1,8,2,8,,19,19,1,22,8,B03,120.673651,24.159219,2
2022,9,12,8,4,臺中市,西屯區,0,2,0,6,1,5,50,10,9,1,4,4,5,7,4,4,1,4,5,1,17,42,2,9,1,1,C03,7,8,1,10,1,15,,42,42,1,1,9,C03,120.63834,24.203176,2
2022,9,12,8,16,臺中市,西屯區,0,1,0,6,1,5,50,14,9,1,4,4,5,7,4,4,9,5,5,2,16,6,3,10,1,1,B12,7,6,1,8,2,5,,6,6,1,22,8,B12,120.611903,24.167505,2
2022,9,12,8,17,臺中市,北區,0,1,0,6,1,5,,14,9,1,4,4,5,7,4,4,10,5,5,2,29,42,,,,,,,,,,,,,42,67,1,,,,120.679614,24.153176,2
2022,9,12,8,17,臺中市,南區,0,3,0,8,1,5,30,4,1,1,5,4,5,7,4,4,10,5,5,2,15,6,2,9,1,1,C03,7,9,1,10,2,12,,6,6,1,5,8,C03,120.67083,24.125002,2
2022,9,12,8,17,臺中市,北屯區,0,1,0,6,1,5,50,4,1,1,4,4,5,7,1,1,10,5,5,2,17,43,2,9,1,1,C03,7,9,1,10,2,14,,43,43,1,22,8,C03,120.705827,24.174555,2
2022,9,12,8,20,臺中市,西屯區,0,1,0,8,1,5,50,14,9,1,5,4,5,7,4,4,1,4,2,2,17,23,2,9,1,1,C03,7,9,1,10,11,15,,23,23,1,21,8,C03,120.638485,24.1589,2
2022,9,12,8,24,臺中市,北屯區,0,1,0,6,1,5,50,3,2,1,4,4,5,7,1,1,1,4,4,2,17,23,2,9,3,4,C03,7,9,1,10,2,15,,23,23,1,21,8,C03,120.702405,24.186952,2
2022,9,12,8,24,臺中市,西屯區,0,1,0,6,1,5,50,3,1,1,4,4,5,7,1,1,10,5,5,2,15,25,3,10,1,4,C03,7,9,1,10,2,11,,25,25,1,22,8,C03,120.657413,24.162523,2
2022,9,12,8,25,臺中市,潭子區,0,1,0,8,1,5,50,14,8,1,5,4,5,7,4,4,1,4,4,1,17,6,3,10,1,1,B12,7,8,1,8,2,15,,6,6,1,22,8,B12,120.697318,24.216424,2
2022,9,12,8,25,臺中市,北區,0,2,0,6,1,5,30,4,1,1,4,4,5,7,4,4,10,5,5,2,15,6,2,9,1,1,C03,7,9,1,10,2,11,,6,6,1,21,8,C03,120.666617,24.163975,2
2022,9,12,8,25,臺中市,東區,0,3,0,6,1,5,50,5,1,1,4,4,5,7,1,1,9,4,5,2,16,6,3,10,1,1,B12,7,5,1,8,2,6,,6,6,1,4,1,B12,120.699251,24.129595,2
2022,9,12,8,27,臺中市,梧棲區,0,1,0,6,1,5,50,4,1,1,4,4,5,7,1,1,1,2,5,2,13,23,3,10,1,1,B12,7,5,1,8,2,8,,23,23,1,2,1,B12,120.53515,24.263197,2
2022,9,12,8,31,臺中市,北屯區,0,0,0,6,,,50,,,,,,,,,,,,,,,7,,,,,B12,,,1,,3,,,7,,1,5,,B12,120.686683,24.200025,3
2022,9,12,8,31,臺中市,太平區,0,2,0,6,1,5,50,4,1,1,4,4,5,7,4,4,10,5,5,2,3,23,2,9,3,4,C03,7,9,1,10,2,11,,23,23,1,3,8,C03,120.718132,24.128344,2
2022,9,12,8,34,臺中市,北區,0,0,0,6,,,50,,,,,,,,,,,,,,,23,,,,,B03,,,1,,2,,,23,,1,22,,B03,120.694338,24.153666,3
2022,9,12,8,37,臺中市,北屯區,0,1,0,7,1,5,50,14,9,1,4,4,5,7,4,4,1,4,5,2,17,42,2,9,3,4,C03,7,9,1,10,2,11,,42,23,1,22,8,C03,120.693294,24.199766,2
2022,9,12,8,39,臺中市,豐原區,0,0,0,6,,,50,,,,,,,,,,,,,,,6,,,,,B03,,,1,,2,,,6,,1,4,,B03,120.708952,24.251147,3
2022,9,12,8,40,臺中市,梧棲區,0,0,0,8,,,50,,,,,,,,,,,,,,,12,,,,,B12,,,1,,1,,,12,,1,3,,B12,120.542342,24.253793,3
2022,9,12,8,40,臺中市,大甲區,0,1,0,6,1,5,50,3,1,1,4,4,5,7,4,4,5,5,5,2,18,42,2,9,1,1,C03,7,9,1,10,2,15,,42,42,1,21,1,C03,120.618576,24.343246,2
2022,9,12,8,41,臺中市,西屯區,0,0,0,6,,,50,,,,,,,,,,,,,,,42,,,,,B03,,,1,,2,,,42,,1,1,,B03,120.642131,24.173009,3
2022,9,12,8,41,臺中市,太平區,0,0,0,8,,,50,,,,,,,,,,,,,,,26,,,,,B03,,,1,,2,,,26,,1,22,,B03,120.714084,24.138315,3
2022,9,12,8,46,臺中市,大肚區,0,1,0,6,1,5,50,14,9,1,4,4,5,7,1,2,9,4,5,2,18,42,2,9,1,1,C03,7,9,1,10,2,12,,42,42,1,21,1,C03,120.582148,24.168261,2
2022,9,12,8,50,臺中市,北屯區,0,0,0,6,,,50,,,,,,,,,,,,,,,8,,,,,B03,,,1,8,3,,,42,8,1,21,,B03,120.668849,24.192798,3
2022,9,12,8,52,臺中市,西屯區,0,1,0,8,1,5,50,14,9,1,5,4,5,7,4,4,5,4,5,2,17,42,2,9,1,1,C03,7,9,1,10,2,14,,42,42,1,21,8,C03,120.654713,24.19582,2
2022,9,12,8,54,臺中市,北區,0,2,0,6,1,5,50,3,1,1,4,4,5,7,4,4,10,5,5,2,9,23,2,8,1,1,C03,7,9,1,10,2,11,,23,23,1,22,8,C03,120.671767,24.162838,2
2022,9,12,8,59,臺中市,北屯區,0,0,0,6,,,50,,,,,,,,,,,,,,,16,,,,,C03,,,1,,2,,,16,,1,5,,C03,120.680916,24.190298,3
2022,9,12,9,0,臺中市,北屯區,0,1,0,6,1,5,30,4,1,1,4,4,5,7,1,1,10,5,5,2,15,25,3,10,1,1,B03,7,9,1,8,2,1,,25,25,1,22,8,B03,120.665398,24.200761,2
2022,9,12,9,1,臺中市,南區,0,1,0,6,1,5,50,15,9,1,4,4,5,7,4,4,5,4,5,2,16,6,3,10,1,1,C03,7,6,1,10,2,12,,6,6,1,22,9,C03,120.655686,24.110908,2
2022,9,12,9,2,臺中市,西區,0,1,0,8,1,5,50,4,1,1,5,4,5,7,1,1,10,5,5,2,16,6,2,9,1,1,C03,7,6,1,10,1,12,,6,6,1,4,5,C03,120.671321,24.145459,2
2022,9,12,9,5,臺中市,東區,0,1,0,6,1,5,50,4,1,1,4,4,5,7,1,1,10,5,5,2,17,1,2,9,1,1,C03,7,4,1,10,2,14,,1,1,1,5,8,C03,120.685942,24.143196,2
2022,9,12,9,5,臺中市,東區,0,0,0,,,,50,,,,,,,,,,,,,,,42,,,,,C03,,,1,,2,,,42,,1,22,,C03,120.697341,24.143566,3
2022,9,12,9,6,臺中市,烏日區,0,0,0,,,,60,,,,,,,,,,,,,,,23,,,,,B12,,,1,,2,,,23,,1,22,,B12,120.616933,24.102907,3
2022,9,12,9,7,臺中市,南區,0,2,0,6,1,5,50,4,1,1,4,4,5,6,1,1,5,4,4,2,16,6,2,9,1,1,C03,7,5,1,10,2,11,,6,6,1,22,8,C03,120.650433,24.115553,2
2022,9,12,9,8,臺中市,南屯區,0,0,0,,,,50,,,,,,,,,,,,,,,18,,,,,A12,,,1,,11,,,18,,1,22,,A12,120.641686,24.146869,3
2022,9,12,9,8,臺中市,后里區,0,0,0,6,,,50,,,,,,,,,,,,,,,1,,,,,B03,,,1,,2,,,1,,1,21,,B03,120.718901,24.295222,3
2022,9,12,9,15,臺中市,北區,0,0,0,,,,50,,,,,,,,,,,,,,,23,,,,,B12,,,1,,1,,,23,,1,21,,B12,120.67817,24.151537,3
2022,9,12,9,18,臺中市,北屯區,0,0,0,6,,,40,,,,,,,,,,,,,,,12,,,,,B03,,,1,,2,,,12,,1,22,,B03,120.718881,24.177495,3
2022,9,12,9,29,臺中市,東區,0,1,0,7,1,5,50,3,1,1,5,4,5,7,4,4,9,5,5,2,16,6,3,10,1,1,C03,7,9,1,10,2,11,,6,6,1,4,1,C03,120.694805,24.14294,2
2022,9,12,9,48,臺中市,北屯區,0,0,0,6,,,50,,,,,,,,,,,,,,,25,,,,,B03,,,1,,1,,,25,25,1,5,,B03,120.686653,24.200889,3
2022,9,12,9,53,臺中市,西屯區,0,0,0,8,,,30,,,,,,,,,,,,,,,9,,,,,A11,,,1,,1,,,9,,1,1,,A11,120.65269,24.161924,3
2022,9,12,9,56,臺中市,西屯區,0,0,0,8,,,50,,,,,,,,,,,,,,,43,,,,,B03,,,1,,2,,,43,,1,22,,B03,120.611576,24.167346,3
2022,9,12,10,5,臺中市,北區,0,0,0,8,,,30,,,,,,,,,,,,,,,12,,,,,B12,,,1,,2,,,12,,1,22,,B12,120.690386,24.148564,3
2022,9,12,10,8,臺中市,西屯區,0,2,0,8,1,5,50,3,1,1,5,4,5,7,4,4,10,5,5,2,17,23,2,9,1,1,C03,7,9,1,10,1,11,,23,23,1,21,8,C03,120.651131,24.161395,2
2022,9,12,10,10,臺中市,豐原區,0,1,0,8,1,5,30,14,9,1,5,4,5,7,4,4,8,3,5,1,13,16,3,10,1,1,B03,7,9,1,8,2,1,,16,16,1,22,5,B03,120.71923,24.24829,2
2022,9,12,10,13,臺中市,龍井區,0,0,0,6,,,30,,,,,,,,,,,,,,,12,,,,,B12,,,1,,11,,,12,,1,21,,B12,120.576346,24.183396,3
2022,9,12,10,16,臺中市,太平區,0,1,0,8,1,5,50,3,2,1,5,4,5,7,4,4,5,4,5,1,16,19,3,10,1,1,B03,7,1,1,8,2,1,,19,19,1,22,5,B03,120.70718,24.118636,2
2022,9,12,10,16,臺中市,龍井區,0,0,0,6,,,50,,,,,,,,,,,,,,,7,,,,,A12,,,1,,2,,,44,42,1,10,,A12,120.587176,24.185591,3
2022,9,12,10,17,臺中市,西屯區,0,1,0,6,1,5,50,4,1,1,4,4,5,7,4,4,10,5,5,2,15,6,2,9,1,4,C03,7,9,1,10,2,12,,6,6,1,22,8,C03,120.621985,24.183898,2
2022,9,12,10,28,臺中市,清水區,1,0,0,6,1,5,30,14,9,1,4,4,5,7,4,4,10,5,5,2,26,21,1,9,3,4,C03,7,9,6,10,8,12,,21,21,1,21,8,C03,120.577884,24.300211,1
2022,9,12,10,39,臺中市,外埔區,0,1,0,6,1,5,50,4,1,1,4,4,5,7,3,1,10,5,5,2,16,6,2,9,1,1,C03,7,9,1,10,2,11,,6,6,1,20,8,C03,120.655809,24.332343,2
2022,9,12,10,39,臺中市,豐原區,0,0,0,8,,,50,,,,,,,,,,,,,,,7,,,,,B03,,,1,,2,,,7,,1,22,,B03,120.715394,24.248234,4
2022,9,12,10,40,臺中市,北屯區,0,0,0,8,,,40,,,,,,,,,,,,,,,12,,,,,B12,,,1,8,1,,,12,12,1,21,,B12,120.662993,24.187709,3
2022,9,12,10,40,臺中市,大肚區,0,0,0,,,,50,,,,,,,,,,,,,,,17,,,,,B12,,,1,,2,,,17,,1,21,,B12,120.54586,24.150102,3
2022,9,12,10,49,臺中市,北區,0,0,0,,,,30,,,,,,,,,,,,,,,23,,,,,B12,,,1,,1,,,23,,1,21,,B12,120.687563,24.157802,3
2022,9,12,10,50,臺中市,西屯區,0,1,0,8,1,5,30,14,9,1,5,4,5,7,4,4,10,5,5,2,16,42,2,8,1,1,C03,7,9,1,10,2,12,,42,42,1,22,8,C03,120.640816,24.169177,2
2022,9,12,10,50,臺中市,梧棲區,0,0,0,6,,,50,,,,,,,,,,,,,,,43,,,,,B03,,,1,,2,,,43,,1,5,,B03,120.541933,24.247018,4
2022,9,12,10,50,臺中市,東勢區,0,2,0,6,1,5,40,14,9,1,4,4,5,7,4,4,5,4,5,2,16,42,2,9,1,1,C03,7,9,1,10,2,14,,42,43,1,22,9,C03,120.832797,24.246472,2
2022,9,12,11,0,臺中市,大甲區,0,0,0,8,,,50,,,,,,,,,,,,,,,6,,,,,B03,,,1,,1,,,6,,1,21,,B03,120.625143,24.348893,3
2022,9,12,11,5,臺中市,西屯區,0,0,0,8,,,50,,,,,,,,,,,,,,,23,,,,,B11,,,1,,1,,,23,,1,22,,B11,120.61738,24.174921,3
2022,9,12,11,30,臺中市,大甲區,0,0,0,8,,,50,,,,,,,,,,,,,,,42,,,,,A12,,,1,,2,,,42,,1,21,,A12,120.61791,24.350613,3
2022,9,12,11,30,臺中市,豐原區,0,0,0,8,,,30,,,,,,,,,,,,,,,17,,,,,B03,,,1,,2,,,17,,1,22,,B03,120.71754,24.268301,3
2022,9,12,11,35,臺中市,西屯區,0,1,0,8,1,5,30,4,1,1,5,4,5,7,4,4,10,5,5,2,17,6,2,9,1,1,C03,7,9,4,8,1,11,,6,6,1,1,9,C03,120.648272,24.182982,2
2022,9,12,11,41,臺中市,大雅區,0,1,0,7,1,5,40,14,8,1,4,4,5,7,4,4,1,4,4,1,17,23,2,8,1,1,C03,7,9,1,10,2,11,,23,23,1,22,9,C03,120.62935,24.239456,2
2022,9,12,11,42,臺中市,西屯區,0,0,0,6,,,50,,,,,,,,,,,,,,,23,,,,,B03,,,1,,1,,,23,,1,22,,B03,120.637968,24.168043,3
2022,9,12,11,44,臺中市,西屯區,0,0,0,8,,,50,,,,,,,,,,,,,,,19,,,,,B03,,,1,,2,,,19,,1,21,,B03,120.619323,24.181905,3
2022,9,12,11,49,臺中市,太平區,0,0,0,6,,,30,,,,,,,,,,,,,,,12,,,,,B12,,,1,,1,,,12,,1,9,,B12,120.721467,24.123832,3
2022,9,12,11,51,臺中市,西屯區,0,0,0,6,,,40,,,,,,,,,,,,,,,23,,,,,B03,,,1,,1,,,23,,1,22,,B03,120.637054,24.15972,3
2022,9,12,11,54,臺中市,北區,0,0,0,6,,,40,,,,,,,,,,,,,,,17,,,,,B03,,,1,,1,,,17,17,1,22,,B03,120.685196,24.15676,3
2022,9,12,12,0,臺中市,沙鹿區,0,0,0,8,,,50,,,,,,,,,,,,,,,17,,,,,B03,,,1,,9,,,17,,1,19,,B03,120.559638,24.236276,3
2022,9,12,12,0,臺中市,大甲區,0,0,0,6,,,50,,,,,,,,,,,,,,,23,,,,,B03,,,1,,1,,,23,,1,22,,B03,120.655584,24.381735,3
2022,9,12,12,4,臺中市,豐原區,0,0,0,,,,50,,,,,,,,,,,,,,,16,,,,,B03,,,1,,2,,,16,16,1,22,,B03,120.759153,24.27797,3
2022,9,12,12,5,臺中市,西屯區,0,1,0,6,1,5,50,14,9,1,4,4,5,7,4,4,9,4,5,2,18,42,2,9,3,4,C03,7,9,1,10,2,12,,42,42,1,22,8,C03,120.652961,24.178228,2
2022,9,12,12,8,臺中市,大雅區,0,1,0,6,1,5,50,3,1,1,4,4,5,7,4,4,5,4,5,1,13,23,2,8,1,1,C03,7,9,1,10,2,11,,23,23,1,22,9,C03,120.656602,24.221384,2
2022,9,12,12,16,臺中市,西屯區,0,0,0,8,,,50,,,,,,,,,,,,,,,6,,,,,B03,,,1,,2,,,6,,1,22,,B03,120.617996,24.186066,3
2022,9,12,12,20,臺中市,北區,0,1,0,6,1,5,50,14,9,1,4,4,5,7,4,4,5,4,5,2,18,23,2,9,1,1,C03,7,9,1,10,2,15,,23,23,1,21,8,C03,120.68225,24.166901,2
2022,9,12,12,23,臺中市,后里區,0,0,0,6,,,50,,,,,,,,,,,,,,,16,,,,,B03,,,1,,2,,,16,,1,21,,B03,120.714174,24.310433,3
2022,9,12,12,25,臺中市,東勢區,0,0,0,6,,,60,,,,,,,,,,,,,,,6,,,,,B03,,,1,,2,,,6,,1,22,,B03,120.795681,24.286133,3
2022,9,12,12,26,臺中市,潭子區,0,2,0,6,1,5,50,14,9,1,4,4,5,7,4,4,9,4,5,2,13,16,2,8,1,1,C03,7,9,1,10,2,11,,16,16,1,22,8,C03,120.701675,24.190772,2
2022,9,12,12,33,臺中市,西區,0,0,0,8,,,50,,,,,,,,,,,,,,,23,,,,,B03,,,1,,1,,,23,,1,21,,B03,120.653557,24.153611,3
2022,9,12,12,34,臺中市,西屯區,0,0,0,8,,,50,,,,,,,,,,,,,,,23,,,,,B03,,,1,,1,,,23,,1,21,,B03,120.651755,24.197925,3
2022,9,12,12,37,臺中市,大雅區,0,0,0,8,,,30,,,,,,,,,,,,,,,8,,,,,C03,,,1,,2,,,8,,1,22,,C03,120.649052,24.227547,3
2022,9,12,12,43,臺中市,北區,0,1,0,6,1,5,50,4,1,1,4,4,5,7,1,1,10,5,5,2,17,25,3,10,1,1,C03,7,6,1,10,2,15,,25,25,1,22,8,C03,120.700613,24.153965,2
2022,9,12,12,44,臺中市,梧棲區,0,1,0,8,1,5,50,14,9,1,5,4,5,7,4,4,1,3,4,1,16,6,3,10,1,1,A11,7,6,1,1,2,5,,6,6,1,10,1,A11,120.539551,24.257736,2