年,月,日,時,分,縣市,區,死,受傷,2-30,天候,光線,道路類別,速限,道路型態,事故位置,路面鋪裝,路面狀態,路面缺陷,障礙物,視距,號誌種類,號誌動作,分向設施,快車道或一般車道間,快慢車道間,路面邊線,事故類型及型態,主要肇因,受傷程度,主要傷處,保護裝備,行動電話,當事者區分,車輛用途,當事者行動狀態,駕駛資格情形,駕駛執照種類,飲酒情形,車輛撞擊部位最初,車輛撞擊部位其他,肇事因素個別,肇事因素主要,肇事逃逸,職業,旅次目的,車種,GPS緯度,GPS經度,事故類別
2022,9,12,12,48,臺中市,大里區,0,1,0,6,1,5,50,4,1,1,4,4,5,7,1,1,10,5,5,2,17,23,2,9,3,4,C03,7,9,1,10,2,15,,23,23,1,22,8,C03,120.708878,24.086924,2
2022,9,12,12,50,臺中市,大雅區,0,0,0,8,,,30,,,,,,,,,,,,,,,6,,,,,C01,,,1,,2,,,6,,1,22,,C01,120.664811,24.232812,3
2022,9,12,12,55,臺中市,北屯區,0,0,0,8,,,50,,,,,,,,,,,,,,,16,,,,,B12,,,1,,1,,,16,,1,5,,B12,120.689986,24.180521,3
2022,9,12,12,55,臺中市,神岡區,0,1,0,8,1,5,50,15,9,1,5,4,5,7,1,1,5,5,5,1,17,6,3,10,1,1,B12,7,6,1,8,2,2,,6,6,1,22,8,B12,120.696673,24.254093,2
2022,9,12,12,55,臺中市,豐原區,0,0,0,8,,,50,,,,,,,,,,,,,,,16,,,,,B01,,,1,,2,,,16,,1,10,,B01,120.699852,24.236544,3
2022,9,12,12,59,臺中市,西區,0,0,0,8,,,50,,,,,,,,,,,,,,,25,,,,,B03,,,1,,9,,,25,,1,4,,B03,120.672769,24.135858,3
2022,9,12,12,59,臺中市,太平區,0,1,0,8,1,5,40,3,2,1,5,4,5,7,1,1,5,5,4,2,17,17,2,8,1,1,C03,7,9,1,10,2,11,,17,17,1,18,2,C03,120.7023,24.148126,2
2022,9,12,13,0,臺中市,沙鹿區,0,1,0,8,1,5,50,3,2,1,5,4,5,7,4,4,10,5,5,2,17,42,3,10,1,1,C03,7,3,1,10,9,12,,42,42,1,4,7,C03,120.557285,24.233499,2
2022,9,12,13,2,臺中市,西區,0,2,0,7,1,5,30,4,1,1,4,4,5,7,4,4,10,5,5,2,18,42,2,9,1,1,C03,7,9,1,10,2,14,,42,42,1,5,9,C03,120.663124,24.153679,2
2022,9,12,13,6,臺中市,太平區,0,2,0,6,1,5,50,14,9,1,4,4,5,7,4,4,5,5,5,2,13,23,2,9,1,1,C03,7,9,1,10,2,11,,23,23,1,18,8,C03,120.72654,24.149979,2
2022,9,12,13,19,臺中市,北區,0,0,0,8,,,50,,,,,,,,,,,,,,,12,,,,,B03,,,1,,2,,,12,,1,22,,B03,120.683726,24.166572,3
2022,9,12,13,23,臺中市,豐原區,0,1,0,6,1,5,40,14,9,1,4,4,5,7,4,4,4,5,5,1,18,42,2,9,3,4,C03,7,9,1,10,2,15,,42,42,1,22,8,C03,120.725663,24.234131,2
2022,9,12,13,25,臺中市,沙鹿區,0,1,0,8,1,5,40,3,1,1,5,4,5,7,4,4,10,5,5,2,17,23,3,10,1,1,B03,7,5,1,8,2,8,,23,23,1,4,9,B03,120.557021,24.224407,2
2022,9,12,13,27,臺中市,西屯區,0,1,0,8,1,5,40,3,2,1,5,4,5,7,4,4,1,5,5,2,13,23,2,9,1,1,C03,7,6,1,10,2,11,,23,23,1,22,8,C03,120.617396,24.18216,2
2022,9,12,13,30,臺中市,北屯區,0,1,0,8,1,5,50,14,9,1,5,4,5,7,4,4,1,4,5,2,13,23,2,9,3,4,C03,7,9,3,18,2,11,,23,23,1,21,8,C03,120.690111,24.182174,2
2022,9,12,13,38,臺中市,西區,0,0,0,8,,,50,,,,,,,,,,,,,,,42,,,,,B03,,,1,,1,,,42,,1,21,,B03,120.667832,24.130982,3
2022,9,12,13,39,臺中市,南區,0,1,0,7,1,5,50,4,1,1,5,4,5,7,1,1,9,4,4,2,16,25,2,9,1,1,C04,7,9,1,10,2,12,14,25,25,1,5,1,C04,120.672009,24.126468,2
2022,9,12,13,39,臺中市,西屯區,0,1,0,8,1,5,50,4,1,1,5,4,5,7,1,1,10,5,5,2,17,19,3,10,1,1,B03,7,1,1,8,2,1,,19,25,1,21,8,B03,120.648796,24.174868,2
2022,9,12,13,42,臺中市,西區,0,0,0,8,,,1,,,,,,,,,,,,,,,12,,,,,B12,,,1,,1,,,12,,1,21,,B12,120.661687,24.147865,3
2022,9,12,13,44,臺中市,北屯區,0,0,0,8,,,50,,,,,,,,,,,,,,,23,,,,,B12,,,1,,1,,,23,,1,5,,B12,120.73809,24.178433,3
2022,9,12,13,44,臺中市,梧棲區,0,2,0,8,1,5,30,4,1,1,5,4,5,7,4,4,10,5,5,2,15,6,2,9,1,1,C03,7,9,3,18,2,11,,6,6,1,18,8,C03,120.539125,24.257813,2
2022,9,12,13,51,臺中市,龍井區,0,0,0,8,,,30,,,,,,,,,,,,,,,6,,,,,B03,,,1,,2,,,6,,1,21,,B03,120.575603,24.181573,3
2022,9,12,13,52,臺中市,西屯區,0,0,0,8,,,50,,,,,,,,,,,,,,,67,,,,,,,,,,,,,67,,1,,,,120.604163,24.156538,3
2022,9,12,13,55,臺中市,西屯區,0,2,0,8,1,5,50,4,1,1,5,4,5,7,1,1,10,5,5,2,16,6,2,9,1,1,C03,7,5,1,10,2,15,,6,6,1,22,8,C03,120.658311,24.195146,2
2022,9,12,13,55,臺中市,西屯區,0,2,0,8,1,5,50,3,1,1,5,4,5,7,2,1,5,4,4,1,17,8,2,9,1,1,C03,7,5,1,10,2,14,,8,8,1,1,9,C03,120.645144,24.177268,2
2022,9,12,14,4,臺中市,北屯區,0,1,0,8,1,5,30,4,1,1,5,4,5,7,4,4,10,5,5,2,15,6,3,10,1,1,B03,7,9,1,8,2,8,,6,6,1,22,8,B03,120.667643,24.193288,2
2022,9,12,14,7,臺中市,西屯區,0,0,0,8,,,50,,,,,,,,,,,,,,,23,,,,,B03,,,1,,1,,,23,,1,22,,B03,120.621893,24.179695,3
2022,9,12,14,10,臺中市,西區,0,0,0,8,1,5,50,15,20,4,5,4,5,7,4,4,5,5,5,2,17,23,,,,,C03,,,1,,2,,,23,,1,4,,C03,120.661546,24.146809,3
2022,9,12,14,21,臺中市,豐原區,0,0,0,8,,,30,,,,,,,,,,,,,,,23,,,,,B03,,,1,,2,,,23,,1,22,,B03,120.716493,24.274829,3
2022,9,12,14,27,臺中市,西區,0,0,0,8,,,50,,,,,,,,,,,,,,,23,,,,,B12,,,1,,1,,,23,,1,21,,B12,120.659291,24.147701,3
2022,9,12,14,42,臺中市,龍井區,1,0,0,8,1,5,50,4,1,1,5,4,5,7,4,4,10,5,5,2,16,6,3,10,1,1,A31,7,9,1,1,2,5,,6,6,1,10,4,A31,120.516854,24.221087,1
2022,9,12,14,52,臺中市,西屯區,0,1,0,8,1,5,50,3,2,1,5,4,5,7,4,4,5,4,5,2,17,6,3,10,1,1,C04,7,5,1,11,2,11,,6,6,1,21,8,C04,120.621718,24.186425,2
2022,9,12,14,53,臺中市,西區,0,1,0,8,1,5,50,4,1,1,5,4,5,7,1,1,10,5,5,2,16,6,2,8,1,1,C03,7,5,1,10,1,11,,6,6,1,2,9,C03,120.657395,24.142945,2
2022,9,12,15,5,臺中市,北屯區,0,1,0,8,1,5,30,14,9,1,5,4,5,7,4,4,10,5,5,2,17,19,2,9,1,1,C03,7,1,1,10,2,11,,19,19,1,21,8,C03,120.680367,24.169081,2
2022,9,12,15,6,臺中市,大甲區,0,0,0,8,,,60,,,,,,,,,,,,,,,23,,,,,B03,,,1,,2,,,23,,1,9,,B03,120.616547,24.413126,3
2022,9,12,15,14,臺中市,北區,0,3,0,8,1,5,30,4,1,1,5,4,5,7,4,4,10,5,5,2,15,6,2,9,1,1,C03,7,9,1,10,2,12,,6,6,1,20,8,C03,120.69582,24.152822,2
2022,9,12,15,16,臺中市,神岡區,0,1,0,8,1,5,50,14,7,1,5,4,5,7,4,4,9,4,4,2,17,17,3,10,1,1,B12,7,9,1,8,2,2,,17,17,2,12,8,B12,120.701035,24.263312,2
2022,9,12,15,20,臺中市,霧峰區,0,1,0,8,1,5,60,14,13,1,5,4,5,7,4,4,1,4,4,1,17,42,2,9,1,1,C03,7,9,1,10,2,12,,42,42,1,12,8,C03,120.695601,24.015481,2
2022,9,12,15,20,臺中市,太平區,0,1,0,8,1,5,50,3,1,1,5,4,5,7,4,4,10,5,5,2,17,18,3,10,3,4,B03,7,3,1,8,2,4,,18,18,1,19,8,B03,120.71235,24.152861,2
2022,9,12,15,25,臺中市,北區,0,0,0,8,,,50,,,,,,,,,,,,,,,6,,,,,B03,,,1,,1,,,6,6,1,22,,B03,120.676191,24.158299,3
2022,9,12,15,29,臺中市,東區,0,1,0,8,1,5,30,14,9,1,5,3,1,7,4,4,10,5,5,2,28,23,2,9,3,4,C03,7,9,1,10,2,11,,23,23,1,5,8,C03,120.707173,24.139875,2
2022,9,12,15,30,臺中市,西屯區,0,0,0,8,,,50,,,,,,,,,,,,,,,43,,,,,B03,,,1,,1,,,43,,1,22,,B03,120.656633,24.200475,3
2022,9,12,15,30,臺中市,太平區,0,1,0,7,1,5,50,14,7,1,5,4,5,7,4,4,5,5,4,1,13,16,2,8,1,1,C03,7,9,3,18,2,11,,16,16,1,19,8,C03,120.729577,24.150227,2
2022,9,12,15,34,臺中市,北屯區,0,1,0,6,1,5,50,4,1,1,4,4,5,7,3,1,5,5,5,2,15,6,2,9,1,1,C03,7,9,1,10,2,13,,6,6,1,22,8,C03,120.673503,24.180775,2
2022,9,12,15,36,臺中市,清水區,0,1,0,8,1,5,50,4,1,1,5,4,5,7,1,1,10,5,5,2,16,6,3,10,1,1,B03,7,6,1,8,2,2,,6,6,1,5,5,B03,120.576624,24.276275,2
2022,9,12,15,40,臺中市,北區,0,0,0,6,1,5,50,14,9,1,4,4,5,7,4,4,4,1,5,2,14,12,,,,,B03,,,1,,11,,,12,,1,22,,B03,120.664607,24.163808,3
2022,9,12,15,40,臺中市,神岡區,0,0,0,,,,30,,,,,,,,,,,,,,,22,,,,,B03,,,1,,2,,,22,,1,22,,B03,120.684786,24.260803,3
2022,9,12,15,44,臺中市,北區,0,0,0,8,,,40,,,,,,,,,,,,,,,19,,,,,B02,,,1,,1,,,19,,1,5,,B02,120.694071,24.156066,3
2022,9,12,15,44,臺中市,龍井區,0,0,0,,,,60,,,,,,,,,,,,,,,19,,,,,A41,,,1,,2,,,19,,1,10,,A41,120.512259,24.226129,3
2022,9,12,15,49,臺中市,西屯區,0,1,0,6,1,5,50,14,9,1,4,4,5,7,4,4,4,5,5,2,18,42,2,9,1,1,C03,7,9,1,10,2,14,,42,42,1,22,8,C03,120.64422,24.175357,2
2022,9,12,15,50,臺中市,西屯區,0,1,0,8,1,5,50,4,1,1,5,4,5,7,4,4,10,5,5,2,15,6,3,10,1,1,C03,7,9,1,10,2,13,,6,6,1,22,8,C03,120.659307,24.161494,2
2022,9,12,16,9,臺中市,豐原區,0,0,0,8,,,50,,,,,,,,,,,,,,,12,,,,,B12,,,1,,2,,,12,12,1,4,,B12,120.723686,24.252486,3
2022,9,12,16,12,臺中市,南區,0,1,0,8,1,5,50,4,1,1,5,4,5,7,1,1,10,5,5,2,16,6,3,10,1,1,B03,7,6,1,8,2,5,,6,6,1,22,8,B03,120.653495,24.122737,2
2022,9,12,16,16,臺中市,西屯區,0,2,0,8,1,5,50,14,9,1,5,4,5,7,4,4,1,4,5,2,13,23,2,8,3,4,C03,7,9,1,10,2,11,,23,23,1,22,8,C03,120.641473,24.1731,2
2022,9,12,16,16,臺中市,西屯區,0,0,0,8,,,40,,,,,,,,,,,,,,,6,,,,,B03,,,1,,1,,,6,,1,22,,B03,120.645548,24.172362,3
2022,9,12,16,20,臺中市,北區,0,1,0,6,1,5,50,4,1,1,4,4,5,7,1,1,10,5,5,2,17,23,2,9,1,1,C03,7,9,1,10,2,12,,23,23,1,22,9,C03,120.681158,24.167156,2
2022,9,12,16,26,臺中市,東區,0,1,0,8,1,5,50,4,1,1,5,4,5,7,2,1,10,5,5,2,16,6,3,10,3,4,B03,7,5,1,8,2,5,,6,6,1,5,8,B03,120.71047,24.140826,2
2022,9,12,16,33,臺中市,西區,0,0,0,8,,,60,,,,,,,,,,,,,,,23,,,,,B12,,,1,,2,,,23,,1,5,,B12,120.662609,24.155678,3
2022,9,12,16,38,臺中市,太平區,0,0,0,8,,,50,,,,,,,,,,,,,,,23,,,,,B03,,,1,,2,,,23,,1,21,,B03,120.70798,24.148984,3
2022,9,12,16,39,臺中市,沙鹿區,0,0,0,8,,,50,,,,,,,,,,,,,,,19,,,,,B03,,,1,,2,,,23,23,1,9,,B03,120.614839,24.241916,3
2022,9,12,16,40,臺中市,西區,0,3,0,8,1,5,50,14,9,1,5,4,5,7,4,4,7,2,5,2,17,23,2,9,1,1,C03,7,9,1,10,2,11,,23,23,1,4,7,C03,120.671732,24.145354,2
2022,9,12,16,40,臺中市,大安區,0,1,0,8,1,5,30,14,9,1,5,4,5,7,4,4,10,5,5,1,17,19,3,10,1,1,B03,7,1,1,8,2,8,,19,19,1,22,1,B03,120.592027,24.339526,2
2022,9,12,16,41,臺中市,東勢區,0,1,0,6,1,5,60,14,9,1,4,4,5,7,4,4,5,4,5,1,18,23,2,9,1,1,C03,7,9,1,10,2,11,,23,23,1,4,8,C03,120.800438,24.292185,2
2022,9,12,16,47,臺中市,北屯區,0,0,0,8,,,80,,,,,,,,,,,,,,,43,,,,,A12,,,1,,11,,,43,,1,22,,A12,120.68847,24.201012,3
2022,9,12,16,52,臺中市,沙鹿區,0,2,0,8,1,5,50,4,1,1,5,4,5,7,4,4,10,5,5,2,15,6,2,9,1,1,C03,7,9,1,10,2,12,11,6,6,1,18,8,C03,120.581944,24.221858,2
2022,9,12,16,53,臺中市,南區,0,0,0,7,1,5,50,5,1,1,5,4,5,7,1,1,3,2,5,2,17,17,3,10,1,1,B12,7,15,1,8,2,4,,17,17,1,21,8,B12,120.6609,24.121814,3
2022,9,12,16,56,臺中市,南區,0,1,0,8,1,5,50,4,1,1,5,4,5,7,2,1,10,5,5,2,17,42,3,10,1,1,C03,7,1,1,10,2,14,,42,42,1,21,8,C03,120.653659,24.113755,2
2022,9,12,17,1,臺中市,東區,0,0,0,8,,,50,,,,,,,,,,,,,,,6,,,,,B03,,,1,8,2,,,6,6,1,5,,B03,120.71038,24.140881,3
2022,9,12,17,3,臺中市,北區,0,1,0,8,1,5,50,4,1,1,5,4,5,1,1,1,5,5,4,2,17,6,3,10,1,1,B03,7,6,1,8,2,6,,6,6,1,5,8,B03,120.666318,24.159226,2
2022,9,12,17,5,臺中市,西屯區,0,1,0,8,1,5,40,4,7,1,5,4,5,7,4,4,5,5,4,2,16,19,3,10,3,4,B03,7,1,1,8,2,4,,19,19,1,22,8,B03,120.642823,24.182391,2
2022,9,12,17,12,臺中市,清水區,0,1,0,8,1,5,70,3,1,1,5,4,5,7,3,1,1,4,1,1,23,42,2,8,1,1,B12,7,8,1,8,2,8,,42,42,1,10,8,B12,120.571162,24.298959,2
2022,9,12,17,13,臺中市,大甲區,0,1,0,8,1,5,30,4,1,1,5,4,5,7,4,4,10,5,5,2,15,6,3,10,1,1,B03,7,9,1,8,1,2,,6,6,1,21,8,B03,120.632084,24.371398,2
2022,9,12,17,13,臺中市,神岡區,0,1,0,8,1,5,50,3,1,1,5,4,5,7,4,4,10,5,5,2,17,1,3,10,1,1,B03,7,5,1,8,2,8,,27,1,1,12,8,B03,120.682529,24.245622,2
2022,9,12,17,13,臺中市,豐原區,0,1,0,8,1,5,50,14,9,1,5,4,5,7,1,1,1,5,4,1,17,42,2,9,1,1,C03,7,9,1,9,2,12,,42,42,1,9,8,C03,120.71395,24.249296,2
2022,9,12,17,14,臺中市,太平區,0,0,0,,,,50,,,,,,,,,,,,,,,16,,,,,C03,,,1,,2,,,16,,1,22,,C03,120.722757,24.147251,3
2022,9,12,17,14,臺中市,梧棲區,0,0,0,,,,50,,,,,,,,,,,,,,,23,,,,,B03,,,1,,2,,,23,,1,4,,B03,120.51906,24.225227,3
2022,9,12,17,17,臺中市,大雅區,0,1,0,8,1,5,50,3,1,1,5,4,5,7,4,4,10,5,5,2,16,6,3,10,1,1,B12,7,6,1,8,2,8,,6,6,1,22,9,B12,120.64334,24.220097,2
2022,9,12,17,20,臺中市,豐原區,0,0,0,8,,,50,,,,,,,,,,,,,,,17,,,,,C03,,,,,,,,17,,1,22,,C03,120.704849,24.255109,3
2022,9,12,17,23,臺中市,梧棲區,0,2,0,8,1,5,40,4,1,1,5,4,5,7,4,4,10,5,5,2,15,6,3,10,1,1,C03,7,9,1,10,2,11,,6,6,1,11,1,C03,120.55788,24.241844,2
2022,9,12,17,29,臺中市,北區,0,1,0,8,1,5,40,14,8,1,5,4,5,7,4,4,1,4,4,2,18,44,2,9,1,1,C03,7,9,1,10,2,14,,44,44,1,5,8,C03,120.674837,24.161429,2
2022,9,12,17,37,臺中市,西屯區,0,0,0,8,,,50,,,,,,,,,,,,,,,12,,,,,B03,,,1,,1,,,12,,1,22,,B03,120.610818,24.187596,3
2022,9,12,17,40,臺中市,西區,0,0,0,6,1,5,50,14,9,1,4,4,5,7,4,4,5,2,5,2,17,43,,,,,B03,,,7,,11,,,43,,1,4,,B03,120.678609,24.136235,3
2022,9,12,17,41,臺中市,西屯區,0,2,0,8,2,5,50,14,9,1,5,4,5,7,4,4,8,5,5,2,12,19,2,8,1,1,C03,7,1,1,10,2,13,,19,19,1,22,8,C03,120.626559,24.184476,2
2022,9,12,17,45,臺中市,豐原區,0,1,0,8,1,5,60,14,7,1,5,4,5,7,4,4,1,4,4,1,17,42,2,9,1,1,C03,7,9,1,10,2,12,,42,42,1,22,8,C03,120.734046,24.246503,2
2022,9,12,17,46,臺中市,西區,0,1,0,8,3,5,50,3,1,1,5,4,5,7,4,4,10,5,5,2,16,19,3,10,1,1,B03,7,1,1,8,2,4,,19,19,1,23,8,B03,120.664159,24.134502,2
2022,9,12,17,52,臺中市,沙鹿區,0,1,0,8,2,5,50,14,7,1,5,4,5,7,4,4,9,5,4,2,17,19,2,9,1,1,C03,7,1,1,10,2,12,,19,19,1,21,8,C03,120.575845,24.225901,2
2022,9,12,17,56,臺中市,南區,0,0,0,8,2,5,50,14,9,1,5,4,5,7,4,4,5,5,5,2,17,17,3,10,1,1,B03,7,9,1,8,2,5,,17,17,1,21,8,B03,120.662927,24.128885,3
2022,9,12,18,7,臺中市,潭子區,0,1,0,8,3,5,50,3,1,1,5,4,5,7,4,4,10,5,5,2,16,6,2,9,1,1,C03,7,5,1,10,2,11,,6,6,1,22,8,C03,120.691494,24.216907,2
2022,9,12,18,10,臺中市,太平區,0,1,0,7,3,5,30,3,2,1,5,4,5,7,4,4,10,5,5,2,11,5,2,9,1,1,C03,7,9,1,10,2,14,,5,5,1,22,9,C03,120.717601,24.123063,2
2022,9,12,18,11,臺中市,北屯區,0,1,0,7,2,5,50,14,9,1,5,4,5,7,4,4,5,5,5,2,16,16,3,10,1,1,C03,7,9,1,10,2,11,,16,16,1,21,8,C03,120.72063,24.161123,2
2022,9,12,18,16,臺中市,南區,0,1,0,8,3,5,50,4,2,1,5,4,5,7,2,1,1,2,4,2,12,26,2,9,1,1,C03,7,7,1,10,2,14,,26,26,1,21,8,C03,120.660395,24.123758,2
2022,9,12,18,16,臺中市,西屯區,0,1,0,8,1,5,50,4,7,1,5,4,5,7,2,1,5,2,4,1,12,7,2,9,3,4,C03,7,7,1,10,2,14,,7,7,1,22,8,C03,120.649286,24.17503,2
2022,9,12,18,16,臺中市,太平區,0,0,0,8,,,50,,,,,,,,,,,,,,,23,,,,,B02,,,1,,2,,,23,,1,21,,B02,120.72179,24.131119,3
2022,9,12,18,17,臺中市,大肚區,0,1,0,8,3,5,60,3,1,1,5,4,5,7,1,1,1,3,1,1,17,42,3,10,1,1,B03,7,5,1,8,2,5,,42,42,1,21,8,B03,120.583051,24.168335,2
2022,9,12,18,25,臺中市,梧棲區,0,0,0,,,,40,,,,,,,,,,,,,,,42,,,,,B03,,,1,,2,,,42,,1,4,,B03,120.535626,24.25106,3
2022,9,12,18,26,臺中市,大甲區,0,1,0,8,2,5,50,4,1,1,5,4,5,7,4,4,10,5,5,1,15,23,2,1,1,1,B03,7,9,1,8,2,8,1,6,23,1,22,8,B03,120.621496,24.352473,2
2022,9,12,18,27,臺中市,南區,0,1,0,7,3,5,50,3,9,1,5,4,5,7,4,4,5,5,5,2,27,44,2,9,1,1,C03,7,9,1,10,2,11,,44,44,1,21,8,C03,120.671373,24.121758,2
2022,9,12,18,30,臺中市,西屯區,0,0,0,8,,,50,,,,,,,,,,,,,,,16,,,,,B03,,,1,,1,,,16,,1,22,,B03,120.620066,24.182655,3
2022,9,12,18,32,臺中市,梧棲區,0,0,0,8,,,50,,,,,,,,,,,,,,,17,,,,,A05,,,1,,2,,,17,17,1,10,,A05,120.531111,24.256098,3
2022,9,12,18,37,臺中市,西屯區,0,1,0,8,3,5,50,14,9,1,5,4,5,7,4,4,1,4,5,2,18,43,2,9,3,4,C03,7,9,1,10,2,12,,43,43,1,22,8,C03,120.660508,24.200635,2
2022,9,12,18,38,臺中市,北區,0,0,0,8,,,30,,,,,,,,,,,,,,,12,,,,,B03,,,1,,2,,,12,,1,22,,B03,120.670211,24.156599,3
2022,9,12,18,39,臺中市,豐原區,0,0,0,8,,,60,,,,,,,,,,,,,,,16,,,,,B12,,,1,,2,,,16,,1,21,,B12,120.722248,24.235583,3
2022,9,12,18,42,臺中市,豐原區,0,1,0,6,3,5,30,4,1,1,4,4,5,7,2,1,8,3,4,1,17,6,3,10,1,1,C03,7,5,1,10,2,15,,6,6,1,22,5,C03,120.718705,24.25177,2
2022,9,12,18,47,臺中市,外埔區,0,0,0,6,,,50,,,,,,,,,,,,,,,43,,,,,,,,,,,,,43,,1,,,,120.639112,24.34157,3
2022,9,12,18,49,臺中市,西屯區,0,2,0,8,3,5,50,3,1,1,5,4,5,7,4,4,10,5,5,2,16,17,2,9,1,1,C03,7,5,1,10,2,12,,17,17,1,4,8,C03,120.649208,24.171269,2
2022,9,12,19,1,臺中市,西屯區,0,0,0,8,,,30,,,,,,,,,,,,,,,23,,,,,B03,,,1,,1,,,23,,1,22,,B03,120.646251,24.181893,3
2022,9,12,19,2,臺中市,北屯區,0,1,0,8,3,5,50,4,1,1,5,4,5,7,1,1,10,5,5,2,17,25,3,10,1,1,B12,7,5,1,8,2,2,,25,25,1,21,8,B12,120.667144,24.17321,2
2022,9,12,19,2,臺中市,豐原區,0,0,0,8,,,40,,,,,,,,,,,,,,,23,,,,,B03,,,1,,2,,,23,23,1,22,,B03,120.720476,24.236601,3
2022,9,12,19,5,臺中市,東勢區,0,2,0,6,3,5,40,3,1,1,4,4,5,7,4,4,10,5,5,2,17,6,2,9,1,1,C03,7,5,1,10,2,12,,6,6,1,21,8,C03,120.832321,24.251287,2
2022,9,12,19,6,臺中市,烏日區,0,1,0,8,1,5,50,14,9,1,5,4,5,7,4,4,5,4,5,2,16,19,3,10,1,1,B03,7,1,1,8,2,8,,19,19,1,21,8,B03,120.61553,24.11295,2
2022,9,12,19,6,臺中市,烏日區,0,2,0,8,1,5,60,14,8,1,5,4,5,7,4,4,1,4,4,1,12,16,2,9,1,1,F03,7,9,8,20,2,16,,16,16,1,21,8,F03,120.632764,24.105809,2
2022,9,12,19,11,臺中市,西屯區,0,2,0,8,3,5,50,3,1,1,5,4,5,7,4,4,10,5,5,2,16,10,2,9,1,1,C03,7,11,1,10,2,12,,10,10,1,22,8,C03,120.621266,24.186868,2
2022,9,12,19,12,臺中市,大里區,0,1,0,8,3,5,50,4,1,1,5,4,5,7,3,1,5,4,4,2,29,6,2,8,1,1,C03,7,6,1,10,2,13,,6,6,1,22,8,C03,120.683486,24.100792,2
2022,9,12,19,19,臺中市,南屯區,0,0,0,8,,,40,,,,,,,,,,,,,,,25,,,,,B12,,,1,,1,,,25,,1,5,,B12,120.623198,24.150073,3
2022,9,12,19,22,臺中市,東區,0,0,0,8,,,50,,,,,,,,,,,,,,,23,,,,,A12,,,1,3,2,,,23,23,1,5,,A12,120.693215,24.133495,3
2022,9,12,19,24,臺中市,北屯區,0,0,0,8,,,50,,,,,,,,,,,,,,,23,,,,,C03,,,1,,1,,,23,,1,21,,C03,120.67106,24.173925,3
2022,9,12,19,27,臺中市,潭子區,0,1,0,6,3,5,50,14,9,1,4,4,5,7,4,4,3,4,5,1,16,9,3,10,1,1,B03,7,6,1,8,2,2,,9,9,1,22,8,B03,120.712294,24.212135,2
2022,9,12,19,35,臺中市,梧棲區,0,1,0,8,3,5,50,3,2,1,5,4,5,7,4,4,10,5,5,2,16,9,3,10,1,1,B03,7,6,1,8,2,5,,9,9,1,11,1,B03,120.538435,24.261964,2
2022,9,12,19,40,臺中市,大雅區,0,1,0,8,3,5,30,4,1,1,5,4,5,7,1,1,10,5,5,2,11,6,2,8,1,1,F03,7,5,8,20,2,16,,6,6,1,22,9,F03,120.63302,24.21273,2
2022,9,12,19,46,臺中市,北區,0,3,0,8,3,5,50,14,7,1,5,4,3,5,4,4,5,5,4,2,16,3,2,8,3,1,F01,7,1,8,20,2,16,,3,3,1,22,8,F01,120.675918,24.170289,2
2022,9,12,19,50,臺中市,沙鹿區,0,2,0,8,3,5,50,3,1,1,5,4,5,7,4,4,10,5,5,2,13,16,2,9,1,1,C03,7,9,1,10,2,11,,16,16,1,21,8,C03,120.56243,24.236727,2
2022,9,12,19,51,臺中市,石岡區,0,2,0,6,3,5,70,3,2,1,4,4,5,7,1,1,10,5,5,2,3,52,2,8,4,5,H01,8,16,8,20,10,16,,52,52,1,21,8,H01,120.807685,24.265708,2
2022,9,12,19,58,臺中市,西區,0,0,0,8,1,5,50,4,2,1,5,4,5,7,1,1,5,4,5,2,13,23,,,,,B03,,,1,,1,,,23,,1,22,,B03,120.675855,24.133176,3
2022,9,12,19,59,臺中市,南區,0,1,0,8,3,5,50,4,1,1,5,4,5,7,2,1,10,5,5,2,12,23,3,10,3,4,B03,7,9,1,8,2,2,,23,23,1,5,8,B03,120.676631,24.131881,2
2022,9,12,20,0,臺中市,西屯區,0,0,0,8,,,40,,,,,,,,,,,,,,,43,,,,,B03,,,1,,1,,,43,,1,22,,B03,120.641588,24.177271,3
2022,9,12,20,21,臺中市,西屯區,0,1,0,8,3,5,50,4,1,1,5,4,5,7,2,1,5,4,4,2,16,8,3,10,3,4,B03,7,5,1,8,2,8,,8,6,1,22,8,B03,120.661498,24.165339,2
2022,9,12,20,22,臺中市,北屯區,0,0,0,8,,,50,,,,,,,,,,,,,,,23,,,,,B03,,,1,,1,,,23,,1,21,,B03,120.698526,24.170366,3
2022,9,12,20,35,臺中市,中區,0,2,0,8,3,5,50,3,2,1,5,4,5,7,4,4,5,4,5,2,17,11,2,9,1,1,C03,7,11,3,18,2,13,,11,11,1,5,7,C03,120.68071,24.143303,2
2022,9,12,20,46,臺中市,大甲區,0,1,0,8,3,5,50,4,1,1,5,4,5,7,1,1,10,5,5,2,16,6,3,10,1,1,B03,7,6,1,8,2,6,,6,6,1,4,1,B03,120.641568,24.366223,2
2022,9,12,20,50,臺中市,北屯區,0,0,0,8,,,40,,,,,,,,,,,,,,,23,,,,,B03,,,1,,1,,,23,,1,22,,B03,120.6822,24.176178,3