年,月,日,時,分,縣市,區,死,受傷,2-30,天候,光線,道路類別,速限,道路型態,事故位置,路面鋪裝,路面狀態,路面缺陷,障礙物,視距,號誌種類,號誌動作,分向設施,快車道或一般車道間,快慢車道間,路面邊線,事故類型及型態,主要肇因,受傷程度,主要傷處,保護裝備,行動電話,當事者區分,車輛用途,當事者行動狀態,駕駛資格情形,駕駛執照種類,飲酒情形,車輛撞擊部位最初,車輛撞擊部位其他,肇事因素個別,肇事因素主要,肇事逃逸,職業,旅次目的,車種,GPS緯度,GPS經度,事故類別
2022,9,15,18,5,臺中市,梧棲區,0,0,0,8,,,50,,,,,,,,,,,,,,,26,,,,,B03,,,1,,2,,,26,,1,21,,B03,120.538512,24.248829,3
2022,9,15,18,5,臺中市,沙鹿區,0,2,0,7,1,5,50,4,1,1,5,4,5,7,1,1,10,5,5,2,16,26,3,10,1,1,B03,7,11,3,18,2,8,,26,26,1,22,9,B03,120.558677,24.227962,2
2022,9,15,18,6,臺中市,太平區,0,1,0,8,3,5,50,3,2,1,5,4,5,7,4,4,5,4,5,1,16,19,3,10,1,1,C03,7,1,1,10,2,14,,19,19,1,22,8,C03,120.716568,24.132734,2
2022,9,15,18,9,臺中市,西屯區,0,0,0,8,,,50,,,,,,,,,,,,,,,23,,,,,B03,,,1,,1,,,23,,1,4,,B03,120.624861,24.178245,3
2022,9,15,18,10,臺中市,西區,0,0,0,,,,50,,,,,,,,,,,,,,,23,,,,,B03,,,1,,1,,,23,,1,20,,B03,120.66213,24.154552,3
2022,9,15,18,11,臺中市,西屯區,0,0,0,8,,,50,,,,,,,,,,,,,,,19,,,,,B03,,,1,,1,,,19,,1,4,,B03,120.647236,24.168655,3
2022,9,15,18,15,臺中市,沙鹿區,0,1,0,8,3,5,50,4,1,1,5,4,5,7,1,1,10,5,5,2,16,7,3,10,1,1,C03,7,9,1,10,2,13,,44,7,1,21,8,C03,120.560836,24.241137,2
2022,9,15,18,16,臺中市,西屯區,0,0,0,8,,,50,,,,,,,,,,,,,,,6,,,,,B03,,,1,,1,,,6,,1,22,,B03,120.603802,24.185946,3
2022,9,15,18,23,臺中市,西屯區,0,1,0,8,3,5,50,4,1,1,5,4,5,7,1,1,10,5,5,2,16,9,3,10,1,1,B03,7,6,1,8,2,2,,9,9,1,4,8,B03,120.636762,24.171115,2
2022,9,15,18,28,臺中市,西屯區,0,0,0,8,,,50,,,,,,,,,,,,,,,23,,,,,B12,,,1,,1,,,23,,1,22,,B12,120.639414,24.188611,3
2022,9,15,18,37,臺中市,梧棲區,0,1,0,8,3,5,50,14,9,1,5,4,5,7,4,4,5,5,5,1,17,26,3,10,3,4,C03,7,11,1,10,2,12,,26,26,1,22,8,C03,120.52922,24.223317,2
2022,9,15,18,44,臺中市,北屯區,0,0,0,8,,,50,,,,,,,,,,,,,,,42,,,,,C03,,,1,,1,,,42,42,1,5,,C03,120.702185,24.184626,3
2022,9,15,18,49,臺中市,南屯區,0,0,0,8,,,50,,,,,,,,,,,,,,,16,,,,,B03,,,1,,1,,,16,,1,22,,B03,120.646658,24.149414,3
2022,9,15,18,49,臺中市,清水區,0,1,0,8,3,5,70,14,7,1,5,4,5,7,1,1,1,4,3,1,13,16,3,10,1,1,B03,7,9,1,8,2,1,,16,16,1,5,8,B03,120.577798,24.300576,2
2022,9,15,18,54,臺中市,豐原區,0,2,0,8,3,5,50,4,1,1,5,4,5,7,1,1,10,5,5,2,17,23,2,8,1,1,C03,7,9,1,10,2,14,,23,23,1,21,8,C03,120.718929,24.248232,2
2022,9,15,18,55,臺中市,南屯區,0,0,0,8,3,5,50,4,7,1,5,4,5,7,2,1,1,4,4,2,13,16,3,10,1,1,B03,7,9,1,18,8,1,,16,16,1,22,8,B03,120.631019,24.145,3
2022,9,15,18,56,臺中市,西屯區,0,1,0,8,1,5,50,3,1,1,5,4,5,7,4,4,1,4,5,1,16,6,3,10,1,4,B01,7,6,1,8,1,2,,6,6,1,4,8,B01,120.638251,24.169545,2
2022,9,15,18,59,臺中市,西屯區,0,0,0,8,,,50,,,,,,,,,,,,,,,7,,,,,B03,,,1,,1,,,7,,1,22,,B03,120.617,24.18177,3
2022,9,15,19,4,臺中市,西屯區,0,0,0,8,,,1,,,,,,,,,,,,,,,9,,,,,C03,,,1,,1,,,9,,1,22,,C03,120.602598,24.182928,3
2022,9,15,19,6,臺中市,西屯區,0,0,0,8,,,50,,,,,,,,,,,,,,,23,,,,,B03,,,1,,1,,,23,23,1,4,,B03,120.622935,24.185957,3
2022,9,15,19,9,臺中市,梧棲區,0,1,0,8,3,5,50,3,1,1,5,4,5,7,4,4,10,5,5,2,3,51,3,10,3,4,B03,7,9,1,8,2,8,,23,51,1,22,8,B03,120.544036,24.250466,2
2022,9,15,19,12,臺中市,清水區,0,0,0,8,,,50,,,,,,,,,,,,,,,8,,,,,B03,,,1,,2,,,8,,1,21,,B03,120.576084,24.270913,3
2022,9,15,19,20,臺中市,西屯區,0,0,0,8,,,40,,,,,,,,,,,,,,,7,,,,,B12,,,1,,1,,,7,,1,22,,B12,120.637352,24.169832,3
2022,9,15,19,27,臺中市,西屯區,0,0,0,8,,,30,,,,,,,,,,,,,,,67,,,,,,,,,,,,,67,,1,,,,120.611786,24.187947,3
2022,9,15,19,28,臺中市,沙鹿區,0,0,0,8,,,60,,,,,,,,,,,,,,,26,,,,,B03,,,1,,2,,,17,26,1,22,,B03,120.579046,24.250166,3
2022,9,15,19,31,臺中市,西屯區,0,1,0,8,1,5,50,3,1,1,5,4,5,7,4,4,8,4,5,1,16,6,3,10,1,4,B03,7,5,1,8,1,1,,6,6,1,4,8,B03,120.651355,24.171536,2
2022,9,15,19,40,臺中市,西屯區,0,1,0,8,3,5,50,4,1,1,5,4,5,7,1,1,10,5,5,2,16,6,3,10,3,4,C03,7,5,1,10,2,12,,6,6,1,22,8,C03,120.637962,24.17272,2
2022,9,15,19,42,臺中市,太平區,0,1,0,8,3,5,50,3,2,1,5,4,5,7,4,4,5,5,5,1,16,8,3,10,1,1,B01,7,5,1,3,2,4,,8,8,1,10,4,B01,120.718855,24.129857,2
2022,9,15,19,58,臺中市,西屯區,0,0,0,,,,50,,,,,,,,,,,,,,,23,,,,,B03,,,1,,1,,,23,,1,22,,B03,120.648767,24.168809,3
2022,9,15,20,2,臺中市,沙鹿區,0,0,0,8,,,50,,,,,,,,,,,,,,,8,,,,,C03,,,1,,2,,,8,8,1,21,,C03,120.565166,24.24296,3
2022,9,15,20,26,臺中市,西屯區,0,0,0,8,,,50,,,,,,,,,,,,,,,12,,,,,B03,,,1,,1,,,12,,1,4,,B03,120.63776,24.174609,3
2022,9,15,20,30,臺中市,北區,0,0,0,7,3,5,50,14,8,1,5,4,5,7,4,4,3,2,3,1,17,19,3,10,3,4,C03,7,1,1,10,6,15,,19,19,1,22,9,C03,120.690695,24.158234,3
2022,9,15,20,30,臺中市,西屯區,0,1,0,8,1,5,50,4,1,1,5,4,5,7,4,4,8,4,5,1,16,23,3,10,1,4,B03,7,6,1,8,2,1,,23,23,1,4,8,B03,120.64719,24.155865,2
2022,9,15,20,46,臺中市,西屯區,0,1,0,8,3,5,1,14,7,1,5,4,5,7,4,4,5,4,5,2,16,10,3,10,3,4,B03,7,11,1,8,2,8,,10,10,1,22,8,B03,120.628209,24.184025,2
2022,9,15,20,57,臺中市,大甲區,0,1,0,8,3,5,50,5,1,1,5,4,5,7,4,4,10,5,5,2,16,6,3,10,1,1,C03,7,6,1,10,2,12,,6,6,1,4,1,C03,120.61777,24.346801,2
2022,9,15,21,10,臺中市,東區,0,1,0,7,3,5,50,14,9,1,5,4,5,7,4,4,9,5,5,2,16,10,3,10,1,1,B02,7,11,1,8,2,4,,10,10,1,20,8,B02,120.701593,24.136725,2
2022,9,15,21,33,臺中市,西屯區,0,0,0,8,,,50,,,,,,,,,,,,,,,42,,,,,B12,,,1,,1,,,42,,1,22,,B12,120.61449,24.186671,3
2022,9,15,21,33,臺中市,沙鹿區,0,2,0,8,1,5,50,3,1,1,5,4,5,7,4,4,10,5,5,2,16,10,3,10,1,1,B03,7,11,1,8,2,4,,10,10,1,21,8,B03,120.576357,24.224872,2
2022,9,15,21,42,臺中市,西屯區,0,1,0,8,1,5,40,14,8,1,5,4,5,7,4,4,1,4,1,1,17,23,2,9,1,4,C03,7,9,1,10,2,14,,23,23,1,4,8,C03,120.641723,24.166765,2
2022,9,15,21,48,臺中市,清水區,0,1,0,7,3,5,40,14,8,1,5,4,5,7,3,1,1,4,3,1,12,19,2,9,1,1,C03,7,9,1,10,2,12,,23,19,1,5,1,C03,120.533101,24.274018,2
2022,9,15,21,59,臺中市,西屯區,0,1,0,8,3,5,50,4,1,1,5,4,5,7,1,1,10,5,5,2,16,6,2,9,1,1,C03,7,5,1,10,2,12,,6,6,1,4,8,C03,120.650844,24.16649,2
2022,9,15,22,19,臺中市,清水區,0,0,0,8,3,5,70,14,7,1,5,4,5,7,1,1,1,4,4,1,13,23,3,10,1,1,B03,7,9,1,8,2,1,,23,23,1,5,8,B03,120.591346,24.296205,3
2022,9,15,22,32,臺中市,大肚區,0,1,0,8,3,5,50,14,9,1,5,4,5,7,4,4,9,4,5,1,12,42,2,9,1,1,C03,7,9,1,10,2,14,,42,42,1,21,1,C03,120.579698,24.170558,2
2022,9,15,23,5,臺中市,清水區,0,0,0,8,3,5,50,14,7,1,5,4,5,7,4,4,5,5,4,2,14,12,3,10,1,1,B12,7,2,1,8,1,6,,12,12,1,5,8,B12,120.546776,24.265306,3
2022,9,15,23,15,臺中市,西屯區,0,1,0,8,3,5,50,14,9,1,5,4,5,7,4,4,5,4,5,2,17,16,2,9,3,4,C03,7,9,1,10,2,11,,16,16,1,22,8,C03,120.647386,24.174583,2
2022,9,15,23,25,臺中市,豐原區,0,3,0,7,3,5,50,4,2,1,5,4,5,7,3,1,8,3,4,1,17,6,2,9,3,4,C03,7,9,1,10,2,11,,6,6,1,22,8,C03,120.727027,24.254752,2
2022,9,15,23,37,臺中市,大雅區,0,1,0,8,3,5,30,4,1,1,5,4,5,7,3,1,10,5,5,1,15,6,2,9,1,1,C03,7,9,1,10,2,12,,6,6,1,22,9,C03,120.665667,24.229344,2
2022,9,16,0,49,臺中市,南屯區,0,0,0,8,,,50,,,,,,,,,,,,,,,25,,,,,B03,,,1,,2,,,25,,1,22,,B03,120.646802,24.146809,3
2022,9,16,5,50,臺中市,北屯區,0,0,0,8,,,50,,,,,,,,,,,,,,,7,,,,,C03,,,1,,1,,,7,,1,22,,C03,120.68683,24.203857,3
2022,9,16,6,0,臺中市,北屯區,0,0,0,8,,,50,,,,,,,,,,,,,,,43,,,,,C03,,,1,,2,,,43,,1,21,,C03,120.699875,24.16474,3
2022,9,16,6,35,臺中市,大肚區,0,0,0,8,,,60,,,,,,,,,,,,,,,42,,,,,B03,,,1,,2,,,7,,1,21,,B03,120.583081,24.168351,3
2022,9,16,6,45,臺中市,沙鹿區,0,2,0,8,1,5,50,3,1,1,5,4,5,7,4,4,10,5,5,2,16,6,2,9,1,1,C03,7,6,1,10,2,12,,6,6,1,3,5,C03,120.567847,24.256667,2
2022,9,16,6,47,臺中市,梧棲區,0,2,0,8,1,5,40,4,1,1,5,4,5,7,1,1,10,5,5,2,13,16,2,9,1,1,C03,7,9,1,10,2,11,,16,16,1,18,1,C03,120.538571,24.24905,2
2022,9,16,6,53,臺中市,南區,0,0,0,8,1,5,50,14,9,1,5,4,5,7,4,4,5,4,4,2,17,42,3,10,1,1,C03,7,9,1,10,11,11,,42,42,1,22,8,C03,120.675528,24.131328,3
2022,9,16,6,58,臺中市,霧峰區,0,0,0,8,,,50,,,,,,,,,,,,,,,23,,,,,C03,,,1,,2,,,23,,1,3,,C03,120.700026,24.074599,3
2022,9,16,7,4,臺中市,北屯區,0,2,0,8,1,5,50,3,1,1,5,4,5,7,4,4,10,5,5,2,3,15,2,9,1,1,F03,7,9,8,20,2,16,,15,15,1,21,8,F03,120.689301,24.177002,2
2022,9,16,7,4,臺中市,太平區,0,1,0,8,1,5,50,3,1,1,5,4,5,7,4,4,10,5,5,2,16,19,3,10,1,1,C03,7,1,1,10,2,11,,19,19,1,22,8,C03,120.706969,24.111799,2
2022,9,16,7,7,臺中市,南區,0,0,0,8,1,5,50,4,7,1,5,4,5,7,1,1,3,4,4,2,13,16,3,10,1,1,B03,7,9,1,8,2,1,,16,16,1,21,8,B03,120.653659,24.113755,3
2022,9,16,7,10,臺中市,西屯區,0,0,0,8,,,50,,,,,,,,,,,,,,,42,,,,,B03,,,1,,2,,,42,,1,12,,B03,120.600519,24.191935,3
2022,9,16,7,15,臺中市,太平區,0,1,0,8,1,5,50,4,1,1,5,4,5,7,2,1,10,5,5,2,16,1,2,9,1,1,C03,7,4,2,18,2,14,,1,1,1,22,8,C03,120.710177,24.164825,2
2022,9,16,7,20,臺中市,北區,0,1,0,8,1,5,50,14,8,1,5,4,5,7,4,4,3,4,4,2,29,43,2,9,1,1,C03,7,6,1,10,2,12,,43,43,1,5,5,C03,120.694651,24.15331,2
2022,9,16,7,21,臺中市,大雅區,0,1,0,8,1,5,30,11,9,1,5,4,5,7,4,4,10,5,5,2,17,5,3,10,1,1,C03,7,5,1,10,9,15,,5,5,2,22,8,C03,120.65463,24.222427,2
2022,9,16,7,22,臺中市,東區,0,2,0,8,1,5,40,14,8,1,5,4,5,7,4,4,1,4,4,2,13,23,2,9,1,1,F02,7,9,8,20,2,16,,23,23,1,16,5,F02,120.688552,24.131203,2
2022,9,16,7,22,臺中市,后里區,0,1,0,8,1,5,50,14,9,1,5,4,5,7,4,4,4,4,5,1,18,42,2,9,1,1,B03,7,1,1,8,2,10,,42,42,1,4,8,B03,120.72167,24.295118,2
2022,9,16,7,23,臺中市,西屯區,0,2,0,8,1,5,50,4,1,1,5,4,5,7,4,4,10,5,5,2,16,6,2,8,1,1,C03,7,5,1,10,2,11,,6,6,1,22,8,C03,120.6166,24.183349,2
2022,9,16,7,24,臺中市,霧峰區,0,2,0,8,1,5,50,4,1,1,5,4,5,7,1,1,9,4,5,1,16,6,2,7,1,1,C03,7,5,1,10,2,14,,6,6,1,22,9,C03,120.696106,24.059555,2
2022,9,16,7,27,臺中市,后里區,0,2,0,8,1,5,50,4,1,1,5,4,5,7,1,1,5,5,4,2,16,10,2,9,1,1,B12,7,11,1,8,2,1,,10,10,1,21,8,B12,120.710491,24.304568,2
2022,9,16,7,28,臺中市,豐原區,0,0,0,8,,,50,,,,,,,,,,,,,,,17,,,,,C03,,,1,,2,,,17,17,1,21,,C03,120.714603,24.250711,3
2022,9,16,7,30,臺中市,潭子區,0,0,0,8,,,50,,,,,,,,,,,,,,,17,,,,,C04,,,3,,9,,,17,,1,22,,C04,120.707063,24.209391,3
2022,9,16,7,30,臺中市,北屯區,0,1,0,8,1,5,50,14,9,1,5,4,5,7,4,4,1,4,5,2,17,26,2,9,1,1,C03,7,9,1,10,2,15,,26,26,1,21,8,C03,120.67565,24.173811,2
2022,9,16,7,32,臺中市,北屯區,0,2,0,8,1,5,40,14,8,1,5,4,5,7,1,1,5,5,4,2,14,12,3,10,1,1,B03,7,2,1,8,2,3,,12,12,1,22,8,B03,120.688713,24.179976,2
2022,9,16,7,32,臺中市,北屯區,0,1,0,8,1,5,50,14,7,1,5,4,5,7,4,4,5,4,4,2,16,26,3,10,1,1,C03,7,11,1,10,2,12,,26,26,1,22,8,C03,120.692581,24.168313,2
2022,9,16,7,34,臺中市,中區,0,0,0,8,1,5,50,4,2,1,5,4,5,7,4,4,5,4,5,2,13,23,,,,,B03,,,1,,1,,,23,,1,22,,B03,120.681022,24.143859,3
2022,9,16,7,34,臺中市,北屯區,0,0,0,8,,,30,,,,,,,,,,,,,,,23,,,,,B03,,,1,,1,,,23,,1,21,,B03,120.68295,24.194405,3
2022,9,16,7,34,臺中市,太平區,0,0,0,8,,,50,,,,,,,,,,,,,,,16,,,,,C03,,,1,,2,,,16,,1,22,,C03,120.705055,24.158763,3
2022,9,16,7,34,臺中市,沙鹿區,0,0,0,8,,,50,,,,,,,,,,,,,,,23,,,,,C03,,,1,,2,,,23,,1,21,,C03,120.606384,24.244216,3
2022,9,16,7,40,臺中市,西屯區,0,0,0,8,,,80,,,,,,,,,,,,,,,16,,,,,B12,,,1,,1,,,16,,1,21,,B12,120.657148,24.200309,3
2022,9,16,7,40,臺中市,豐原區,0,0,0,8,,,50,,,,,,,,,,,,,,,16,,,,,B03,,,1,,2,,,16,16,1,22,,B03,120.719278,24.232429,3
2022,9,16,7,42,臺中市,西屯區,0,1,0,8,1,5,40,14,9,1,5,4,5,7,4,4,9,5,4,2,16,6,3,10,3,4,B03,7,5,1,8,2,2,,6,6,1,22,8,B03,120.608098,24.167321,2
2022,9,16,7,44,臺中市,大里區,0,1,0,8,1,5,30,3,2,1,5,4,5,7,4,4,9,5,5,1,16,23,3,10,4,5,H03,8,20,8,20,10,16,,67,23,1,3,8,H03,120.696108,24.079041,2
2022,9,16,7,44,臺中市,梧棲區,0,1,0,8,1,5,40,4,1,1,5,4,5,7,3,1,5,5,5,1,15,6,2,9,1,1,C03,7,9,3,18,2,13,,6,6,1,4,8,C03,120.528173,24.240116,2
2022,9,16,7,46,臺中市,北屯區,0,0,0,8,,,50,,,,,,,,,,,,,,,10,,,,,B03,,,1,,1,,,10,10,1,21,,B03,120.661933,24.188385,3
2022,9,16,7,47,臺中市,西屯區,0,0,0,8,,,50,,,,,,,,,,,,,,,23,,,,,B03,,,1,,1,,,23,,1,22,,B03,120.650389,24.175734,3
2022,9,16,7,48,臺中市,北屯區,0,2,0,8,1,5,50,5,1,1,5,4,5,7,1,1,10,5,5,2,17,23,2,7,1,1,C03,7,9,1,10,2,14,,23,23,1,22,8,C03,120.687101,24.201378,2
2022,9,16,7,50,臺中市,西屯區,0,0,0,8,,,50,,,,,,,,,,,,,,,26,,,,,C03,,,1,,1,,,26,26,1,12,,C03,120.609413,24.155308,3
2022,9,16,7,50,臺中市,神岡區,0,3,0,8,1,5,50,3,1,1,5,4,5,7,4,4,5,5,4,2,16,6,2,9,1,1,C03,7,5,1,10,2,12,,6,6,1,21,8,C03,120.656256,24.250468,2
2022,9,16,7,52,臺中市,南區,0,2,0,8,1,5,50,14,7,1,5,4,5,7,4,4,3,4,4,2,13,16,2,9,1,1,C03,7,9,1,10,2,11,,16,16,1,21,8,C03,120.652113,24.11887,2
2022,9,16,7,52,臺中市,大里區,0,1,0,8,1,5,25,8,8,1,5,4,5,7,4,4,1,4,4,1,12,1,2,8,1,1,C03,7,4,1,10,2,12,,1,1,1,21,1,C03,120.698735,24.110277,2
2022,9,16,7,53,臺中市,梧棲區,0,0,0,8,,,40,,,,,,,,,,,,,,,16,,,,,B03,,,1,,1,,,16,,1,22,,B03,120.537035,24.251309,3
2022,9,16,7,54,臺中市,龍井區,0,1,0,8,1,5,40,14,8,1,5,4,5,7,4,4,10,5,1,1,18,23,2,9,1,1,C03,7,6,1,10,2,12,,23,23,1,3,1,C03,120.507808,24.21568,2
2022,9,16,7,55,臺中市,烏日區,0,1,0,8,1,5,50,4,1,1,5,4,5,7,1,1,5,4,5,1,16,42,3,10,1,1,C03,7,9,1,10,3,11,,42,42,1,21,8,C03,120.642554,24.070325,2
2022,9,16,8,0,臺中市,烏日區,0,1,0,8,1,5,50,14,7,1,5,4,5,7,4,4,5,4,4,2,12,17,3,10,1,1,B03,7,9,1,8,2,2,,17,17,1,21,8,B03,120.634712,24.108071,2
2022,9,16,8,0,臺中市,梧棲區,0,1,0,8,1,5,60,3,1,1,5,4,5,7,1,1,10,5,5,1,16,25,2,9,3,4,C03,7,5,1,10,2,12,,25,25,1,22,8,C03,120.547314,24.233319,2
2022,9,16,8,3,臺中市,大甲區,0,0,0,,,,70,,,,,,,,,,,,,,,12,,,,,B12,,,1,,1,,,12,12,1,21,,B12,120.643304,24.400611,3
2022,9,16,8,4,臺中市,西區,0,1,0,8,1,5,50,3,1,1,5,4,5,7,4,4,10,5,5,2,29,42,2,9,1,1,C03,7,6,1,10,2,15,,42,42,1,22,8,C03,120.6682,24.148424,2
2022,9,16,8,7,臺中市,南區,0,0,0,8,,,50,,,,,,,,,,,,,,,12,,,,,B03,,,1,,2,,,12,,1,19,,B03,120.672018,24.126076,3
2022,9,16,8,8,臺中市,北屯區,0,0,0,8,,,50,,,,,,,,,,,,,,,23,,,,,B03,,,1,,1,,,23,,1,22,,B03,120.714005,24.164582,3
2022,9,16,8,8,臺中市,梧棲區,0,0,0,8,,,70,,,,,,,,,,,,,,,16,,,,,B03,,,1,,2,,,44,16,1,22,,B03,120.528156,24.261951,3
2022,9,16,8,13,臺中市,后里區,0,2,0,8,1,5,50,14,9,1,5,4,5,7,4,4,4,4,5,1,16,19,2,9,1,1,C03,7,1,1,10,2,14,,19,19,1,4,8,C03,120.730916,24.307165,2
2022,9,16,8,17,臺中市,西屯區,0,1,0,8,1,5,50,14,9,1,5,4,5,7,4,4,9,4,5,2,16,6,3,10,1,1,B03,7,6,1,8,2,5,,6,6,1,22,8,B03,120.639481,24.159891,2
2022,9,16,8,18,臺中市,西屯區,0,1,0,8,1,5,50,3,2,1,5,4,5,7,1,1,5,5,5,2,13,23,2,8,1,1,C03,7,9,1,10,2,11,,23,23,1,21,1,C03,120.592594,24.179221,2
2022,9,16,8,41,臺中市,南屯區,0,1,0,8,1,5,50,14,12,1,5,4,5,7,4,4,5,4,4,2,17,27,2,9,1,1,C03,7,9,1,10,2,11,,23,27,1,22,8,C03,120.615067,24.139269,2
2022,9,16,8,47,臺中市,南區,0,2,0,8,1,5,50,3,1,1,5,4,5,7,4,4,10,5,5,2,16,6,2,9,1,1,C03,7,5,1,10,2,14,,6,6,1,5,8,C03,120.671305,24.119158,2
2022,9,16,8,50,臺中市,北區,0,2,0,8,1,5,50,4,2,1,5,4,5,7,2,1,4,4,5,2,13,16,2,9,1,1,C03,7,9,1,10,2,11,,16,16,1,5,5,C03,120.682583,24.153366,2
2022,9,16,8,51,臺中市,沙鹿區,0,0,0,8,,,50,,,,,,,,,,,,,,,7,,,,,B03,,,1,,2,,,7,,1,21,,B03,120.564421,24.241805,3
2022,9,16,8,53,臺中市,北屯區,0,1,0,8,1,5,50,14,9,1,5,4,5,7,4,4,1,4,5,2,16,7,2,9,1,1,C04,7,9,1,11,2,15,,44,7,1,22,8,C04,120.693395,24.163112,2
2022,9,16,8,56,臺中市,西屯區,0,2,0,8,1,5,50,4,1,1,5,4,5,7,1,1,10,5,5,2,16,25,2,9,3,4,C03,7,9,1,10,2,11,,25,25,1,22,8,C03,120.657521,24.167775,2
2022,9,16,8,57,臺中市,北屯區,0,1,0,8,1,5,50,4,1,1,5,4,5,7,4,4,10,5,5,2,3,51,2,9,4,5,H01,8,16,8,20,10,16,,51,51,1,22,8,H01,120.692445,24.176749,2
2022,9,16,8,58,臺中市,西區,0,2,0,8,1,5,50,14,7,1,5,4,5,7,1,1,5,4,4,2,13,23,2,9,1,1,C03,7,9,1,10,2,11,,23,23,1,22,9,C03,120.65729,24.156417,2
2022,9,16,8,59,臺中市,北區,0,1,0,8,1,5,30,4,1,1,5,4,5,7,4,4,10,5,5,2,15,6,2,9,1,1,C03,7,9,1,10,2,11,,6,6,1,22,8,C03,120.679966,24.162541,2
2022,9,16,9,0,臺中市,南區,0,1,0,8,1,5,50,3,9,1,5,4,5,7,4,4,5,5,5,2,16,6,3,10,1,1,B03,7,15,1,8,2,2,,6,6,1,21,8,B03,120.656894,24.124807,2
2022,9,16,9,10,臺中市,西屯區,0,1,0,8,1,5,40,14,8,1,5,4,5,7,1,1,9,4,3,2,13,23,3,10,1,1,C03,7,9,1,10,2,11,,23,23,1,12,8,C03,120.602208,24.182686,2
2022,9,16,9,13,臺中市,太平區,0,1,0,8,1,5,50,14,9,1,5,4,5,7,4,4,5,4,5,1,17,42,3,10,3,4,B03,7,15,1,8,2,2,,42,42,1,22,8,B03,120.715778,24.133256,2
2022,9,16,9,14,臺中市,神岡區,0,0,0,8,,,50,,,,,,,,,,,,,,,23,,,,,B03,,,1,,1,,,23,,1,22,,B03,120.673475,24.261311,3
2022,9,16,9,15,臺中市,霧峰區,0,1,0,8,1,5,50,4,2,1,5,4,5,7,1,1,9,4,4,1,13,23,2,9,1,1,F03,7,9,8,20,2,16,,23,23,1,22,9,F03,120.662498,24.059565,2
2022,9,16,9,21,臺中市,北屯區,0,1,0,8,1,5,50,3,1,1,5,4,5,7,4,4,10,5,5,2,16,23,3,10,1,1,B03,7,6,1,8,2,6,,44,23,1,22,8,B03,120.690188,24.171706,2
2022,9,16,9,32,臺中市,北屯區,0,0,0,8,,,30,,,,,,,,,,,,,,,6,,,,,C03,,,1,,1,,,6,,1,22,,C03,120.666515,24.186077,3
2022,9,16,9,33,臺中市,西屯區,0,2,0,8,1,5,40,14,8,1,5,4,5,7,4,4,1,4,4,2,13,16,2,9,1,1,C03,7,9,1,10,2,11,,16,16,1,22,8,C03,120.639041,24.164985,2
2022,9,16,9,36,臺中市,西屯區,0,0,0,8,,,50,,,,,,,,,,,,,,,23,,,,,C03,,,1,,1,,,23,,1,21,,C03,120.639186,24.17472,3
2022,9,16,9,36,臺中市,大里區,0,0,0,8,1,5,50,4,2,1,5,4,5,7,1,1,1,2,4,1,13,23,,,,,B03,,,1,,1,,,23,,1,5,,B03,120.691682,24.074011,3
2022,9,16,9,44,臺中市,霧峰區,0,0,0,8,,,40,,,,,,,,,,,,,,,19,,,,,B03,,,1,,2,,,19,,1,3,,B03,120.662053,24.069737,3
2022,9,16,9,44,臺中市,龍井區,0,0,0,8,,,30,,,,,,,,,,,,,,,43,,,,,B12,,,1,,2,,,38,23,1,22,,B12,120.589065,24.180693,3
2022,9,16,9,48,臺中市,太平區,0,0,0,8,,,50,,,,,,,,,,,,,,,42,,,,,B12,,,1,,2,,,42,,1,22,,B12,120.72605,24.120702,3
2022,9,16,9,49,臺中市,東區,0,3,0,8,1,5,50,4,1,1,5,4,5,7,2,1,5,4,4,2,16,19,2,9,1,1,C03,7,1,1,10,2,13,,19,19,1,19,5,C03,120.697163,24.133145,2
2022,9,16,9,52,臺中市,大里區,0,0,0,8,,,30,,,,,,,,,,,,,,,23,,,,,A11,,,1,,2,,,23,,1,22,,A11,120.714569,24.083953,3
2022,9,16,9,53,臺中市,東區,0,1,0,8,1,5,50,14,9,1,5,4,5,7,4,4,1,4,5,2,16,19,3,10,1,1,B03,7,1,1,8,2,8,,19,19,1,22,8,B03,120.68933,24.13933,2
2022,9,16,9,53,臺中市,沙鹿區,0,0,0,8,,,50,,,,,,,,,,,,,,,23,,,,,A04,,,1,,2,,,23,,1,21,,A04,120.560985,24.237828,3
2022,9,16,9,54,臺中市,沙鹿區,0,2,0,8,1,5,50,4,1,1,5,4,5,5,3,1,10,5,5,2,15,6,2,7,1,1,C03,7,9,1,10,2,11,,6,6,1,19,8,C03,120.561854,24.236877,2
2022,9,16,10,0,臺中市,烏日區,0,1,0,8,1,5,30,5,1,1,5,4,5,7,4,4,10,5,5,2,17,23,3,10,1,1,B03,7,5,1,8,2,1,,23,23,1,21,8,B03,120.636069,24.076338,2
2022,9,16,10,0,臺中市,豐原區,0,0,0,8,,,60,,,,,,,,,,,,,,,17,,,,,B03,,,1,,2,,,17,,1,22,,B03,120.71468,24.237023,3
2022,9,16,10,8,臺中市,潭子區,0,1,0,8,1,5,50,4,2,1,5,4,5,7,1,1,3,4,4,1,16,19,3,10,1,1,B03,7,1,1,8,2,5,,19,19,1,22,8,B03,120.703543,24.215813,2