年,月,日,時,分,縣市,區,死,受傷,2-30,天候,光線,道路類別,速限,道路型態,事故位置,路面鋪裝,路面狀態,路面缺陷,障礙物,視距,號誌種類,號誌動作,分向設施,快車道或一般車道間,快慢車道間,路面邊線,事故類型及型態,主要肇因,受傷程度,主要傷處,保護裝備,行動電話,當事者區分,車輛用途,當事者行動狀態,駕駛資格情形,駕駛執照種類,飲酒情形,車輛撞擊部位最初,車輛撞擊部位其他,肇事因素個別,肇事因素主要,肇事逃逸,職業,旅次目的,車種,GPS緯度,GPS經度,事故類別
2022,9,16,18,20,臺中市,西區,0,2,0,8,3,5,50,14,7,1,5,4,5,7,4,4,8,4,4,1,16,10,2,9,1,1,C03,7,11,1,10,2,14,,10,10,1,21,8,C03,120.670034,24.148106,2
2022,9,16,18,20,臺中市,南區,0,0,0,8,3,5,50,3,1,1,5,4,5,7,4,4,10,5,5,2,11,26,3,10,1,1,B03,7,5,1,8,2,8,,26,26,1,22,8,B03,120.662706,24.12042,3
2022,9,16,18,20,臺中市,西屯區,0,0,0,8,,,50,,,,,,,,,,,,,,,23,,,,,B03,,,1,,1,,,23,,1,22,,B03,120.639753,24.15771,3
2022,9,16,18,23,臺中市,豐原區,0,1,0,8,1,5,50,3,1,1,5,4,5,7,3,1,10,5,5,2,17,6,3,10,1,1,B03,7,15,1,8,2,2,,6,6,1,21,8,B03,120.716024,24.239324,2
2022,9,16,18,25,臺中市,西屯區,0,0,0,8,,,50,,,,,,,,,,,,,,,16,,,,,C03,,,1,,1,,,16,,1,22,,C03,120.654131,24.168073,3
2022,9,16,18,26,臺中市,南屯區,0,0,0,,,,50,,,,,,,,,,,,,,,7,,,,,A12,,,1,,2,,,7,,1,22,,A12,120.623719,24.149961,3
2022,9,16,18,32,臺中市,大里區,0,0,0,8,,,50,,,,,,,,,,,,,,,23,,,,,B12,,,1,,1,,,44,23,1,22,,B12,120.690653,24.09308,4
2022,9,16,18,37,臺中市,大安區,0,1,0,8,4,5,90,10,7,1,5,4,5,7,4,4,2,3,5,1,18,43,2,9,1,1,C03,7,9,6,18,2,11,12,43,43,1,7,8,C03,120.589918,24.374583,2
2022,9,16,18,45,臺中市,西屯區,0,0,0,,,,50,,,,,,,,,,,,,,,16,,,,,B03,,,1,,1,,,16,,1,22,,B03,120.594606,24.191413,3
2022,9,16,18,47,臺中市,北區,0,1,0,8,3,5,50,3,9,1,5,4,5,7,1,1,5,4,5,2,13,16,3,10,1,1,C03,7,9,1,10,2,11,,16,16,1,5,5,C03,120.687227,24.148911,2
2022,9,16,18,47,臺中市,西屯區,0,1,0,8,3,5,40,3,1,1,5,4,5,7,4,4,9,4,1,2,12,6,3,10,1,1,B03,7,6,1,8,2,2,,6,6,1,11,8,B03,120.626054,24.158619,2
2022,9,16,18,48,臺中市,北屯區,0,0,0,8,,,50,,,,,,,,,,,,,,,42,,,,,C03,,,1,,9,,,42,,2,5,,C03,120.700535,24.178696,3
2022,9,16,18,50,臺中市,大里區,0,0,0,8,,,50,,,,,,,,,,,,,,,16,,,,,B03,,,1,,2,,,16,,1,22,,B03,120.665532,24.096973,3
2022,9,16,18,54,臺中市,西屯區,0,1,0,8,1,5,50,14,7,1,5,4,5,7,4,4,8,4,4,1,16,6,2,8,1,4,C03,7,5,1,10,1,12,,6,6,1,4,8,C03,120.627313,24.184213,2
2022,9,16,18,56,臺中市,西屯區,0,0,0,8,,,50,,,,,,,,,,,,,,,16,,,,,C03,,,1,,1,,,16,,1,22,,C03,120.636455,24.171332,3
2022,9,16,18,57,臺中市,梧棲區,0,0,0,8,,,50,,,,,,,,,,,,,,,23,,,,,B03,,,1,,1,,,23,,1,9,,B03,120.531511,24.257365,4
2022,9,16,18,57,臺中市,梧棲區,0,1,0,8,4,5,50,14,13,1,5,4,5,7,4,4,1,4,5,1,17,23,2,9,1,1,C03,7,9,1,10,2,11,,23,23,1,12,8,C03,120.528049,24.244572,2
2022,9,16,18,58,臺中市,南屯區,0,2,0,8,3,5,50,14,9,1,5,4,5,7,4,4,3,4,5,2,13,16,2,7,1,1,C03,7,9,1,10,1,14,,16,16,1,5,8,C03,120.646019,24.140194,2
2022,9,16,19,1,臺中市,豐原區,0,0,0,8,,,50,,,,,,,,,,,,,,,12,,,,,C03,,,1,,2,,,12,,1,22,,C03,120.733623,24.255427,3
2022,9,16,19,6,臺中市,南區,0,1,0,8,2,5,50,4,1,1,5,4,5,7,2,1,10,5,5,2,16,6,3,10,1,1,B03,7,5,1,8,2,5,,6,6,1,21,8,B03,120.672948,24.131256,2
2022,9,16,19,11,臺中市,西屯區,0,1,0,8,3,5,40,14,8,1,5,4,5,7,4,4,1,5,1,2,13,16,2,7,3,4,C03,7,9,1,8,1,11,,16,16,1,22,8,C03,120.634339,24.204339,2
2022,9,16,19,12,臺中市,西屯區,0,1,0,8,1,5,50,4,1,1,5,4,5,7,1,1,8,4,5,1,16,26,3,10,1,4,B01,7,9,1,8,1,4,,26,26,1,4,8,B01,120.62352,24.176898,2
2022,9,16,19,15,臺中市,豐原區,0,1,0,8,3,5,50,4,2,1,5,4,5,7,1,1,5,5,4,2,13,23,2,9,1,1,C03,7,9,1,10,2,11,,23,23,1,21,8,C03,120.713987,24.25345,2
2022,9,16,19,21,臺中市,沙鹿區,0,2,0,7,3,5,50,4,1,1,5,4,5,7,1,1,10,5,5,2,16,6,3,10,1,1,B03,7,9,1,8,2,1,,44,6,1,22,9,B03,120.559855,24.237991,2
2022,9,16,19,29,臺中市,豐原區,0,0,0,8,,,50,,,,,,,,,,,,,,,23,,,,,C03,,,1,,2,,,23,,1,22,,C03,120.714406,24.257625,3
2022,9,16,19,35,臺中市,西屯區,0,0,0,8,,,30,,,,,,,,,,,,,,,6,,,,,B03,,,1,,1,,,6,,1,22,,B03,120.647396,24.202786,3
2022,9,16,19,35,臺中市,西屯區,0,0,0,8,,,40,,,,,,,,,,,,,,,16,,,,,B03,,,1,,2,,,16,,1,22,,B03,120.641076,24.167898,3
2022,9,16,19,41,臺中市,神岡區,0,0,0,8,,,30,,,,,,,,,,,,,,,17,,,,,B03,,,1,,2,,,17,,1,22,,B03,120.692913,24.23632,3
2022,9,16,19,44,臺中市,西屯區,0,1,0,8,1,5,50,14,9,1,5,4,5,7,4,4,8,5,5,1,17,23,2,9,1,4,C03,7,9,1,10,2,14,,23,23,1,4,8,C03,120.633325,24.159708,2
2022,9,16,19,50,臺中市,西屯區,0,0,0,8,,,40,,,,,,,,,,,,,,,23,,,,,,,,,,,,,23,,1,,,,120.63901,24.159613,3
2022,9,16,19,54,臺中市,西區,0,0,0,,,,50,,,,,,,,,,,,,,,12,,,,,B03,,,1,,1,,,12,,1,5,,B03,120.655965,24.146853,3
2022,9,16,19,56,臺中市,霧峰區,0,2,0,8,3,5,30,4,1,1,5,4,5,7,4,4,10,5,5,2,16,6,2,8,1,1,C03,7,9,1,10,2,11,,6,6,1,22,8,C03,120.713281,24.078395,2
2022,9,16,20,0,臺中市,北屯區,0,0,0,8,,,50,,,,,,,,,,,,,,,17,,,,,B03,,,1,,1,,,17,,1,21,,B03,120.697158,24.170545,3
2022,9,16,20,0,臺中市,西屯區,0,0,0,8,,,50,,,,,,,,,,,,,,,26,,,,,B02,,,1,,1,,,26,26,1,22,,B02,120.633674,24.173361,3
2022,9,16,20,9,臺中市,西屯區,0,2,0,8,1,5,40,4,1,1,5,4,5,7,1,1,8,4,4,1,16,25,2,9,1,4,C03,7,9,1,10,2,11,,25,25,1,4,8,C03,120.644928,24.18042,2
2022,9,16,20,15,臺中市,清水區,0,1,0,8,3,5,50,4,1,1,5,4,5,7,3,1,10,5,5,2,13,23,3,10,1,1,B03,7,5,1,8,2,8,,23,23,1,21,8,B03,120.559096,24.27495,2
2022,9,16,20,30,臺中市,大里區,0,0,0,8,,,50,,,,,,,,,,,,,,,9,,,,,B03,,,3,,2,,,9,,1,21,,B03,120.712216,24.093867,4
2022,9,16,20,33,臺中市,大肚區,0,1,0,8,3,5,50,14,9,1,5,4,5,7,4,4,9,4,5,1,13,42,3,10,1,1,C03,7,12,1,10,2,13,,42,42,1,21,1,C03,120.57574,24.162368,2
2022,9,16,20,35,臺中市,西屯區,0,0,0,8,,,60,,,,,,,,,,,,,,,42,,,,,A11,,,1,,1,,,42,,1,22,,A11,120.643581,24.16583,3
2022,9,16,20,51,臺中市,西屯區,0,2,0,8,3,5,40,14,8,1,5,4,5,7,4,4,9,4,4,2,13,23,2,9,1,1,C03,7,9,1,10,2,11,,23,23,1,12,8,C03,120.622939,24.179603,2
2022,9,16,21,0,臺中市,南區,0,2,0,8,3,5,50,4,1,1,5,4,5,7,1,1,10,5,5,2,13,23,2,9,1,1,C03,7,9,1,10,2,15,,23,23,1,22,8,C03,120.674543,24.128006,2
2022,9,16,21,22,臺中市,南屯區,0,2,0,8,3,5,50,4,1,1,5,4,5,7,1,1,10,5,5,1,17,25,3,10,1,1,B03,7,1,1,7,2,15,,25,25,1,10,5,B03,120.57803,24.145294,2
2022,9,16,21,25,臺中市,龍井區,0,0,0,8,,,40,,,,,,,,,,,,,,,42,,,,,C03,,,1,,11,,,42,,1,22,,C03,120.584443,24.182661,3
2022,9,16,21,26,臺中市,霧峰區,0,2,0,8,3,5,50,5,1,1,5,4,5,7,1,1,9,5,5,1,16,8,2,9,1,1,F02,7,5,8,20,2,16,,8,8,1,22,8,F02,120.713263,24.077271,2
2022,9,16,21,32,臺中市,東區,0,0,0,8,,,50,,,,,,,,,,,,,,,6,,,,,C03,,,1,10,2,,,6,6,1,21,,C03,120.695607,24.141115,3
2022,9,16,21,34,臺中市,西屯區,0,3,0,8,1,5,50,4,1,1,5,4,5,7,1,1,8,4,5,1,13,44,2,2,1,4,B03,7,5,1,8,2,1,,44,44,1,4,8,B03,120.63709,24.1815,2
2022,9,16,21,38,臺中市,北屯區,0,0,0,8,,,50,,,,,,,,,,,,,,,16,,,,,B03,,,1,,1,,,16,,1,21,,B03,120.668563,24.173645,3
2022,9,16,21,50,臺中市,大里區,0,1,0,8,3,5,50,4,2,1,5,4,5,7,4,4,5,5,4,2,13,23,2,9,1,1,C03,7,9,1,10,2,12,,23,23,1,12,5,C03,120.682415,24.107196,2
2022,9,16,22,0,臺中市,東區,0,0,0,8,3,5,50,14,7,1,5,4,5,7,4,4,5,4,5,2,17,23,3,10,1,1,C03,7,9,1,10,11,12,,23,23,1,22,8,C03,120.687796,24.13835,3
2022,9,16,22,1,臺中市,大里區,0,0,0,8,,,50,,,,,,,,,,,,,,,10,,,,,B12,,,1,,2,,,10,,1,5,,B12,120.676963,24.103025,3
2022,9,16,22,4,臺中市,東區,0,0,0,8,3,5,50,3,1,1,5,4,5,7,1,1,10,5,5,2,17,19,3,10,1,1,B03,7,1,1,8,2,8,,19,19,1,5,8,B03,120.686877,24.136117,3
2022,9,16,22,15,臺中市,東區,0,1,0,8,3,5,50,4,1,1,5,4,5,7,2,1,10,5,5,2,16,44,2,9,1,1,C03,7,9,1,10,2,11,,26,44,1,21,8,C03,120.689838,24.138339,2
2022,9,16,22,17,臺中市,西屯區,0,0,0,8,,,40,,,,,,,,,,,,,,,42,,,,,B03,,,1,,2,,,42,,1,22,,B03,120.663106,24.181637,3
2022,9,16,22,19,臺中市,東區,0,1,0,8,3,5,30,4,1,1,5,4,5,7,4,4,10,5,5,2,15,6,2,9,1,1,C03,7,9,1,10,2,12,,6,6,1,5,8,C03,120.683558,24.133992,2
2022,9,16,22,21,臺中市,北區,0,2,0,8,3,5,50,4,1,1,5,4,5,7,4,4,5,5,5,2,15,6,2,9,1,1,C03,7,9,1,10,2,12,,6,6,1,21,8,C03,120.680996,24.153491,2
2022,9,16,22,29,臺中市,北區,0,1,0,8,3,5,50,4,1,1,5,4,5,7,1,1,10,5,5,2,13,16,3,10,1,1,C03,7,9,1,10,2,11,,16,16,1,22,8,C03,120.67462,24.146746,2
2022,9,16,22,44,臺中市,大雅區,0,0,0,8,,,30,,,,,,,,,,,,,,,6,,,,,C03,,,1,,2,,,6,,1,22,,C03,120.648783,24.217649,3
2022,9,16,23,4,臺中市,大甲區,0,1,0,8,3,5,50,4,1,1,5,4,5,7,4,4,10,5,5,2,15,6,2,8,1,1,C04,7,9,1,10,2,11,12,6,6,1,20,8,C04,120.621823,24.348431,2
2022,9,16,23,19,臺中市,中區,0,0,0,8,,,50,,,,,,,,,,,,,,,42,,,,,B03,,,1,,2,,,42,,1,21,,B03,120.683667,24.142981,3
2022,9,16,23,24,臺中市,南屯區,0,1,0,8,3,5,40,4,1,1,5,4,5,7,1,1,10,5,5,2,12,13,2,9,1,1,C03,7,9,1,10,2,14,,13,13,1,22,8,C03,120.612514,24.13849,2
2022,9,16,23,39,臺中市,豐原區,0,3,0,8,3,5,50,4,1,1,5,4,5,7,1,1,10,5,5,2,17,25,2,9,1,1,F03,7,9,8,20,4,16,,25,25,1,22,8,F03,120.722282,24.277875,2
2022,9,16,23,42,臺中市,東區,0,0,0,8,3,5,50,4,1,1,5,4,5,7,1,1,10,5,5,2,13,16,3,10,1,1,B03,7,9,1,8,2,8,,16,16,1,5,8,B03,120.68418,24.124043,3
2022,9,16,23,48,臺中市,北屯區,0,3,0,8,3,5,50,4,1,1,5,4,5,7,1,1,10,5,5,2,13,16,2,9,1,1,C03,7,9,1,10,2,11,,16,16,1,18,8,C03,120.712817,24.172853,2
2022,9,16,23,50,臺中市,南區,0,1,0,8,3,5,50,4,1,1,5,4,5,7,3,1,10,5,5,2,15,6,3,10,1,1,B03,7,9,1,8,2,4,,6,6,1,22,8,B03,120.668624,24.116892,2
2022,9,17,0,0,臺中市,西屯區,0,1,0,8,3,5,50,14,9,1,5,4,5,7,1,1,5,4,5,2,13,23,3,10,1,1,B03,7,9,1,8,2,1,,23,23,1,4,8,B03,120.646522,24.175128,2
2022,9,17,0,0,臺中市,梧棲區,0,0,0,8,,,50,,,,,,,,,,,,,,,6,,,,,B03,,,1,,2,,,6,,1,5,,B03,120.542245,24.260861,3
2022,9,17,0,40,臺中市,大里區,0,3,0,8,3,5,50,14,9,1,5,4,3,5,4,4,5,5,4,2,17,19,2,8,1,1,F02,7,1,8,20,2,16,,19,19,1,22,8,F02,120.676373,24.112798,2
2022,9,17,1,10,臺中市,西屯區,0,0,0,8,,,40,,,,,,,,,,,,,,,43,,,,,B12,,,1,,11,,,43,,1,22,,B12,120.657388,24.167601,3
2022,9,17,4,2,臺中市,西屯區,0,0,0,8,,,30,,,,,,,,,,,,,,,6,,,,,C03,,,1,,2,,,6,,1,4,,C03,120.638011,24.182515,3
2022,9,17,5,31,臺中市,霧峰區,1,0,0,8,1,5,40,14,9,1,5,4,5,7,4,4,5,5,5,1,20,21,1,9,3,4,F03,7,9,8,20,6,16,,21,21,1,22,8,F03,120.693083,24.05094,1
2022,9,17,5,47,臺中市,潭子區,0,0,0,8,,,50,,,,,,,,,,,,,,,23,,,,,B03,,,1,,2,,,23,,1,22,,B03,120.71072,24.234316,3
2022,9,17,5,51,臺中市,后里區,0,2,0,8,2,5,30,4,1,1,5,4,5,7,3,1,4,4,5,1,15,6,2,9,1,1,C03,7,9,1,10,2,11,,6,6,1,21,8,C03,120.694418,24.303435,2
2022,9,17,6,14,臺中市,清水區,0,0,1,8,2,5,70,5,1,1,5,4,5,7,1,1,10,5,5,2,15,25,3,10,1,1,B12,7,9,1,8,3,5,,25,25,1,5,5,B12,120.590358,24.304146,2
2022,9,17,6,35,臺中市,豐原區,0,1,0,8,1,5,30,3,1,1,5,4,5,7,4,4,10,5,5,2,11,42,2,9,1,1,C03,7,6,1,10,2,11,,42,42,1,22,5,C03,120.713616,24.239308,2
2022,9,17,7,10,臺中市,中區,0,0,0,8,,,50,,,,,,,,,,,,,,,23,,,,,B03,,,1,,1,,,23,,1,21,,B03,120.683269,24.141335,3
2022,9,17,7,10,臺中市,外埔區,0,0,0,8,,,30,,,,,,,,,,,,,,,12,,,,,B03,,,3,,1,,,12,,1,21,,B03,120.642179,24.341919,3
2022,9,17,7,22,臺中市,大里區,0,1,0,8,1,5,40,4,1,1,5,4,5,7,1,1,5,4,4,1,16,25,2,9,3,4,F03,7,9,8,20,2,16,,25,25,1,12,8,F03,120.706836,24.095161,2
2022,9,17,7,22,臺中市,豐原區,0,2,0,8,1,5,40,14,8,1,5,4,5,7,3,1,5,4,4,2,12,16,2,9,1,1,C03,7,15,1,10,2,13,,42,16,1,22,8,C03,120.741611,24.255501,2
2022,9,17,7,48,臺中市,沙鹿區,0,2,0,8,1,5,40,14,8,1,5,4,5,7,4,4,1,4,4,1,13,23,2,9,1,1,C03,7,9,1,10,2,11,,23,23,1,4,8,C03,120.569547,24.239775,2
2022,9,17,7,55,臺中市,南區,0,1,0,8,1,5,50,4,1,1,5,4,5,7,4,4,5,4,5,2,16,6,2,9,1,4,C03,7,9,1,10,2,11,,6,6,1,21,8,C03,120.664355,24.118736,2
2022,9,17,7,57,臺中市,大甲區,0,1,0,8,1,5,50,14,9,1,5,4,5,7,4,4,5,5,5,1,13,23,2,8,1,1,C03,7,9,1,10,2,11,,23,23,1,22,9,C03,120.613799,24.34148,2
2022,9,17,8,4,臺中市,龍井區,0,1,0,8,1,5,40,5,2,1,5,4,5,7,1,1,1,4,5,1,11,6,2,9,1,1,C03,7,11,1,10,2,12,,6,6,1,22,8,C03,120.574364,24.185206,2
2022,9,17,8,5,臺中市,東區,0,0,0,8,1,5,50,5,2,1,5,4,5,7,1,1,5,4,5,2,13,16,3,10,1,1,C03,7,9,1,10,2,11,,16,16,1,21,8,C03,120.693452,24.133073,3
2022,9,17,8,10,臺中市,清水區,0,0,0,8,,,50,,,,,,,,,,,,,,,23,,,,,B03,,,1,,2,,,23,,1,21,,B03,120.633976,24.290144,3
2022,9,17,8,11,臺中市,大雅區,0,1,0,8,1,5,50,14,8,1,5,4,5,7,4,4,1,4,4,1,16,7,3,10,1,1,B12,7,8,1,6,2,2,,7,7,1,22,9,B12,120.644003,24.227263,2
2022,9,17,8,17,臺中市,西屯區,0,0,0,,,,50,,,,,,,,,,,,,,,23,,,,,B03,,,1,,1,,,23,,1,4,,B03,120.651231,24.16523,3
2022,9,17,8,18,臺中市,北屯區,0,0,0,8,,,50,,,,,,,,,,,,,,,23,,,,,B03,,,1,,1,,,23,,1,21,,B03,120.675548,24.177078,3
2022,9,17,8,19,臺中市,北屯區,0,0,0,8,,,50,,,,,,,,,,,,,,,23,,,,,B03,,,1,,1,,,23,,1,22,,B03,120.730008,24.174489,3
2022,9,17,8,20,臺中市,和平區,0,0,0,8,,,40,,,,,,,,,,,,,,,12,,,,,B03,,,1,,2,,,12,12,1,22,,B03,121.009472,24.204752,3
2022,9,17,8,34,臺中市,沙鹿區,0,0,0,8,,,50,,,,,,,,,,,,,,,18,,,,,B03,,,1,,2,,,18,,1,21,,B03,120.569016,24.256152,3
2022,9,17,8,35,臺中市,梧棲區,0,1,0,8,1,5,30,4,1,1,5,4,5,7,4,4,10,5,5,2,15,6,2,9,1,1,C03,7,9,1,10,2,12,,6,6,1,5,3,C03,120.545249,24.248532,2
2022,9,17,8,36,臺中市,沙鹿區,0,1,0,8,1,5,50,3,9,1,5,4,5,7,4,4,9,5,5,1,17,42,3,10,1,1,B03,7,5,1,8,2,8,,42,42,1,19,8,B03,120.568533,24.242764,2
2022,9,17,8,45,臺中市,梧棲區,0,2,0,8,1,5,70,3,1,1,5,4,5,7,2,1,10,5,5,2,16,9,3,10,2,1,B12,7,6,1,8,2,5,,9,9,1,11,8,B12,120.532672,24.251437,2
2022,9,17,9,13,臺中市,北屯區,0,1,0,8,1,5,50,3,1,1,5,4,5,7,1,1,10,5,5,2,16,26,3,10,1,1,C03,7,5,1,10,2,11,,26,26,1,21,8,C03,120.674677,24.202929,2
2022,9,17,9,15,臺中市,沙鹿區,0,0,0,8,,,40,,,,,,,,,,,,,,,12,,,,,B01,,,1,,2,,,12,,1,10,,B01,120.557757,24.236962,3
2022,9,17,9,20,臺中市,清水區,0,0,0,8,,,50,,,,,,,,,,,,,,,9,,,,,A12,,,1,,2,,,9,9,1,22,,A12,120.546881,24.275333,3
2022,9,17,9,36,臺中市,南區,0,0,0,8,,,50,,,,,,,,,,,,,,,23,,,,,B03,,,1,,1,,,23,23,1,22,,B03,120.684146,24.121672,3
2022,9,17,9,38,臺中市,豐原區,0,0,0,8,,,50,,,,,,,,,,,,,,,6,,,,,B12,,,1,,2,,,6,,1,21,,B12,120.699203,24.248952,3
2022,9,17,9,43,臺中市,北屯區,0,1,0,8,1,5,50,4,18,1,5,4,5,7,1,1,10,5,5,2,3,23,3,10,1,1,B12,7,5,1,8,2,8,,23,23,1,22,8,B12,120.707784,24.18234,2
2022,9,17,9,48,臺中市,大里區,0,2,0,8,1,5,30,4,1,1,5,4,5,7,4,4,10,5,5,2,16,6,2,9,1,1,C04,7,5,1,10,2,11,,6,6,1,18,8,C04,120.707612,24.097076,2
2022,9,17,9,50,臺中市,大雅區,0,1,0,8,1,5,50,3,1,1,5,4,5,7,4,4,5,4,5,1,16,10,3,10,1,1,B03,7,11,1,7,2,5,,10,10,1,22,9,B03,120.647372,24.226335,2
2022,9,17,9,51,臺中市,西屯區,0,1,0,8,1,5,50,14,9,1,5,4,5,7,4,4,9,5,5,2,13,16,2,9,3,4,C03,7,9,1,10,2,11,,16,16,1,22,8,C03,120.593494,24.183553,2
2022,9,17,9,56,臺中市,神岡區,0,1,0,8,1,5,30,4,1,1,5,4,5,7,4,4,5,4,5,2,16,6,2,9,1,1,C03,7,5,1,10,2,11,,8,6,1,21,8,C03,120.683026,24.247923,2
2022,9,17,9,57,臺中市,西屯區,0,0,0,8,,,50,,,,,,,,,,,,,,,7,,,,,B03,,,1,,1,,,7,,1,22,,B03,120.657127,24.20111,3
2022,9,17,9,57,臺中市,西屯區,0,1,0,8,1,5,50,3,1,1,5,4,5,7,1,1,5,2,5,2,18,43,2,9,3,4,C03,7,9,4,11,2,14,,43,43,1,22,8,C03,120.604772,24.187601,2
2022,9,17,10,3,臺中市,清水區,0,1,0,8,1,5,50,4,1,1,5,4,5,7,4,4,5,4,4,2,16,23,2,7,1,1,C03,7,6,1,10,2,11,,23,23,1,21,8,C03,120.550385,24.280149,2
2022,9,17,10,7,臺中市,外埔區,0,1,0,8,1,5,50,14,9,1,5,4,5,7,4,4,9,4,5,2,14,12,3,10,1,1,B03,7,2,1,8,2,6,,12,12,1,22,8,B03,120.635115,24.327473,2
2022,9,17,10,10,臺中市,西屯區,0,0,0,8,,,50,,,,,,,,,,,,,,,23,,,,,B12,,,1,,1,,,23,,1,22,,B12,120.65662,24.200666,3
2022,9,17,10,10,臺中市,大里區,0,2,0,8,1,5,30,14,9,1,5,4,5,7,4,4,10,5,5,2,11,8,2,8,2,1,F01,7,5,8,20,2,16,,8,8,1,22,8,F01,120.68039,24.1033,2
2022,9,17,10,15,臺中市,大甲區,0,0,0,8,,,30,,,,,,,,,,,,,,,6,,,,,C03,,,1,,2,,,6,,1,22,,C03,120.619739,24.346343,3
2022,9,17,10,19,臺中市,霧峰區,0,0,0,8,,,50,,,,,,,,,,,,,,,23,,,,,B03,,,1,,2,,,23,,1,3,,B03,120.691926,24.042729,3
2022,9,17,10,24,臺中市,西屯區,0,0,0,8,1,5,50,14,9,1,5,4,5,7,4,4,1,4,5,2,23,23,3,10,1,1,B03,7,9,1,8,8,8,,23,23,1,22,9,B03,120.648433,24.160473,3
2022,9,17,10,35,臺中市,大里區,0,0,0,8,1,5,40,14,9,1,5,4,5,7,4,4,1,4,5,1,17,43,,,,,,,,,,,,,43,,1,,,,120.690859,24.098706,3
2022,9,17,10,35,臺中市,太平區,0,1,0,8,1,5,50,11,9,1,5,4,5,7,4,4,5,4,5,1,17,26,3,10,1,1,B03,7,11,1,8,2,8,,26,26,1,21,8,B03,120.73528,24.133764,2
2022,9,17,10,41,臺中市,太平區,0,1,0,8,1,5,50,3,1,1,5,4,5,7,4,4,10,5,5,1,18,16,2,9,1,1,C03,7,9,1,10,2,12,,16,16,1,22,8,C03,120.718933,24.122016,2
2022,9,17,10,43,臺中市,西屯區,0,1,0,8,1,5,40,14,8,1,5,4,5,7,4,4,1,4,3,2,17,6,3,10,1,1,B03,7,6,1,4,2,5,,6,6,1,22,8,B03,120.64197,24.16698,2
2022,9,17,10,50,臺中市,大里區,0,0,0,8,,,50,,,,,,,,,,,,,,,6,,,,,B03,,,1,,1,,,6,,1,12,,B03,120.695478,24.096793,3
2022,9,17,10,50,臺中市,清水區,0,0,0,8,,,50,,,,,,,,,,,,,,,44,,,,,B03,,,1,,2,,,44,,1,21,,B03,120.55617,24.265248,3
2022,9,17,10,52,臺中市,東勢區,0,0,0,8,,,50,,,,,,,,,,,,,,,23,,,,,B03,,,1,,2,,,23,,1,9,,B03,120.82885,24.25336,3
2022,9,17,11,1,臺中市,豐原區,0,2,0,8,1,5,50,5,1,1,5,4,5,7,1,1,5,5,5,2,15,25,2,9,1,1,C03,7,9,1,10,2,11,,25,25,1,9,8,C03,120.704411,24.231734,2
2022,9,17,11,2,臺中市,北屯區,0,1,0,8,1,5,50,4,1,1,5,4,5,7,1,1,10,5,5,2,16,6,3,10,1,1,B03,7,6,1,8,2,2,,6,6,1,22,8,B03,120.707532,24.186514,2
2022,9,17,11,2,臺中市,霧峰區,0,0,0,8,,,40,,,,,,,,,,,,,,,2,,,,,B11,,,1,,2,,,2,,1,3,,B11,120.678028,24.073679,3
2022,9,17,11,5,臺中市,西區,0,1,0,8,1,5,50,4,2,1,5,4,5,7,1,1,10,5,5,2,17,42,3,10,3,4,C03,7,15,1,10,1,12,,42,42,1,21,8,C03,120.666736,24.141067,2
2022,9,17,11,9,臺中市,沙鹿區,0,1,0,8,1,5,50,4,1,1,5,4,5,7,4,4,10,5,5,2,16,6,2,9,1,1,C03,7,6,1,10,2,11,,6,6,1,21,8,C03,120.574492,24.260876,2
2022,9,17,11,15,臺中市,西屯區,0,1,0,8,1,5,50,14,9,1,5,1,5,7,4,4,5,5,5,2,29,23,3,10,1,1,B03,7,1,1,8,2,5,,23,19,1,22,8,B03,120.652876,24.157401,2
2022,9,17,11,18,臺中市,西區,0,1,0,8,1,5,30,4,1,1,5,4,5,7,4,4,10,5,5,2,15,6,2,9,1,1,C03,7,9,1,10,2,13,,6,6,1,22,9,C03,120.656596,24.15433,2
2022,9,17,11,18,臺中市,西屯區,0,0,0,8,,,50,,,,,,,,,,,,,,,23,,,,,B03,,,1,,1,,,23,,1,12,,B03,120.656669,24.201244,3
2022,9,17,11,19,臺中市,西屯區,0,0,0,,,,40,,,,,,,,,,,,,,,23,,,,,B12,,,1,,2,,,23,,1,22,,B12,120.655653,24.170639,3
2022,9,17,11,19,臺中市,太平區,0,1,0,8,1,5,50,4,1,1,5,4,5,7,1,1,5,5,5,2,15,25,3,10,1,1,B03,7,9,1,8,2,2,,25,25,1,21,8,B03,120.711614,24.153613,2
2022,9,17,11,27,臺中市,沙鹿區,0,1,0,8,1,5,50,14,7,1,5,4,5,7,4,4,9,5,5,2,17,4,2,9,1,1,C03,7,9,6,10,2,11,,4,4,1,20,8,C03,120.569091,24.229681,2
2022,9,17,11,30,臺中市,霧峰區,0,0,0,8,1,5,70,10,7,1,5,4,5,7,4,4,1,3,5,1,17,35,,,,,B03,,,1,,2,,,35,,1,9,,B03,120.672484,24.042527,3