年,月,日,時,分,縣市,區,死,受傷,2-30,天候,光線,道路類別,速限,道路型態,事故位置,路面鋪裝,路面狀態,路面缺陷,障礙物,視距,號誌種類,號誌動作,分向設施,快車道或一般車道間,快慢車道間,路面邊線,事故類型及型態,主要肇因,受傷程度,主要傷處,保護裝備,行動電話,當事者區分,車輛用途,當事者行動狀態,駕駛資格情形,駕駛執照種類,飲酒情形,車輛撞擊部位最初,車輛撞擊部位其他,肇事因素個別,肇事因素主要,肇事逃逸,職業,旅次目的,車種,GPS緯度,GPS經度,事故類別
2022,9,18,16,50,臺中市,西屯區,0,2,0,8,2,5,40,4,1,1,5,4,5,7,1,1,10,5,5,2,17,25,2,9,3,4,B03,7,6,1,8,2,2,,25,25,1,22,8,B03,120.63568,24.182766,2
2022,9,18,16,55,臺中市,沙鹿區,0,0,0,8,,,50,,,,,,,,,,,,,,,17,,,,,B03,,,1,,2,,,17,,1,10,,B03,120.564988,24.241659,3
2022,9,18,17,0,臺中市,南屯區,0,1,0,8,1,5,50,4,1,1,5,4,4,7,2,1,10,5,5,2,12,7,3,10,1,1,B03,7,8,1,8,2,5,,7,7,1,22,9,B03,120.612536,24.1383,2
2022,9,18,17,22,臺中市,豐原區,0,0,0,8,,,30,,,,,,,,,,,,,,,19,,,,,B03,,,1,,2,,,19,,1,22,,B03,120.712861,24.239613,3
2022,9,18,17,27,臺中市,東區,0,0,0,,,,50,,,,,,,,,,,,,,,23,,,,,B03,,,1,,2,,,23,,1,22,,B03,120.707997,24.149152,3
2022,9,18,17,28,臺中市,北屯區,0,1,0,8,1,5,50,14,7,1,5,4,5,7,4,4,5,5,4,2,12,26,2,9,3,4,C03,7,4,1,10,2,12,,26,26,1,21,8,C03,120.661041,24.188883,2
2022,9,18,17,28,臺中市,西屯區,0,0,0,8,,,50,,,,,,,,,,,,,,,17,,,,,A02,,,1,,2,,,17,,1,4,,A02,120.629444,24.162865,3
2022,9,18,17,50,臺中市,北屯區,0,0,0,8,,,50,,,,,,,,,,,,,,,16,,,,,B03,,,1,,1,,,16,,1,21,,B03,120.704213,24.164956,3
2022,9,18,18,2,臺中市,大肚區,1,1,0,8,2,5,50,14,9,1,5,4,5,7,4,4,9,5,5,1,3,23,1,9,4,5,H01,8,16,8,20,10,16,,51,23,1,22,8,H01,120.577843,24.166965,1
2022,9,18,18,5,臺中市,西區,0,0,0,8,,,50,,,,,,,,,,,,,,,6,,,,,B03,,,1,,1,,,6,,1,21,,B03,120.661673,24.150865,3
2022,9,18,18,10,臺中市,太平區,0,1,0,8,3,5,30,3,13,1,5,4,5,7,4,4,10,5,5,2,14,12,3,10,1,1,B03,7,2,1,8,2,3,,12,12,1,9,5,B03,120.712558,24.149759,2
2022,9,18,18,13,臺中市,豐原區,0,0,0,8,,,50,,,,,,,,,,,,,,,16,,,,,B03,,,1,,2,,,16,,1,22,,B03,120.740212,24.262891,3
2022,9,18,18,18,臺中市,北屯區,0,1,0,8,3,5,50,4,1,1,5,4,5,7,1,1,10,5,5,2,12,10,2,8,1,1,C03,7,11,1,10,2,14,,10,10,1,21,8,C03,120.668745,24.178164,2
2022,9,18,18,21,臺中市,北區,0,1,0,8,3,5,50,5,4,1,5,4,5,7,1,1,1,4,5,2,13,23,3,10,1,1,B03,7,9,1,8,2,1,,23,23,1,21,8,B03,120.686252,24.15482,2
2022,9,18,18,22,臺中市,沙鹿區,0,1,0,8,3,5,50,4,2,1,5,4,5,7,1,1,5,4,5,1,17,23,3,10,1,1,B03,7,1,1,8,2,5,,23,23,1,22,9,B03,120.564893,24.240922,2
2022,9,18,18,24,臺中市,霧峰區,0,1,0,8,2,5,40,4,1,1,5,4,5,7,1,1,1,4,4,2,16,8,3,10,1,1,B12,7,5,1,8,4,8,,8,8,1,22,9,B12,120.685294,24.029441,2
2022,9,18,18,31,臺中市,大甲區,0,0,0,8,,,40,,,,,,,,,,,,,,,43,,,,,B03,,,1,,9,,,43,,1,5,,B03,120.625365,24.343654,3
2022,9,18,18,33,臺中市,北區,0,1,0,8,2,5,50,5,1,1,5,4,5,7,1,1,10,5,5,2,12,23,2,9,3,4,C03,7,6,1,10,2,12,,23,23,1,5,8,C03,120.686252,24.15482,2
2022,9,18,18,40,臺中市,清水區,0,1,0,8,3,5,40,3,2,1,5,4,5,7,4,4,1,4,1,1,13,23,2,8,1,1,C03,7,9,1,10,2,11,,23,23,1,21,8,C03,120.56845,24.298,2
2022,9,18,18,46,臺中市,清水區,0,0,0,8,,,30,,,,,,,,,,,,,,,23,,,,,B03,,,1,,2,,,23,,1,5,,B03,120.589048,24.31155,3
2022,9,18,18,50,臺中市,中區,0,0,0,8,,,50,,,,,,,,,,,,,,,23,,,,,B03,,,1,,1,,,23,,1,21,,B03,120.682637,24.141206,3
2022,9,18,18,50,臺中市,豐原區,0,0,0,8,,,50,,,,,,,,,,,,,,,19,,,,,B03,,,1,,2,,,19,,1,22,,B03,120.724524,24.255403,3
2022,9,18,18,54,臺中市,霧峰區,0,1,0,8,3,5,50,3,1,1,5,4,5,7,1,1,10,5,5,2,16,9,3,10,1,1,B03,7,6,1,8,2,5,,9,9,1,22,8,B03,120.697294,24.064916,2
2022,9,18,18,55,臺中市,西區,0,0,0,8,,,50,,,,,,,,,,,,,,,23,,,,,B03,,,1,,1,,,23,,1,22,,B03,120.666563,24.14118,3
2022,9,18,19,0,臺中市,豐原區,0,1,0,8,1,5,50,4,1,1,5,4,5,7,2,1,10,5,5,2,3,6,3,10,1,1,B03,7,5,1,8,2,5,,6,6,1,22,8,B03,120.708822,24.245613,2
2022,9,18,19,0,臺中市,豐原區,0,0,0,8,,,30,,,,,,,,,,,,,,,38,,,,,B03,,,1,,2,,,38,,1,22,,B03,120.712835,24.239563,3
2022,9,18,19,10,臺中市,沙鹿區,0,0,0,,,,60,,,,,,,,,,,,,,,7,,,,,B03,,,1,,2,,,7,,1,22,,B03,120.571397,24.234141,3
2022,9,18,19,12,臺中市,南區,0,0,0,,,,50,,,,,,,,,,,,,,,23,,,,,B03,,,1,,2,,,23,,1,21,,B03,120.653832,24.122322,3
2022,9,18,19,15,臺中市,大雅區,0,3,0,8,3,5,30,3,2,1,5,4,5,7,4,4,10,5,5,1,10,1,2,9,1,1,C03,7,4,1,10,2,11,13,1,1,1,22,9,C03,120.631848,24.219815,2
2022,9,18,19,15,臺中市,西屯區,0,0,0,8,,,50,,,,,,,,,,,,,,,16,,,,,C03,,,1,,2,,,44,16,1,22,,C03,120.616038,24.190093,3
2022,9,18,19,26,臺中市,東區,0,0,0,8,3,5,50,14,7,1,5,4,5,7,4,4,5,4,5,2,27,23,3,10,1,1,B03,7,9,1,8,5,5,,23,23,1,22,8,B03,120.689059,24.143198,3
2022,9,18,19,26,臺中市,東區,0,1,0,8,3,5,50,3,1,1,5,4,5,7,4,4,10,5,5,2,16,6,2,9,1,1,C03,7,5,1,10,2,12,,6,6,1,5,8,C03,120.707519,24.136195,2
2022,9,18,19,27,臺中市,西屯區,0,1,0,8,2,5,50,14,9,1,5,4,5,7,4,4,5,4,5,2,16,7,3,10,1,1,B01,7,7,1,4,1,8,,7,7,1,22,8,B01,120.645238,24.178033,2
2022,9,18,19,33,臺中市,大里區,0,0,0,8,,,50,,,,,,,,,,,,,,,16,,,,,B02,,,1,,2,,,16,,1,22,,B02,120.673519,24.102649,3
2022,9,18,19,42,臺中市,梧棲區,0,1,0,8,3,5,30,4,1,1,5,4,5,7,4,4,10,5,5,2,16,6,2,9,1,1,C03,7,5,1,10,2,14,,6,6,1,5,3,C03,120.545687,24.250169,2
2022,9,18,19,43,臺中市,太平區,0,0,0,8,,,40,,,,,,,,,,,,,,,12,,,,,B12,,,1,,2,,,12,,1,5,,B12,120.711205,24.141113,3
2022,9,18,19,44,臺中市,梧棲區,0,1,0,8,3,5,40,15,8,1,5,4,5,7,2,1,1,4,1,1,17,6,3,10,1,1,B03,7,6,6,18,2,7,,6,6,1,4,8,B03,120.528502,24.262321,2
2022,9,18,19,46,臺中市,龍井區,0,0,0,8,,,40,,,,,,,,,,,,,,,17,,,,,B03,,,1,,2,,,17,,1,22,,B03,120.591336,24.191208,3
2022,9,18,19,47,臺中市,南區,0,2,0,7,3,5,50,4,2,1,5,4,5,7,1,1,10,5,5,2,9,42,2,9,1,1,C03,7,9,1,10,2,11,,42,42,1,22,9,C03,120.707806,24.149311,2
2022,9,18,19,53,臺中市,豐原區,0,1,0,8,1,5,50,3,1,1,5,4,5,7,4,4,10,5,5,2,17,6,3,10,1,1,B03,7,6,5,8,11,8,,6,6,2,22,8,B03,120.744897,24.258663,2
2022,9,18,20,0,臺中市,南區,0,3,0,8,3,5,50,4,1,1,5,4,5,7,1,1,1,4,4,2,13,23,2,9,1,1,C03,7,9,1,10,2,11,,23,23,1,22,8,C03,120.665804,24.12349,2
2022,9,18,20,4,臺中市,北區,0,0,0,8,,,50,,,,,,,,,,,,,,,7,,,,,B03,,,1,,2,,,7,,1,21,,B03,120.665373,24.183731,3
2022,9,18,20,6,臺中市,潭子區,0,2,0,8,3,5,50,14,9,1,5,4,5,7,4,4,9,4,4,1,12,44,3,10,1,1,B01,7,9,1,4,2,6,,44,44,1,10,3,B01,120.706501,24.204945,2
2022,9,18,20,8,臺中市,神岡區,0,0,0,8,,,30,,,,,,,,,,,,,,,16,,,,,B03,,,1,,2,,,16,,1,22,,B03,120.69909,24.247116,3
2022,9,18,20,12,臺中市,南區,0,1,0,8,1,5,50,4,1,1,5,4,5,7,2,1,10,5,5,2,17,42,3,10,1,1,B03,7,5,1,8,2,8,,23,42,1,21,8,B03,120.662473,24.127442,2
2022,9,18,20,13,臺中市,神岡區,0,0,0,8,,,50,,,,,,,,,,,,,,,23,,,,,B03,,,1,,2,,,23,,1,22,,B03,120.64965,24.278641,3
2022,9,18,20,15,臺中市,大雅區,0,0,0,8,,,50,,,,,,,,,,,,,,,23,,,,,B12,,,1,,2,,,23,,1,22,,B12,120.66657,24.218147,3
2022,9,18,20,18,臺中市,北屯區,0,0,0,8,,,40,,,,,,,,,,,,,,,26,,,,,B03,,,1,,2,,,26,,1,22,,B03,120.71925,24.162015,3
2022,9,18,20,25,臺中市,北屯區,0,1,0,8,3,5,50,3,1,1,5,4,5,7,2,1,10,5,5,2,16,6,3,10,1,1,B03,7,5,1,8,7,8,,6,6,1,21,8,B03,120.723226,24.162423,2
2022,9,18,20,30,臺中市,大里區,0,1,0,8,3,5,30,4,1,1,5,4,5,7,4,4,10,5,5,2,15,6,3,10,1,1,B03,7,9,3,18,2,2,,6,6,1,4,5,B03,120.701292,24.088112,2
2022,9,18,20,37,臺中市,西屯區,0,0,0,8,,,30,,,,,,,,,,,,,,,6,,,,,B03,,,1,,2,,,6,,1,21,,B03,120.61367,24.176438,3
2022,9,18,20,45,臺中市,北屯區,0,0,0,8,,,50,,,,,,,,,,,,,,,23,,,,,B03,,,1,,1,,,23,,1,21,,B03,120.685366,24.200921,3
2022,9,18,20,48,臺中市,西屯區,0,0,0,8,,,70,,,,,,,,,,,,,,,23,,,,,B03,,,1,,1,,,23,,1,4,,B03,120.592841,24.183413,3
2022,9,18,20,54,臺中市,北區,0,1,0,8,3,5,50,4,1,1,5,4,5,7,1,1,5,5,4,2,13,23,2,9,1,1,C03,7,9,1,10,2,11,,23,23,1,22,8,C03,120.676453,24.159221,2
2022,9,18,20,56,臺中市,烏日區,0,0,0,8,,,60,,,,,,,,,,,,,,,23,,,,,B12,,,1,,2,,,23,,1,5,,B12,120.64389,24.093239,3
2022,9,18,21,30,臺中市,豐原區,0,1,0,8,3,5,30,4,1,1,5,4,5,7,4,4,4,3,5,1,17,6,3,10,1,1,C03,7,6,3,18,11,11,,6,6,1,4,8,C03,120.72418,24.222827,2
2022,9,18,21,35,臺中市,北屯區,0,0,0,8,,,50,,,,,,,,,,,,,,,23,,,,,B02,,,1,,1,,,23,,1,18,,B02,120.697745,24.170349,3
2022,9,18,21,46,臺中市,南區,0,0,0,8,,,50,,,,,,,,,,,,,,,12,,,,,B03,,,1,,2,,,12,,1,22,,B03,120.652,24.121083,3
2022,9,18,21,50,臺中市,西屯區,0,2,0,8,3,5,50,3,1,1,5,4,5,7,1,1,5,4,4,2,16,6,3,10,1,1,C03,7,5,1,10,2,13,,6,6,1,22,9,C03,120.637449,24.177602,2
2022,9,18,21,55,臺中市,北屯區,0,0,0,8,,,50,,,,,,,,,,,,,,,23,,,,,B03,,,1,,3,,,23,,1,21,,B03,120.725001,24.161893,3
2022,9,18,22,19,臺中市,西屯區,0,1,0,8,3,5,70,4,1,1,5,4,5,7,1,1,3,4,5,2,17,43,3,10,1,1,B03,7,6,1,8,11,15,,43,43,1,22,8,B03,120.602638,24.182875,2
2022,9,18,22,30,臺中市,北區,0,0,0,8,3,5,50,3,1,1,5,4,5,7,4,4,10,5,5,2,11,23,,,,,B03,,,1,,2,,,23,,1,22,,B03,120.702234,24.159138,3
2022,9,18,23,12,臺中市,東區,0,0,0,,,,50,,,,,,,,,,,,,,,6,,,,,B03,,,1,,2,,,6,,1,5,,B03,120.689407,24.1456,3
2022,9,18,23,44,臺中市,東區,0,3,0,7,3,5,50,4,1,1,5,4,5,7,4,4,10,5,5,2,15,6,2,9,1,1,C03,7,9,1,10,2,11,,6,6,1,22,9,C03,120.70826,24.142656,2
2022,9,19,0,23,臺中市,北屯區,0,0,0,8,,,50,,,,,,,,,,,,,,,25,,,,,A11,,,1,,2,,,25,,1,5,,A11,120.685341,24.17269,3
2022,9,19,0,31,臺中市,南區,0,2,0,8,3,5,50,4,1,1,5,4,5,7,3,1,5,5,5,2,18,23,2,9,1,1,C03,7,9,1,10,2,15,,23,23,1,22,8,C03,120.659123,24.130271,2
2022,9,19,2,17,臺中市,西屯區,0,0,0,8,,,50,,,,,,,,,,,,,,,26,,,,,B03,,,1,,2,,,26,26,1,22,,B03,120.641533,24.17854,3
2022,9,19,5,10,臺中市,豐原區,0,0,0,8,,,30,,,,,,,,,,,,,,,12,,,,,B03,,,6,,2,,,12,,1,22,,B03,120.705016,24.250569,3
2022,9,19,6,40,臺中市,沙鹿區,0,2,0,8,1,5,40,5,1,1,5,4,5,7,1,1,1,2,1,1,17,23,2,9,1,1,C03,7,9,1,10,2,11,,23,23,1,4,8,C03,120.56977,24.237126,2
2022,9,19,6,44,臺中市,南區,0,0,0,8,,,50,,,,,,,,,,,,,,,12,,,,,C03,,,1,,9,,,12,,1,22,,C03,120.648515,24.11846,3
2022,9,19,6,46,臺中市,北屯區,0,1,0,8,1,5,50,14,9,1,5,4,5,7,4,4,1,4,4,2,17,42,2,9,1,1,C03,7,9,3,18,2,14,12,42,42,1,5,8,C03,120.685346,24.173088,2
2022,9,19,6,50,臺中市,西屯區,0,1,0,8,1,5,50,14,9,1,5,4,5,7,4,4,4,3,5,2,16,10,3,10,1,1,B03,7,11,1,8,2,7,,10,10,1,22,8,B03,120.612283,24.19048,2
2022,9,19,6,50,臺中市,大里區,0,5,0,8,2,5,50,14,8,1,5,4,5,7,4,4,1,4,5,1,13,16,2,9,1,1,C03,7,9,1,10,2,11,,16,16,1,18,8,C03,120.678867,24.113107,2
2022,9,19,6,54,臺中市,大雅區,0,1,0,8,1,5,50,4,1,1,5,4,5,7,1,1,5,5,5,1,16,8,3,10,1,1,B03,7,9,1,8,2,2,,44,8,1,22,8,B03,120.64352,24.232991,2
2022,9,19,7,15,臺中市,霧峰區,0,0,0,8,,,40,,,,,,,,,,,,,,,44,,,,,B03,,,1,,2,,,44,,1,4,,B03,120.680641,24.046908,3
2022,9,19,7,20,臺中市,北屯區,0,2,0,8,1,5,50,4,2,1,5,4,5,7,2,1,1,2,5,2,13,16,2,7,1,1,C03,7,9,1,10,2,11,,16,16,1,21,8,C03,120.662489,24.188546,2
2022,9,19,7,23,臺中市,大里區,0,0,0,8,,,50,,,,,,,,,,,,,,,16,,,,,C03,,,1,,2,,,16,,1,5,,C03,120.689601,24.106381,3
2022,9,19,7,26,臺中市,南區,0,1,0,8,1,5,50,4,1,1,5,4,5,7,1,1,10,5,5,2,16,6,3,10,1,1,B03,7,5,3,18,2,2,,6,6,1,22,8,B03,120.653718,24.120649,2
2022,9,19,7,28,臺中市,大里區,0,2,0,8,1,5,60,14,12,1,5,4,5,7,4,4,1,4,4,1,13,23,2,9,1,1,C03,7,9,1,10,2,11,,23,23,1,5,1,C03,120.678041,24.105143,2
2022,9,19,7,31,臺中市,豐原區,0,0,0,8,,,60,,,,,,,,,,,,,,,7,,,,,B03,,,1,,2,,,7,,1,21,,B03,120.72825,24.240244,3
2022,9,19,7,33,臺中市,新社區,0,1,0,8,1,5,50,14,9,1,5,4,5,7,4,4,8,4,5,1,13,23,2,9,1,1,C03,7,6,1,10,2,11,,23,23,1,22,9,C03,120.808186,24.252161,2
2022,9,19,7,35,臺中市,霧峰區,0,1,0,8,1,5,50,3,1,1,5,4,5,7,4,4,10,5,5,2,16,23,,,,,,,,,,,,,,,,,,,120.701072,24.070318,2
2022,9,19,7,37,臺中市,西屯區,0,2,0,8,1,5,30,13,9,1,5,4,5,7,4,4,9,5,5,2,11,23,2,9,1,1,C03,7,9,1,10,2,11,,23,23,1,12,8,C03,120.593641,24.180771,2
2022,9,19,7,37,臺中市,烏日區,0,1,0,8,1,5,40,14,8,1,5,4,5,7,4,4,1,4,4,1,13,23,2,9,1,1,C03,7,9,1,10,2,11,,23,23,1,21,8,C03,120.584852,24.11393,2
2022,9,19,7,38,臺中市,神岡區,0,1,0,8,1,5,50,4,1,1,5,4,5,7,1,1,5,4,4,1,15,25,3,10,1,1,C03,7,9,1,10,2,11,,25,25,1,22,8,C03,120.696109,24.251935,2
2022,9,19,7,39,臺中市,大里區,0,1,0,8,1,5,50,14,12,1,5,4,5,7,4,4,5,3,4,1,17,40,3,10,1,1,B03,7,13,1,8,2,4,,40,40,1,5,8,B03,120.689846,24.106151,2
2022,9,19,7,43,臺中市,大里區,0,0,0,8,,,60,,,,,,,,,,,,,,,16,,,,,B03,,,1,,2,,,16,16,1,8,,B03,120.662361,24.108631,3
2022,9,19,7,44,臺中市,南區,0,2,0,8,1,5,30,4,1,1,5,4,5,7,4,4,10,5,5,2,15,6,2,9,3,4,C03,7,9,1,10,2,12,,6,6,1,5,8,C03,120.690011,24.135498,2
2022,9,19,7,46,臺中市,豐原區,0,0,0,8,,,60,,,,,,,,,,,,,,,23,,,,,B03,,,1,,2,,,23,,1,21,,B03,120.736369,24.26002,3
2022,9,19,7,49,臺中市,南屯區,0,2,0,8,1,5,50,14,9,1,5,4,5,7,4,4,10,5,5,2,16,11,2,9,1,1,F01,7,11,8,20,2,16,,11,11,1,22,8,F01,120.634756,24.154814,2
2022,9,19,7,49,臺中市,后里區,0,1,0,8,2,5,50,4,1,1,5,4,5,7,4,4,10,4,4,1,12,23,3,10,1,1,B03,7,5,1,8,2,4,,23,23,1,22,8,B03,120.72196,24.307349,2
2022,9,19,7,54,臺中市,豐原區,0,0,0,8,,,50,,,,,,,,,,,,,,,43,,,,,C03,,,1,,2,,,43,43,1,22,,C03,120.703217,24.25163,3
2022,9,19,7,57,臺中市,太平區,0,1,0,8,1,5,50,5,1,1,5,4,5,7,3,1,10,5,5,2,17,42,2,9,1,1,C03,7,5,1,10,1,11,,42,42,1,20,8,C03,120.708906,24.154258,2
2022,9,19,8,0,臺中市,西區,0,0,0,8,1,5,50,4,1,1,5,4,5,7,1,1,5,5,5,2,12,17,,,,,B03,,,1,,2,,,17,,1,21,,B03,120.665328,24.146737,3
2022,9,19,8,0,臺中市,西屯區,0,0,0,8,,,50,,,,,,,,,,,,,,,23,,,,,B03,,,1,,1,,,23,,1,22,,B03,120.630346,24.18349,3
2022,9,19,8,3,臺中市,清水區,0,1,0,8,1,5,50,5,1,1,5,4,5,7,1,1,10,5,5,2,16,26,2,9,1,1,C03,7,9,1,10,2,14,,26,26,1,5,5,C03,120.567624,24.270383,2
2022,9,19,8,8,臺中市,東區,0,1,0,8,1,5,50,3,1,1,5,4,5,7,4,4,5,4,5,2,13,23,3,10,3,4,B03,7,9,1,8,2,8,,23,23,1,21,8,B03,120.699985,24.142136,2
2022,9,19,8,8,臺中市,北屯區,0,2,0,8,1,5,50,4,1,1,5,4,5,7,4,4,10,5,5,2,15,6,2,9,1,1,C03,7,9,1,10,2,11,,6,6,1,21,8,C03,120.725491,24.175128,2
2022,9,19,8,11,臺中市,豐原區,0,1,0,8,1,5,50,3,1,1,5,4,5,7,3,1,10,5,5,2,16,6,3,10,1,1,C03,7,5,4,11,2,15,,6,6,1,20,8,C03,120.717085,24.254812,2
2022,9,19,8,15,臺中市,西屯區,0,0,0,8,,,40,,,,,,,,,,,,,,,23,,,,,B03,,,1,,1,,,23,,1,22,,B03,120.628342,24.162386,3
2022,9,19,8,18,臺中市,南區,0,1,0,8,1,5,50,5,1,1,5,4,5,7,1,1,10,5,5,2,12,23,3,10,1,1,C03,7,9,1,10,11,12,,23,23,2,20,8,C03,120.657782,24.12901,2
2022,9,19,8,25,臺中市,大里區,0,0,0,8,,,50,,,,,,,,,,,,,,,6,,,,,C03,,,1,,2,,,6,,1,5,,C03,120.708812,24.086731,3
2022,9,19,8,30,臺中市,西屯區,0,0,0,8,,,50,,,,,,,,,,,,,,,23,,,,,B03,,,1,,1,,,23,,1,12,,B03,120.615548,24.188781,3
2022,9,19,8,32,臺中市,北屯區,0,1,0,8,1,5,50,14,9,1,5,4,4,7,4,4,1,4,5,2,17,43,2,8,1,1,C03,7,7,1,10,2,11,,43,43,1,21,8,C03,120.670261,24.175931,2
2022,9,19,8,36,臺中市,西區,0,1,0,8,1,5,50,11,9,1,5,4,5,7,4,4,10,5,5,2,16,5,3,10,1,1,B03,7,5,1,8,2,4,,5,5,1,21,8,B03,120.657744,24.155948,2
2022,9,19,8,40,臺中市,西區,0,0,0,8,,,60,,,,,,,,,,,,,,,25,,,,,B03,,,1,,2,,,25,,1,21,,B03,120.659727,24.157289,3
2022,9,19,8,40,臺中市,北區,0,1,0,8,1,5,50,14,8,1,5,4,5,7,4,4,3,2,3,1,16,23,2,9,3,4,C03,7,9,1,10,2,12,,23,23,1,22,9,C03,120.689155,24.157493,2
2022,9,19,8,40,臺中市,豐原區,0,0,0,8,,,50,,,,,,,,,,,,,,,19,,,,,B03,,,1,,2,,,19,19,1,22,,B03,120.726592,24.255065,3
2022,9,19,8,41,臺中市,北屯區,0,0,0,8,,,50,,,,,,,,,,,,,,,7,,,,,B03,,,1,,1,,,7,,1,22,,B03,120.698107,24.171988,3
2022,9,19,8,42,臺中市,大雅區,0,2,0,8,1,5,50,4,1,1,5,4,5,7,4,4,5,5,5,1,16,8,2,9,1,1,C03,7,5,1,10,2,14,,8,8,1,22,8,C03,120.64543,24.228124,2
2022,9,19,8,45,臺中市,西屯區,0,0,0,8,,,50,,,,,,,,,,,,,,,42,,,,,B12,,,1,,1,,,42,42,1,22,,B12,120.616355,24.176091,3
2022,9,19,8,45,臺中市,神岡區,0,0,0,8,,,50,,,,,,,,,,,,,,,23,,,,,B03,,,3,,2,,,23,,1,21,,B03,120.703403,24.26186,3
2022,9,19,8,48,臺中市,豐原區,0,1,0,8,1,5,50,4,1,1,5,4,5,7,1,1,10,5,5,2,16,6,3,10,1,1,B03,7,14,1,7,2,8,,6,6,1,20,8,B03,120.744755,24.254503,2
2022,9,19,8,50,臺中市,霧峰區,0,0,0,8,,,50,,,,,,,,,,,,,,,42,,,,,B03,,,1,,2,,,42,42,1,12,,B03,120.672259,24.044644,3
2022,9,19,8,55,臺中市,南區,0,0,0,8,1,5,50,14,8,1,5,4,5,7,4,4,1,4,4,2,29,33,3,10,3,4,A41,7,9,4,7,11,1,,33,23,2,10,8,A41,120.661051,24.120623,3
2022,9,19,9,11,臺中市,霧峰區,0,0,0,8,,,30,,,,,,,,,,,,,,,12,,,,,B02,,,1,,2,,,12,,1,12,,B02,120.700161,24.074621,3
2022,9,19,9,12,臺中市,梧棲區,0,0,0,,,,40,,,,,,,,,,,,,,,1,,,,,B03,,,1,,2,,,1,,1,4,,B03,120.551586,24.244182,3
2022,9,19,9,17,臺中市,西屯區,0,0,0,8,,,50,,,,,,,,,,,,,,,23,,,,,B03,,,1,,1,,,23,,1,22,,B03,120.660519,24.171387,3
2022,9,19,9,18,臺中市,大里區,0,0,0,8,,,50,,,,,,,,,,,,,,,12,,,,,B12,,,1,,2,,,12,,1,22,,B12,120.672791,24.10198,3
2022,9,19,9,25,臺中市,梧棲區,0,2,0,8,1,5,40,4,1,1,5,4,5,7,1,1,10,5,5,2,13,16,2,9,1,1,C03,7,9,1,10,2,11,,16,16,1,18,2,C03,120.538681,24.249161,2
2022,9,19,9,30,臺中市,西區,0,0,0,8,,,50,,,,,,,,,,,,,,,42,,,,,B03,,,1,,2,,,42,,1,21,,B03,120.671205,24.136011,3
2022,9,19,9,30,臺中市,南區,0,1,0,8,1,5,40,14,8,1,5,4,5,7,4,4,3,4,4,2,29,67,,,,,,,,,,,,,67,67,1,,,,120.676696,24.131385,2
2022,9,19,9,42,臺中市,北屯區,0,0,0,8,,,50,,,,,,,,,,,,,,,16,,,,,B12,,,1,,2,,,16,,1,22,,B12,120.686222,24.201468,3
2022,9,19,9,43,臺中市,豐原區,0,0,0,8,,,50,,,,,,,,,,,,,,,38,,,,,B03,,,1,,2,,,38,38,1,22,,B03,120.71468,24.244946,3
2022,9,19,9,50,臺中市,西屯區,0,0,0,8,,,40,,,,,,,,,,,,,,,23,,,,,B03,,,1,,1,,,23,,1,12,,B03,120.635495,24.182478,3
2022,9,19,9,51,臺中市,神岡區,0,1,0,8,1,5,50,14,9,1,5,4,5,7,4,4,9,5,5,1,13,1,2,9,1,1,C03,7,9,1,10,2,11,,1,23,1,22,8,C03,120.647669,24.257532,2
2022,9,19,9,53,臺中市,沙鹿區,0,2,0,8,1,5,50,3,1,1,5,4,5,7,4,4,10,5,5,2,17,42,2,9,1,1,C03,7,9,1,10,2,12,,42,42,1,21,8,C03,120.570846,24.215935,2
2022,9,19,9,54,臺中市,北區,0,1,0,8,1,5,50,4,2,1,5,4,5,7,2,1,5,4,4,1,13,22,3,10,3,4,B03,7,7,1,10,2,15,,7,23,1,22,9,B03,120.668289,24.16874,2
2022,9,19,9,54,臺中市,神岡區,0,0,0,8,,,50,,,,,,,,,,,,,,,26,,,,,B12,,,1,,2,,,26,,1,21,,B12,120.670861,24.256338,3
2022,9,19,9,55,臺中市,西屯區,0,0,0,8,1,5,30,14,9,1,5,4,5,7,1,1,9,2,5,2,13,23,3,10,3,4,C03,7,9,1,10,1,11,,23,23,1,17,8,C03,120.642964,24.189496,3
2022,9,19,10,8,臺中市,西屯區,0,0,0,8,,,50,,,,,,,,,,,,,,,16,,,,,B03,,,1,,11,,,16,,1,22,,B03,120.650855,24.207164,3
2022,9,19,10,15,臺中市,大雅區,0,1,0,8,1,5,30,3,1,1,5,4,5,7,4,4,10,4,5,1,17,23,3,10,1,1,B03,7,5,1,8,2,5,,23,23,1,22,9,B03,120.675852,24.230216,2
2022,9,19,10,16,臺中市,西屯區,0,1,0,8,1,5,10,14,20,1,5,4,5,7,4,4,9,5,4,2,13,16,2,9,1,1,C03,7,9,1,10,2,11,,16,16,1,12,8,C03,120.59688,24.181796,2
2022,9,19,10,21,臺中市,西區,0,3,0,8,1,5,50,4,1,1,5,4,5,7,2,1,10,5,5,2,16,8,2,9,1,1,C03,7,5,1,10,2,14,,8,8,1,21,8,C03,120.668586,24.135326,2