年,月,日,時,分,縣市,區,死,受傷,2-30,天候,光線,道路類別,速限,道路型態,事故位置,路面鋪裝,路面狀態,路面缺陷,障礙物,視距,號誌種類,號誌動作,分向設施,快車道或一般車道間,快慢車道間,路面邊線,事故類型及型態,主要肇因,受傷程度,主要傷處,保護裝備,行動電話,當事者區分,車輛用途,當事者行動狀態,駕駛資格情形,駕駛執照種類,飲酒情形,車輛撞擊部位最初,車輛撞擊部位其他,肇事因素個別,肇事因素主要,肇事逃逸,職業,旅次目的,車種,GPS緯度,GPS經度,事故類別
2022,9,19,19,26,臺中市,西屯區,0,0,0,8,,,50,,,,,,,,,,,,,,,6,,,,,B03,,,1,,2,,,6,,1,1,,B03,120.614215,24.185311,3
2022,9,19,19,29,臺中市,北屯區,0,4,0,8,3,7,80,14,9,1,5,4,5,7,4,4,1,4,5,2,13,23,3,10,3,4,A41,7,9,1,1,2,1,,23,23,1,21,8,A41,120.723328,24.176093,2
2022,9,19,19,30,臺中市,南區,0,2,0,8,3,5,50,4,1,1,5,4,5,7,4,4,9,4,5,2,12,23,2,8,1,1,C03,7,9,1,10,2,11,14,23,23,1,5,1,C03,120.677765,24.125821,2
2022,9,19,19,39,臺中市,神岡區,0,0,0,8,,,50,,,,,,,,,,,,,,,23,,,,,B03,,,1,,1,,,23,,1,22,,B03,120.694411,24.248712,3
2022,9,19,19,40,臺中市,烏日區,0,2,0,8,3,5,30,14,9,1,5,4,5,7,4,4,10,5,5,1,13,23,2,9,1,1,C03,7,9,1,10,2,11,,23,23,1,5,8,C03,120.642606,24.055881,2
2022,9,19,19,44,臺中市,北區,0,1,0,8,3,5,50,4,1,1,5,4,5,7,1,1,3,4,5,1,16,6,3,10,1,1,B01,7,5,1,4,2,2,,6,6,1,10,3,B01,120.675265,24.160696,2
2022,9,19,19,52,臺中市,大里區,0,0,0,8,,,50,,,,,,,,,,,,,,,8,,,,,C03,,,1,,2,,,8,,1,5,,C03,120.687036,24.109578,3
2022,9,19,19,55,臺中市,大里區,0,1,0,8,3,5,50,5,1,1,5,4,5,7,1,1,10,5,5,1,11,6,3,10,1,1,B03,7,5,1,8,2,2,,23,6,1,5,8,B03,120.690133,24.112988,2
2022,9,19,19,55,臺中市,沙鹿區,0,2,0,8,1,5,50,3,8,1,5,4,5,7,2,1,10,5,5,2,16,25,2,9,1,1,C03,7,15,3,18,2,12,,25,25,1,22,9,C03,120.581421,24.209662,2
2022,9,19,20,4,臺中市,西屯區,0,1,0,8,3,5,50,4,1,1,5,4,5,7,1,1,10,5,5,2,9,15,3,10,1,1,B03,7,6,1,8,2,1,,15,15,1,21,8,B03,120.637548,24.175876,2
2022,9,19,20,5,臺中市,西屯區,0,1,0,8,3,5,50,3,1,1,5,4,5,7,1,3,5,4,5,2,17,43,2,9,1,1,F01,7,9,8,20,11,16,,43,43,1,22,8,F01,120.65451,24.188458,2
2022,9,19,20,24,臺中市,北屯區,0,0,0,8,,,50,,,,,,,,,,,,,,,6,,,,,B03,,,1,,2,,,6,,1,21,,B03,120.685243,24.169205,3
2022,9,19,20,55,臺中市,沙鹿區,0,2,0,8,3,5,50,3,9,1,5,4,5,7,4,4,4,3,5,1,16,8,2,9,1,1,C03,7,5,1,10,2,14,,8,8,1,22,8,C03,120.574193,24.22849,2
2022,9,19,21,22,臺中市,大雅區,0,1,0,8,4,5,60,4,1,1,5,4,5,7,1,1,3,4,4,1,12,6,3,10,1,1,B03,7,6,1,8,2,2,,6,6,1,22,9,B03,120.648808,24.217977,2
2022,9,19,21,23,臺中市,南屯區,0,0,0,8,3,5,50,3,2,1,5,4,5,7,4,4,5,5,4,2,12,23,3,10,1,1,B02,7,1,1,8,2,2,5,23,23,1,18,7,B02,120.611729,24.138389,3
2022,9,19,21,25,臺中市,龍井區,0,0,0,8,,,50,,,,,,,,,,,,,,,23,,,,,B03,,,1,,11,,,23,,1,22,,B03,120.583908,24.18155,3
2022,9,19,21,42,臺中市,大肚區,0,2,0,8,3,5,50,4,1,1,5,4,5,7,1,1,10,5,5,2,17,10,3,10,3,4,C03,7,11,1,10,2,15,,10,10,1,22,9,C03,120.577139,24.165085,2
2022,9,19,21,44,臺中市,西屯區,0,0,0,8,,,50,,,,,,,,,,,,,,,23,,,,,B03,,,1,,1,,,23,,1,21,,B03,120.618524,24.183328,3
2022,9,19,21,57,臺中市,大肚區,0,0,0,8,,,50,,,,,,,,,,,,,,,23,,,,,A11,,,1,,2,,,23,,1,22,,A11,120.582555,24.168284,3
2022,9,19,22,0,臺中市,大里區,0,1,0,8,3,5,50,3,1,1,5,4,5,7,4,4,10,5,4,1,16,6,3,10,1,1,B03,7,6,1,8,2,2,,6,6,1,22,9,B03,120.696671,24.106664,2
2022,9,19,22,3,臺中市,西屯區,0,0,0,8,,,40,,,,,,,,,,,,,,,43,,,,,,,,,,,,,43,,1,,,,120.647855,24.17395,3
2022,9,19,22,16,臺中市,南區,0,1,0,8,3,5,50,3,8,1,5,4,5,7,1,1,9,4,4,2,16,25,2,9,1,1,C03,7,9,1,10,2,11,12,25,25,1,5,1,C03,120.648833,24.119684,2
2022,9,19,22,35,臺中市,西屯區,0,0,0,8,,,50,,,,,,,,,,,,,,,12,,,,,A01,,,1,,2,,,12,,1,21,,A01,120.63918,24.166026,3
2022,9,19,23,38,臺中市,烏日區,0,0,0,8,,,50,,,,,,,,,,,,,,,25,,,,,B03,,,1,,2,,,25,,1,5,,B03,120.609428,24.113018,3
2022,9,20,1,29,臺中市,北屯區,0,3,0,8,3,5,50,14,7,1,5,4,5,7,4,4,1,4,5,2,13,16,2,9,1,1,B03,7,9,1,8,2,1,4,16,16,1,5,8,B03,120.727475,24.161016,2
2022,9,20,1,48,臺中市,西屯區,0,1,0,8,3,5,50,3,1,1,5,4,5,7,2,1,10,5,5,2,13,42,2,9,1,1,C03,7,12,1,10,2,11,,42,42,1,22,8,C03,120.648189,24.160363,2
2022,9,20,5,14,臺中市,后里區,0,1,0,7,3,5,50,3,1,1,5,4,5,7,4,4,9,5,5,1,26,22,2,9,1,1,B03,7,9,1,8,2,1,,22,22,1,21,9,B03,120.698438,24.316333,2
2022,9,20,5,16,臺中市,大甲區,0,0,0,8,,,50,,,,,,,,,,,,,,,23,,,,,B03,,,6,,2,,,23,,1,22,,B03,120.622635,24.347357,3
2022,9,20,6,26,臺中市,南屯區,0,1,0,8,1,5,50,14,7,1,5,4,5,7,4,4,5,4,4,2,16,26,3,10,3,4,B03,7,11,1,1,2,1,,26,26,1,22,9,B03,120.616852,24.155432,2
2022,9,20,6,55,臺中市,石岡區,0,1,0,8,1,5,50,11,9,1,5,4,5,7,4,4,9,5,5,1,16,26,3,10,1,1,B03,7,5,1,8,2,2,,26,26,1,5,8,B03,120.773106,24.269293,2
2022,9,20,7,0,臺中市,清水區,0,2,0,8,1,5,30,14,9,1,5,4,5,7,4,4,10,5,5,2,26,43,2,9,1,1,B03,7,9,1,8,2,5,,43,43,1,5,1,B03,120.601604,24.273434,2
2022,9,20,7,9,臺中市,西屯區,0,0,0,,,,50,,,,,,,,,,,,,,,7,,,,,B12,,,1,,1,,,7,,1,22,,B12,120.608563,24.169594,3
2022,9,20,7,13,臺中市,西屯區,0,0,0,8,,,50,,,,,,,,,,,,,,,23,,,,,B03,,,1,,1,,,23,,1,22,,B03,120.635328,24.176145,3
2022,9,20,7,13,臺中市,石岡區,0,1,0,8,1,5,50,8,9,1,5,4,5,7,4,4,1,4,5,1,13,23,2,9,1,1,C03,7,9,1,10,2,11,,23,23,1,5,1,C03,120.816985,24.260416,2
2022,9,20,7,14,臺中市,北屯區,0,2,0,8,1,5,50,5,1,5,5,4,5,7,1,1,10,5,5,2,16,26,3,10,1,1,B03,7,6,1,8,2,2,,26,26,1,9,1,B03,120.686375,24.188547,2
2022,9,20,7,16,臺中市,神岡區,0,0,0,8,,,50,,,,,,,,,,,,,,,16,,,,,C03,,,1,,1,,,16,,1,22,,C03,120.697719,24.248775,3
2022,9,20,7,20,臺中市,中區,0,1,0,8,1,5,50,4,1,1,5,4,5,7,2,1,10,5,5,2,13,23,2,9,1,1,C03,7,9,1,10,2,11,,23,23,1,20,8,C03,120.679547,24.142469,2
2022,9,20,7,21,臺中市,沙鹿區,0,0,0,,,,50,,,,,,,,,,,,,,,23,,,,,C03,,,1,,2,,,23,,1,22,,C03,120.563308,24.233322,3
2022,9,20,7,22,臺中市,西屯區,0,1,0,8,1,5,50,4,1,1,5,4,5,7,1,1,10,5,5,2,16,6,3,10,1,1,B01,7,5,1,4,2,4,,6,6,1,10,8,B01,120.64249,24.181542,2
2022,9,20,7,24,臺中市,霧峰區,0,3,0,8,1,5,50,3,1,1,5,4,5,7,1,1,9,5,4,1,16,26,2,9,1,1,C03,7,9,1,10,2,12,,26,26,1,22,8,C03,120.697295,24.064725,2
2022,9,20,7,25,臺中市,西屯區,0,0,0,8,,,50,,,,,,,,,,,,,,,23,,,,,B03,,,1,,1,,,23,23,1,22,,B03,120.61103,24.170698,3
2022,9,20,7,25,臺中市,大甲區,0,0,0,8,,,70,,,,,,,,,,,,,,,23,,,,,B03,,,1,,1,,,23,,1,21,,B03,120.613596,24.332295,3
2022,9,20,7,30,臺中市,神岡區,0,1,0,8,1,5,50,14,7,1,5,4,5,7,4,4,9,4,4,1,17,6,3,10,1,1,B03,7,5,1,8,2,2,,6,6,1,12,8,B03,120.649773,24.282667,2
2022,9,20,7,31,臺中市,豐原區,0,1,0,8,1,5,50,3,1,1,5,4,5,7,1,1,10,5,5,2,18,42,2,9,1,1,C03,7,6,1,10,2,11,,42,42,1,22,8,C03,120.708787,24.25204,2
2022,9,20,7,36,臺中市,梧棲區,0,2,0,8,1,5,40,3,1,1,5,4,5,7,4,4,10,5,5,2,16,6,3,10,1,1,B03,7,6,1,8,2,1,,6,6,1,12,8,B03,120.525654,24.224684,2
2022,9,20,7,37,臺中市,大甲區,0,0,0,8,1,5,50,14,2,1,5,4,5,7,1,1,5,4,4,1,13,23,,,,,B03,,,1,,2,,,23,23,1,22,,B03,120.629261,24.352885,3
2022,9,20,7,38,臺中市,清水區,0,0,0,8,1,5,30,14,9,1,5,4,5,7,4,4,10,5,5,2,16,6,3,10,1,1,B03,7,5,1,8,1,5,,6,6,1,5,1,B03,120.615365,24.295115,3
2022,9,20,7,43,臺中市,東區,0,1,0,8,1,5,50,14,9,1,5,4,5,7,4,4,5,4,5,2,17,42,2,9,3,4,F01,7,15,8,20,2,16,,42,42,1,22,8,F01,120.671103,24.114938,2
2022,9,20,7,45,臺中市,神岡區,0,0,0,8,,,30,,,,,,,,,,,,,,,12,,,,,B03,,,1,,1,,,12,,1,22,,B03,120.68728,24.246,3
2022,9,20,7,46,臺中市,中區,0,0,0,8,1,5,50,14,9,1,5,4,5,7,4,4,5,5,5,2,17,43,,,,,B03,,,1,,1,,,43,,1,21,,B03,120.680747,24.143616,3
2022,9,20,7,49,臺中市,大里區,0,1,0,8,1,5,50,4,2,1,5,4,5,7,4,4,5,5,4,2,16,19,2,9,1,1,C03,7,1,1,10,2,14,,19,19,1,18,5,C03,120.68867,24.110211,2
2022,9,20,7,50,臺中市,神岡區,0,1,0,8,1,5,50,14,9,1,5,4,5,7,4,4,5,4,4,1,17,26,2,9,1,1,C03,7,9,1,10,2,15,,26,26,1,12,8,C03,120.646217,24.283807,2
2022,9,20,7,54,臺中市,大里區,0,0,0,8,,,50,,,,,,,,,,,,,,,17,,,,,A12,,,1,,2,,,17,,1,5,,A12,120.694531,24.111961,3
2022,9,20,8,0,臺中市,南區,0,0,0,8,,,50,,,,,,,,,,,,,,,6,,,,,B03,,,1,,1,,,6,6,1,22,,B03,120.662007,24.12667,3
2022,9,20,8,1,臺中市,西屯區,0,1,0,8,1,5,30,14,9,1,5,4,5,7,4,4,10,5,5,2,16,6,3,10,1,1,C03,7,11,1,10,2,11,,6,6,1,22,8,C03,120.649634,24.176628,2
2022,9,20,8,2,臺中市,大雅區,0,2,0,8,1,5,50,14,9,1,5,4,5,7,4,4,5,5,5,1,16,8,2,9,1,1,C03,7,5,1,10,2,12,,8,8,1,22,9,C03,120.648489,24.229293,2
2022,9,20,8,3,臺中市,西屯區,0,0,0,8,,,40,,,,,,,,,,,,,,,19,,,,,C03,,,1,,1,,,19,,1,22,,C03,120.62209,24.1808,3
2022,9,20,8,5,臺中市,西區,0,1,0,8,1,5,50,14,9,1,5,4,5,7,4,4,5,4,5,2,13,23,2,9,1,1,C03,7,9,1,10,2,11,,23,23,1,21,8,C03,120.659311,24.146827,2
2022,9,20,8,7,臺中市,沙鹿區,0,1,0,8,1,5,30,4,9,1,5,4,5,7,1,1,10,5,5,1,13,16,3,10,1,1,B03,7,9,1,8,2,5,,16,16,1,4,1,B03,120.571906,24.238615,2
2022,9,20,8,10,臺中市,潭子區,0,2,0,8,1,5,50,4,1,1,5,4,5,7,1,1,1,4,4,1,17,6,3,10,1,1,B03,7,5,1,8,2,5,,6,6,1,22,8,B03,120.684792,24.216293,2
2022,9,20,8,18,臺中市,西區,0,1,0,8,1,5,50,3,1,1,5,4,5,7,4,4,10,5,5,2,16,6,3,10,1,1,B03,7,5,1,8,2,2,,6,6,1,20,8,B03,120.667294,24.152108,2
2022,9,20,8,20,臺中市,中區,0,0,0,,,,50,,,,,,,,,,,,,,,23,,,,,B03,,,1,,1,,,38,23,1,20,,B03,120.679642,24.147149,3
2022,9,20,8,23,臺中市,霧峰區,0,1,0,8,1,5,50,3,1,1,5,4,5,7,1,1,9,5,4,2,17,23,2,9,1,1,C03,7,9,4,8,2,11,,23,23,1,22,8,C03,120.695826,24.071541,2
2022,9,20,8,29,臺中市,大雅區,0,1,0,8,1,5,50,11,8,1,5,4,5,7,4,4,1,4,4,1,17,7,3,10,1,1,B03,7,8,1,8,2,2,,7,7,1,22,8,B03,120.647928,24.221349,2
2022,9,20,8,32,臺中市,豐原區,0,1,0,8,1,5,50,14,7,1,5,4,5,7,4,4,1,4,4,2,17,30,3,10,1,1,C03,7,9,1,10,2,15,,30,30,1,22,4,C03,120.722266,24.260558,2
2022,9,20,8,33,臺中市,北屯區,0,2,0,8,1,5,30,3,1,1,5,4,5,7,4,4,10,4,5,2,16,6,2,9,1,1,C03,7,5,1,10,2,11,,6,6,1,21,8,C03,120.699636,24.170175,2
2022,9,20,8,35,臺中市,大里區,0,1,0,8,1,5,60,4,1,1,5,4,5,7,1,1,10,5,5,2,13,23,2,9,1,1,C03,7,9,4,8,2,11,,23,23,1,5,1,C03,120.68076,24.104805,2
2022,9,20,8,43,臺中市,南區,0,2,0,8,1,5,50,4,1,1,5,4,5,7,3,1,10,5,5,2,17,23,3,10,3,4,C03,7,15,1,10,2,11,,23,23,1,5,8,C03,120.676423,24.139826,2
2022,9,20,8,43,臺中市,龍井區,0,0,0,8,,,40,,,,,,,,,,,,,,,23,,,,,B03,,,1,,2,,,23,,1,22,,B03,120.593841,24.190911,3
2022,9,20,8,45,臺中市,豐原區,0,0,0,8,,,50,,,,,,,,,,,,,,,60,,,,,H01,,,8,,1,,,60,,1,22,,H01,120.72607,24.246112,3
2022,9,20,8,46,臺中市,西區,0,0,0,8,,,50,,,,,,,,,,,,,,,6,,,,,C03,,,1,,1,,,6,,1,21,,C03,120.657096,24.155088,3
2022,9,20,8,47,臺中市,南區,0,0,0,8,,,50,,,,,,,,,,,,,,,23,,,,,B03,,,1,,2,,,23,23,1,22,,B03,120.670047,24.126452,3
2022,9,20,8,57,臺中市,西屯區,0,1,0,8,1,5,30,14,9,1,5,4,5,7,4,4,10,5,5,1,18,43,2,9,1,4,C03,7,9,1,10,2,12,,43,43,1,22,8,C03,120.635334,24.188905,2
2022,9,20,9,5,臺中市,西屯區,0,1,0,8,1,5,30,4,1,1,5,4,5,7,4,4,10,5,5,2,16,14,2,9,1,1,C03,7,9,1,10,2,11,,14,6,1,22,8,C03,120.638505,24.179233,2
2022,9,20,9,10,臺中市,西屯區,0,0,0,8,,,30,,,,,,,,,,,,,,,43,,,,,B03,,,1,,11,,,43,,1,22,,B03,120.640314,24.167721,3
2022,9,20,9,11,臺中市,西區,0,1,0,8,1,5,50,4,1,1,5,4,5,7,4,4,10,5,5,2,16,6,2,9,1,1,C03,7,5,1,10,2,12,,6,6,1,22,9,C03,120.660181,24.147858,2
2022,9,20,9,14,臺中市,西區,0,1,0,8,1,5,50,4,1,1,5,4,5,7,4,4,10,5,5,2,15,6,3,10,1,1,C03,7,9,1,10,2,12,,6,6,1,5,1,C03,120.660948,24.148448,2
2022,9,20,9,14,臺中市,霧峰區,0,1,0,8,1,5,50,14,12,1,5,4,5,7,4,4,9,4,4,1,17,40,3,10,2,1,B03,7,14,1,8,2,4,,40,40,1,12,8,B03,120.698891,24.065211,2
2022,9,20,9,25,臺中市,北區,0,2,0,8,1,5,50,5,8,1,5,4,5,7,2,1,3,2,3,1,16,19,2,9,3,4,C03,7,9,1,10,2,11,,23,19,1,22,9,C03,120.685456,24.163099,2
2022,9,20,9,25,臺中市,沙鹿區,0,0,0,8,,,50,,,,,,,,,,,,,,,10,,,,,C03,,,1,,2,,,10,,1,22,,C03,120.559596,24.23723,3
2022,9,20,9,30,臺中市,大里區,0,1,0,8,1,5,50,3,2,1,5,4,5,7,2,1,5,4,4,2,13,16,2,9,1,1,C03,7,9,1,10,2,11,,16,16,1,5,8,C03,120.695673,24.10444,2
2022,9,20,9,45,臺中市,大里區,0,1,0,8,1,5,50,3,1,1,5,4,5,7,4,4,10,5,5,2,16,6,3,10,1,1,B02,7,5,1,2,2,1,,6,6,1,12,8,B02,120.694371,24.092875,2
2022,9,20,9,45,臺中市,霧峰區,0,0,0,8,,,40,,,,,,,,,,,,,,,19,,,,,C03,,,1,,2,,,19,,1,5,,C03,120.672923,24.042673,3
2022,9,20,9,47,臺中市,豐原區,0,0,0,8,,,50,,,,,,,,,,,,,,,12,,,,,B02,,,1,,2,,,12,,1,22,,B02,120.735051,24.248094,3
2022,9,20,9,48,臺中市,烏日區,0,0,0,8,,,30,,,,,,,,,,,,,,,17,,,,,B01,,,1,,2,,,17,,1,21,,B01,120.616215,24.110279,3
2022,9,20,9,51,臺中市,西屯區,0,1,0,8,1,5,50,14,9,1,5,4,5,7,4,4,9,4,5,2,13,23,2,9,1,1,C02,7,9,4,10,1,11,,23,23,1,22,8,C02,120.635116,24.170876,2
2022,9,20,9,52,臺中市,大里區,0,2,0,8,1,5,50,14,9,1,5,4,5,7,4,4,5,4,5,1,12,23,2,9,1,1,C03,7,9,1,10,2,14,,23,23,1,22,8,C03,120.687346,24.09845,2
2022,9,20,10,0,臺中市,梧棲區,0,0,0,8,,,50,,,,,,,,,,,,,,,43,,,,,A31,,,1,,2,,,43,,1,10,,A31,120.519866,24.238133,3
2022,9,20,10,4,臺中市,大甲區,0,0,0,8,,,50,,,,,,,,,,,,,,,12,,,,,B03,,,1,,1,,,12,,1,21,,B03,120.625998,24.344745,3
2022,9,20,10,5,臺中市,大里區,0,0,0,8,,,60,,,,,,,,,,,,,,,44,,,,,A12,,,1,,2,,,44,44,1,10,,A12,120.688631,24.080636,3
2022,9,20,10,12,臺中市,中區,0,1,0,8,1,5,50,4,1,1,5,4,5,7,2,1,10,5,5,2,16,26,3,10,1,1,B03,7,6,1,8,2,2,,26,26,1,20,8,B03,120.681022,24.143859,2
2022,9,20,10,18,臺中市,西屯區,0,1,0,8,1,5,50,14,7,1,5,4,5,7,4,4,1,4,1,2,13,16,3,10,1,4,B12,7,9,1,8,1,1,,16,16,1,22,8,B12,120.623951,24.178704,2
2022,9,20,10,20,臺中市,霧峰區,0,1,0,8,1,5,30,14,9,1,5,4,5,7,4,4,10,5,5,2,19,43,2,9,1,1,C03,7,9,1,10,2,12,,43,43,1,12,8,C03,120.673965,24.034109,2
2022,9,20,10,28,臺中市,大里區,0,1,0,8,1,5,50,11,9,1,5,4,5,7,4,4,9,5,4,1,11,26,3,10,1,1,B12,7,11,1,8,2,1,,26,26,1,22,8,B12,120.712185,24.094003,2
2022,9,20,10,34,臺中市,西屯區,0,1,0,8,1,5,50,14,8,1,5,4,5,7,4,4,1,3,1,2,25,43,2,9,1,1,C03,7,9,1,10,2,11,,43,43,1,22,8,C03,120.657408,24.17605,2
2022,9,20,10,34,臺中市,大甲區,0,0,0,,,,50,,,,,,,,,,,,,,,23,,,,,B03,,,1,,1,,,23,,1,22,,B03,120.627544,24.347069,3
2022,9,20,10,36,臺中市,西屯區,0,1,0,8,1,5,50,4,1,1,5,4,5,7,4,4,10,5,5,2,16,25,3,10,1,1,B03,7,5,6,18,2,2,,25,25,1,22,8,B03,120.636332,24.160288,2
2022,9,20,10,40,臺中市,后里區,0,0,0,8,,,50,,,,,,,,,,,,,,,19,,,,,B12,,,1,,1,,,19,,1,21,,B12,120.709839,24.305232,3
2022,9,20,10,41,臺中市,北區,0,2,0,8,1,5,50,4,1,1,5,4,5,7,4,4,10,5,5,2,15,6,2,9,1,1,C03,7,9,1,10,2,11,,6,6,1,20,8,C03,120.679961,24.161631,2
2022,9,20,10,42,臺中市,西區,0,0,0,8,1,5,50,14,9,1,5,4,5,7,4,4,9,5,5,2,12,23,3,10,3,4,B03,7,9,1,8,2,5,,23,23,1,21,8,B03,120.658383,24.135264,3
2022,9,20,10,50,臺中市,大里區,0,1,0,8,1,5,50,3,1,1,5,4,5,7,4,4,10,5,5,2,13,23,3,10,1,1,B03,7,9,1,8,2,5,,23,23,1,20,8,B03,120.703904,24.088093,2
2022,9,20,10,55,臺中市,大雅區,0,2,0,8,1,5,30,3,1,1,5,4,5,7,4,4,10,5,5,2,17,6,2,9,1,1,C03,7,5,1,10,2,11,,6,6,1,22,8,C03,120.603922,24.231691,2
2022,9,20,11,15,臺中市,南屯區,0,0,0,8,,,50,,,,,,,,,,,,,,,7,,,,,B03,,,1,,2,,,7,,1,22,,B03,120.622515,24.150033,3
2022,9,20,11,21,臺中市,豐原區,0,1,0,8,1,5,50,3,2,1,5,4,5,7,1,1,3,4,5,2,17,7,3,10,1,1,A32,1,8,1,1,9,2,,7,7,1,22,8,A32,120.706015,24.237061,2
2022,9,20,11,28,臺中市,東勢區,0,1,0,8,1,5,50,3,2,1,5,4,5,7,4,4,5,5,5,1,12,23,3,10,1,1,C03,7,4,1,10,2,12,,23,23,1,21,9,C03,120.83036,24.25081,2
2022,9,20,11,30,臺中市,北區,0,0,0,8,1,5,50,3,1,1,5,4,5,7,1,1,1,4,4,2,13,23,3,10,1,1,B03,7,9,1,8,1,1,,23,23,1,5,5,B03,120.694418,24.159898,3
2022,9,20,11,30,臺中市,西屯區,0,0,0,8,,,50,,,,,,,,,,,,,,,23,,,,,B03,,,1,,1,,,23,,1,22,,B03,120.605664,24.187266,3
2022,9,20,11,30,臺中市,大里區,0,0,0,8,,,30,,,,,,,,,,,,,,,23,,,,,B12,,,1,,2,,,23,,1,10,,B12,120.67741,24.094681,3
2022,9,20,11,35,臺中市,西屯區,0,1,0,8,1,5,50,14,9,1,5,4,5,7,4,4,1,4,5,2,12,42,3,10,1,1,C03,7,15,1,10,9,13,,42,42,1,22,8,C03,120.65982,24.17128,2
2022,9,20,11,45,臺中市,西屯區,0,0,0,8,,,40,,,,,,,,,,,,,,,43,,,,,B12,,,1,,1,,,43,,1,22,,B12,120.608703,24.155737,3
2022,9,20,11,46,臺中市,豐原區,0,1,0,8,1,5,50,14,7,1,5,4,5,7,4,4,5,4,4,2,29,21,2,8,1,1,C03,7,9,1,10,4,12,,21,21,1,22,9,C03,120.729659,24.243709,2
2022,9,20,11,53,臺中市,大雅區,0,2,0,8,1,5,30,13,9,1,5,4,5,7,4,4,10,5,5,1,15,6,2,9,1,1,C03,7,9,1,10,2,12,,6,6,1,22,9,C03,120.66989,24.244587,2
2022,9,20,11,55,臺中市,北區,0,1,0,8,1,5,50,3,2,1,5,4,5,7,4,4,5,4,4,1,16,8,3,10,3,4,C03,7,5,1,10,2,14,,8,8,1,22,9,C03,120.675424,24.151586,2
2022,9,20,12,7,臺中市,潭子區,0,2,0,8,1,5,50,3,1,1,5,4,5,7,4,4,5,4,4,2,17,19,2,9,1,1,C03,7,1,1,10,2,14,,19,19,1,22,8,C03,120.691408,24.216556,2
2022,9,20,12,20,臺中市,豐原區,0,2,0,8,1,5,50,14,7,1,5,4,5,7,4,4,9,4,4,2,17,23,2,9,1,1,C03,7,9,1,10,2,11,,23,23,1,22,8,C03,120.733538,24.25495,2
2022,9,20,12,21,臺中市,清水區,0,0,0,6,,,30,,,,,,,,,,,,,,,23,,,,,B03,,,1,,2,,,23,,1,21,,B03,120.549255,24.275976,3
2022,9,20,12,28,臺中市,西屯區,0,0,0,8,,,40,,,,,,,,,,,,,,,12,,,,,B12,,,1,,1,,,12,,1,22,,B12,120.608703,24.155737,3
2022,9,20,12,30,臺中市,霧峰區,0,0,0,8,,,25,,,,,,,,,,,,,,,16,,,,,C03,,,1,,2,,,16,,1,18,,C03,120.714825,24.069717,3
2022,9,20,12,32,臺中市,太平區,0,0,0,8,,,50,,,,,,,,,,,,,,,19,,,,,B03,,,1,,2,,,19,,1,4,,B03,120.711772,24.126349,3
2022,9,20,12,35,臺中市,西屯區,0,2,0,8,1,5,50,14,9,1,5,4,5,7,4,4,5,5,5,2,16,26,2,9,1,1,C03,7,5,1,10,2,14,,26,26,1,5,8,C03,120.617986,24.176932,2
2022,9,20,12,49,臺中市,北區,0,0,0,8,,,50,,,,,,,,,,,,,,,12,,,,,B03,,,1,,1,,,12,,1,5,,B03,120.681133,24.159865,3
2022,9,20,12,50,臺中市,豐原區,0,0,0,8,,,50,,,,,,,,,,,,,,,16,,,,,B03,,,1,,2,,,16,16,1,22,,B03,120.719014,24.243262,3
2022,9,20,12,53,臺中市,西區,0,0,0,8,1,5,50,14,9,1,5,4,5,7,4,4,5,5,5,2,12,19,,,,,B03,,,1,,1,,,19,,1,21,,B03,120.672113,24.146379,3
2022,9,20,12,57,臺中市,龍井區,0,1,0,8,1,5,50,3,1,1,5,4,5,7,4,4,9,4,5,2,17,42,3,10,1,1,C03,7,9,1,10,2,11,,42,42,1,21,1,C03,120.585492,24.181794,2
2022,9,20,12,58,臺中市,豐原區,0,1,0,8,1,5,60,14,7,1,5,4,5,7,4,4,1,4,4,1,26,23,2,9,1,1,B12,7,9,1,8,2,5,,23,23,1,21,8,B12,120.703249,24.252869,2
2022,9,20,13,10,臺中市,西屯區,0,0,0,,,,30,,,,,,,,,,,,,,,42,,,,,C03,,,1,,1,,,42,,1,22,,C03,120.598532,24.180442,3
2022,9,20,13,10,臺中市,清水區,0,0,0,,,,50,,,,,,,,,,,,,,,23,,,,,C03,,,1,,2,,,23,,1,5,,C03,120.57319,24.26581,3
2022,9,20,13,15,臺中市,霧峰區,0,0,0,8,,,40,,,,,,,,,,,,,,,6,,,,,B03,,,1,,1,,,6,,1,12,,B03,120.67071,24.043666,3
2022,9,20,13,20,臺中市,大里區,0,0,0,8,,,30,,,,,,,,,,,,,,,23,,,,,B12,,,1,,2,,,23,23,1,10,,B12,120.700803,24.080922,3
2022,9,20,13,21,臺中市,西屯區,0,0,0,8,,,50,,,,,,,,,,,,,,,23,,,,,B03,,,1,,1,,,23,,1,22,,B03,120.634264,24.179545,3
2022,9,20,13,21,臺中市,神岡區,0,1,0,8,1,5,50,15,9,1,5,4,5,7,1,1,1,4,5,1,17,7,3,10,1,1,B03,7,8,1,8,2,2,,7,7,1,22,8,B03,120.692657,24.248291,2