年,月,日,時,分,縣市,區,死,受傷,2-30,天候,光線,道路類別,速限,道路型態,事故位置,路面鋪裝,路面狀態,路面缺陷,障礙物,視距,號誌種類,號誌動作,分向設施,快車道或一般車道間,快慢車道間,路面邊線,事故類型及型態,主要肇因,受傷程度,主要傷處,保護裝備,行動電話,當事者區分,車輛用途,當事者行動狀態,駕駛資格情形,駕駛執照種類,飲酒情形,車輛撞擊部位最初,車輛撞擊部位其他,肇事因素個別,肇事因素主要,肇事逃逸,職業,旅次目的,車種,GPS緯度,GPS經度,事故類別
2022,9,20,13,25,臺中市,龍井區,0,2,0,8,1,5,50,4,1,1,5,4,5,7,4,4,9,4,5,1,17,6,3,10,1,1,C03,7,6,1,10,2,12,,6,6,1,18,1,C03,120.590816,24.18115,2
2022,9,20,13,28,臺中市,大雅區,0,0,0,8,,,50,,,,,,,,,,,,,,,5,,,,,B12,,,1,,2,,,5,,1,22,,B12,120.627233,24.20942,3
2022,9,20,13,34,臺中市,南屯區,0,0,0,8,,,30,,,,,,,,,,,,,,,40,,,,,B03,,,1,,2,,,40,,1,5,,B03,120.605881,24.136695,3
2022,9,20,13,34,臺中市,沙鹿區,0,0,0,8,,,50,,,,,,,,,,,,,,,23,,,,,B03,,,1,,1,,,23,,1,4,,B03,120.579341,24.208712,3
2022,9,20,13,37,臺中市,沙鹿區,0,1,0,8,1,5,50,4,1,1,5,4,5,7,4,4,10,5,5,2,15,6,3,10,1,1,C03,7,9,1,10,2,11,,6,6,1,20,8,C03,120.565139,24.250438,2
2022,9,20,13,45,臺中市,大里區,0,1,0,8,1,5,50,14,9,1,5,4,5,7,4,4,5,5,5,1,13,23,2,9,1,1,F02,7,9,8,20,2,16,,23,23,1,20,8,F02,120.687603,24.103501,2
2022,9,20,13,50,臺中市,東區,0,1,0,8,1,5,50,14,9,1,5,4,5,7,4,4,1,4,5,2,16,1,2,9,1,1,C03,7,9,1,10,2,14,,1,1,1,22,8,C03,120.684375,24.135335,2
2022,9,20,13,52,臺中市,龍井區,0,2,0,8,1,5,40,3,2,1,5,4,5,7,4,4,1,4,1,1,23,42,2,9,1,1,C03,7,9,1,10,2,14,,42,42,1,22,8,C03,120.57981,24.189298,2
2022,9,20,13,56,臺中市,北區,0,2,0,8,1,5,40,4,1,1,5,4,5,7,1,1,1,4,4,2,16,25,2,9,1,1,C03,7,9,1,10,2,12,,25,25,1,5,5,C03,120.664089,24.162142,2
2022,9,20,13,59,臺中市,北區,0,0,0,,,,,,,,,,,,,,,,,,,18,,,,,B03,,,1,,11,,,38,18,1,22,,B03,120.692393,24.161748,3
2022,9,20,14,10,臺中市,龍井區,0,0,0,8,,,50,,,,,,,,,,,,,,,18,,,,,B03,,,1,,2,,,18,,1,21,,B03,120.582455,24.177513,3
2022,9,20,14,10,臺中市,大甲區,0,1,0,8,1,5,30,3,1,1,5,4,5,7,4,4,10,5,5,2,17,6,3,10,1,1,B03,7,5,1,8,2,1,,6,6,1,4,8,B03,120.619706,24.341479,2
2022,9,20,14,16,臺中市,東區,0,2,0,8,1,5,50,4,1,1,5,4,5,7,4,4,9,5,5,2,15,6,2,7,3,4,C03,7,9,1,10,2,12,,6,6,1,5,8,C03,120.649721,24.120865,2
2022,9,20,14,23,臺中市,烏日區,0,0,0,8,,,50,,,,,,,,,,,,,,,23,,,,,B03,,,1,,2,,,23,,1,21,,B03,120.643626,24.081726,3
2022,9,20,14,27,臺中市,西區,0,0,0,8,,,40,,,,,,,,,,,,,,,23,,,,,B12,,,1,8,1,,,23,23,1,22,,B12,120.657369,24.138682,3
2022,9,20,14,48,臺中市,東區,0,2,0,8,1,5,50,4,2,1,5,4,5,7,2,1,5,4,4,2,16,4,2,8,1,1,C03,7,9,1,10,2,11,,4,4,1,21,8,C03,120.70798,24.148984,2
2022,9,20,14,50,臺中市,西屯區,0,1,0,8,1,5,50,14,9,1,5,4,5,7,4,4,1,3,5,2,16,7,3,10,1,1,B01,7,8,1,8,2,6,,7,7,1,22,8,B01,120.648807,24.162056,2
2022,9,20,14,57,臺中市,神岡區,0,1,0,8,1,5,50,15,9,1,5,4,5,7,4,4,5,5,4,2,17,42,2,9,1,1,C03,7,9,2,18,2,12,,42,42,1,22,8,C03,120.70237,24.262617,2
2022,9,20,15,7,臺中市,北區,0,1,0,8,1,5,50,4,1,1,5,4,5,7,1,1,10,5,5,2,16,7,3,10,1,1,B03,7,10,1,8,2,5,,7,7,1,22,9,B03,120.68726,24.15571,2
2022,9,20,15,8,臺中市,龍井區,0,1,0,8,1,5,50,4,1,1,5,4,5,7,2,1,9,4,5,2,12,6,2,9,1,1,C03,7,5,4,11,2,14,,6,6,1,21,1,C03,120.592958,24.182668,2
2022,9,20,15,10,臺中市,北區,0,0,0,8,,,50,,,,,,,,,,,,,,,23,,,,,C03,,,1,,2,,,23,,1,21,,C03,120.683086,24.167416,3
2022,9,20,15,14,臺中市,豐原區,0,0,0,8,,,30,,,,,,,,,,,,,,,12,,,,,B12,,,1,,2,,,12,,1,22,,B12,120.718318,24.271826,3
2022,9,20,15,21,臺中市,西屯區,0,0,0,8,,,30,,,,,,,,,,,,,,,67,,,,,,,,,,,,,67,,1,,,,120.657163,24.201488,3
2022,9,20,15,25,臺中市,清水區,0,1,0,8,1,5,60,4,1,1,5,4,5,7,1,1,10,5,5,2,16,6,3,10,1,1,A41,7,5,1,1,2,2,,6,6,1,10,1,A41,120.536281,24.28116,2
2022,9,20,15,28,臺中市,南屯區,0,1,0,8,1,5,50,4,1,1,5,4,5,7,1,1,10,5,5,2,16,6,3,10,1,1,B03,7,5,1,8,2,5,1,6,6,1,5,8,B03,120.633751,24.14143,2
2022,9,20,15,29,臺中市,西屯區,0,0,0,8,,,30,,,,,,,,,,,,,,,42,,,,,B12,,,1,,1,,,42,,1,22,,B12,120.612088,24.185345,3
2022,9,20,15,36,臺中市,豐原區,0,1,0,8,1,5,50,4,1,1,5,4,5,7,4,4,10,5,5,2,18,23,2,9,1,1,C03,7,9,1,9,2,14,,23,23,1,21,8,C03,120.715688,24.249247,2
2022,9,20,15,42,臺中市,豐原區,0,1,0,8,1,5,50,4,1,1,5,4,5,7,1,1,10,5,5,2,17,9,3,10,1,1,B03,7,6,1,8,2,2,,9,9,1,22,8,B03,120.720597,24.258917,2
2022,9,20,15,45,臺中市,沙鹿區,0,0,0,8,,,50,,,,,,,,,,,,,,,23,,,,,B03,,,1,,1,,,23,,1,4,,B03,120.572474,24.215925,3
2022,9,20,15,52,臺中市,大里區,0,0,0,8,,,50,,,,,,,,,,,,,,,7,,,,,B03,,,1,,2,,,7,,1,5,,B03,120.686963,24.109578,3
2022,9,20,16,1,臺中市,西屯區,0,1,0,8,1,5,40,3,1,1,5,4,5,7,4,4,10,5,5,2,17,23,2,9,1,1,C03,7,9,1,10,2,11,,23,23,1,21,8,C03,120.660696,24.175256,2
2022,9,20,16,6,臺中市,南屯區,0,0,0,8,,,50,,,,,,,,,,,,,,,23,,,,,B03,,,1,,2,,,23,,1,20,,B03,120.646785,24.145721,3
2022,9,20,16,11,臺中市,西屯區,0,0,0,8,,,50,,,,,,,,,,,,,,,17,,,,,B03,,,1,,2,,,17,,1,22,,B03,120.64955,24.172782,3
2022,9,20,16,15,臺中市,大雅區,0,1,0,8,1,5,50,5,1,1,5,4,5,7,1,1,5,5,5,1,12,23,3,10,1,1,C03,7,9,1,10,2,11,,23,23,1,22,9,C03,120.672932,24.210977,2
2022,9,20,16,18,臺中市,北屯區,0,1,0,8,1,5,50,4,1,1,5,4,5,7,2,1,10,5,5,2,13,16,3,10,1,1,B03,7,9,1,8,2,5,,16,16,1,21,8,B03,120.667498,24.179536,2
2022,9,20,16,19,臺中市,新社區,0,0,0,8,,,50,,,,,,,,,,,,,,,6,,,,,B03,,,1,,2,,,6,,1,7,,B03,120.80324,24.21116,3
2022,9,20,16,20,臺中市,北區,0,0,0,8,1,5,50,14,9,1,5,4,5,7,4,4,8,3,5,2,12,23,,,,,F02,,,1,,2,,,23,,1,22,,F02,120.668153,24.160767,3
2022,9,20,16,25,臺中市,東區,0,1,0,8,1,5,50,5,1,1,5,4,5,7,1,1,10,5,5,2,16,6,3,10,1,1,B03,7,5,1,8,2,1,,6,6,1,5,8,B03,120.693452,24.133073,2
2022,9,20,16,26,臺中市,南區,0,0,0,,,,50,,,,,,,,,,,,,,,7,,,,,C03,,,1,,2,,,23,7,1,22,,C03,120.663238,24.123633,3
2022,9,20,16,29,臺中市,梧棲區,0,1,0,8,1,5,50,4,2,1,5,4,5,7,4,4,10,5,5,2,17,23,2,1,3,4,F02,7,6,8,20,8,16,,23,23,1,22,8,F02,120.527571,24.257686,2
2022,9,20,16,30,臺中市,潭子區,0,2,0,8,1,5,50,5,1,1,5,4,5,7,1,1,1,4,4,1,16,26,2,9,1,1,C03,7,5,1,10,2,12,,26,26,1,22,9,C03,120.6863,24.216039,2
2022,9,20,16,40,臺中市,東區,0,2,0,8,1,5,40,4,2,1,5,4,5,7,1,1,5,5,4,2,13,23,2,9,1,1,F03,7,9,8,20,2,16,,23,23,1,22,8,F03,120.705379,24.137658,2
2022,9,20,16,44,臺中市,北區,0,0,0,8,,,50,,,,,,,,,,,,,,,17,,,,,A02,,,1,,2,,,17,,1,22,,A02,120.682583,24.153366,3
2022,9,20,16,44,臺中市,大里區,0,0,0,8,,,50,,,,,,,,,,,,,,,25,,,,,C03,,,1,,2,,,25,,1,21,,C03,120.701158,24.096159,3
2022,9,20,16,50,臺中市,西屯區,0,0,0,8,,,50,,,,,,,,,,,,,,,23,,,,,B03,,,1,,2,,,23,,1,1,,B03,120.653474,24.167792,3
2022,9,20,16,50,臺中市,神岡區,0,0,0,8,,,50,,,,,,,,,,,,,,,9,,,,,B03,,,1,,1,,,9,,1,12,,B03,120.695515,24.236436,3
2022,9,20,17,0,臺中市,龍井區,0,1,0,8,1,5,40,14,8,1,5,4,5,7,4,4,1,4,1,1,17,19,3,10,1,1,A31,7,1,1,1,2,4,,19,19,1,10,1,A31,120.580031,24.19589,2
2022,9,20,17,2,臺中市,南區,0,2,0,8,1,5,50,3,2,1,5,4,5,7,4,4,3,5,5,2,17,42,2,9,1,1,C03,7,15,1,10,2,12,,42,42,1,21,8,C03,120.670047,24.126452,2
2022,9,20,17,7,臺中市,西屯區,0,0,0,8,,,30,,,,,,,,,,,,,,,17,,,,,B03,,,1,,1,,,17,,1,22,,B03,120.646271,24.182941,3
2022,9,20,17,12,臺中市,北屯區,0,0,0,8,,,50,,,,,,,,,,,,,,,19,,,,,B03,,,1,,11,,,19,,1,21,,B03,120.68353,24.192678,3
2022,9,20,17,12,臺中市,烏日區,0,1,0,8,1,5,50,14,9,1,5,4,5,7,3,1,1,4,5,1,16,10,3,10,1,1,B11,7,11,1,8,2,2,,10,10,1,21,8,B11,120.628329,24.096296,2
2022,9,20,17,14,臺中市,豐原區,0,0,0,8,,,50,,,,,,,,,,,,,,,16,,,,,B03,,,1,,2,,,16,,1,19,,B03,120.724808,24.24383,3
2022,9,20,17,18,臺中市,南區,0,2,0,8,1,5,50,4,1,1,5,4,5,7,2,1,10,5,5,2,17,42,2,9,1,1,F01,7,9,8,20,2,16,,42,42,1,15,8,F01,120.659997,24.124511,2
2022,9,20,17,25,臺中市,北屯區,0,1,0,8,2,5,50,14,9,1,5,4,5,7,4,4,1,4,5,2,13,23,2,9,3,4,C03,7,9,3,18,2,11,,23,23,1,21,8,C03,120.677751,24.201411,2
2022,9,20,17,28,臺中市,南屯區,0,2,0,8,1,5,50,4,1,1,5,2,5,7,1,1,5,5,5,2,17,23,2,9,1,1,C03,7,9,1,10,2,11,14,23,23,1,5,1,C03,120.63415,24.144241,2
2022,9,20,17,29,臺中市,北屯區,0,0,0,8,,,50,,,,,,,,,,,,,,,25,,,,,C03,,,1,,1,,,25,,1,21,,C03,120.671342,24.189352,3
2022,9,20,17,40,臺中市,西區,0,0,0,8,,,50,,,,,,,,,,,,,,,7,,,,,B12,,,1,8,2,,,7,7,2,22,,B12,120.657625,24.14409,3
2022,9,20,17,40,臺中市,梧棲區,0,1,0,8,1,5,50,3,1,1,5,4,5,7,4,4,10,5,5,1,17,23,3,10,3,4,B03,7,5,1,8,2,4,,6,23,1,22,8,B03,120.53233,24.25246,2
2022,9,20,17,44,臺中市,南屯區,0,0,0,8,,,50,,,,,,,,,,,,,,,23,,,,,B03,,,1,,1,,,23,,1,5,,B03,120.608348,24.150931,3
2022,9,20,17,48,臺中市,北屯區,0,2,0,8,1,5,50,4,1,1,5,4,5,7,2,1,10,5,5,2,16,6,2,9,1,1,C03,7,5,1,10,2,11,,6,6,1,21,8,C03,120.685096,24.169708,2
2022,9,20,17,48,臺中市,大里區,0,0,0,8,,,50,,,,,,,,,,,,,,,23,,,,,B03,,,1,,2,,,23,,1,22,,B03,120.692045,24.115241,3
2022,9,20,17,56,臺中市,西屯區,0,0,0,8,,,50,,,,,,,,,,,,,,,6,,,,,B03,,,1,,1,,,6,,1,22,,B03,120.610145,24.187037,3
2022,9,20,18,5,臺中市,東區,0,0,0,,,,40,,,,,,,,,,,,,,,12,,,,,B12,,,1,,9,,,12,,1,22,,B12,120.686425,24.132341,3
2022,9,20,18,10,臺中市,沙鹿區,0,2,0,8,3,5,50,14,9,1,5,4,5,7,4,4,10,5,5,2,17,19,2,9,1,1,C03,7,1,1,10,2,11,,19,19,1,18,5,C03,120.582734,24.21865,2
2022,9,20,18,10,臺中市,豐原區,0,0,0,8,,,50,,,,,,,,,,,,,,,16,,,,,B03,,,1,,2,,,16,16,1,21,,B03,120.722902,24.264319,3
2022,9,20,18,15,臺中市,南區,0,1,0,8,3,5,50,5,1,1,5,4,5,7,2,1,10,5,5,2,16,6,3,10,1,1,B03,7,6,1,8,2,5,,6,6,1,21,8,B03,120.655145,24.135043,2
2022,9,20,18,18,臺中市,南區,0,1,0,8,3,5,50,4,1,1,5,4,5,7,2,1,10,5,5,2,3,23,3,10,1,1,B03,7,5,1,8,2,5,,23,15,1,22,8,B03,120.666686,24.119219,2
2022,9,20,18,20,臺中市,大里區,0,1,0,8,1,5,50,4,1,1,5,4,5,7,1,1,10,5,5,2,17,42,2,9,1,1,C03,7,9,3,18,2,14,,42,42,1,21,5,C03,120.691223,24.091811,2
2022,9,20,18,33,臺中市,西屯區,0,0,0,8,,,30,,,,,,,,,,,,,,,12,,,,,B11,,,1,,1,,,12,,1,22,,B11,120.653801,24.162101,3
2022,9,20,18,47,臺中市,石岡區,0,1,0,8,3,5,70,4,1,1,5,4,5,7,2,1,10,5,5,2,15,6,3,10,1,1,B03,7,9,1,8,2,8,,6,6,1,19,8,B03,120.80193,24.26856,2
2022,9,20,18,51,臺中市,西區,0,0,0,8,,,50,,,,,,,,,,,,,,,42,,,,,B03,,,1,,1,,,42,,1,22,,B03,120.659545,24.155811,3
2022,9,20,18,51,臺中市,北區,0,0,0,8,,,50,,,,,,,,,,,,,,,19,,,,,B01,,,1,,2,,,19,,1,10,,B01,120.671455,24.164319,3
2022,9,20,18,56,臺中市,北區,0,0,0,8,1,5,50,4,1,1,5,4,5,7,2,1,10,5,5,2,12,26,,,,,C03,,,1,,2,,,26,,1,22,,C03,120.677148,24.151319,3
2022,9,20,19,5,臺中市,西屯區,0,1,0,8,1,5,50,3,1,1,5,4,5,7,4,4,10,5,5,2,16,6,3,10,1,1,B03,7,5,1,8,1,5,,6,6,1,22,8,B03,120.644249,24.175078,2
2022,9,20,19,6,臺中市,豐原區,0,0,0,8,,,50,,,,,,,,,,,,,,,19,,,,,C03,,,3,,2,,,19,,1,22,,C03,120.720273,24.240484,3
2022,9,20,19,12,臺中市,南屯區,0,0,0,8,,,50,,,,,,,,,,,,,,,23,,,,,B03,,,1,,2,,,23,,1,20,,B03,120.649621,24.152571,3
2022,9,20,19,12,臺中市,神岡區,0,2,0,8,3,5,40,4,2,1,5,4,5,7,3,3,1,5,5,1,17,6,2,8,3,4,C03,7,5,3,18,2,12,,6,6,1,22,9,C03,120.642802,24.243308,2
2022,9,20,19,21,臺中市,豐原區,0,1,0,8,3,5,50,4,2,1,5,4,5,7,3,1,4,4,4,2,16,6,2,9,2,1,F01,7,5,8,20,2,16,,6,6,1,19,5,F01,120.71743,24.249547,2
2022,9,20,19,24,臺中市,南區,0,0,0,,,,50,,,,,,,,,,,,,,,23,,,,,C03,,,1,,2,,,23,,1,22,,C03,120.674308,24.129611,3
2022,9,20,19,40,臺中市,大里區,0,2,0,8,1,5,50,4,1,1,5,4,5,7,2,1,10,5,5,1,13,16,2,9,1,1,C03,7,9,1,10,2,11,,16,16,1,8,5,C03,120.698969,24.096528,2
2022,9,20,19,50,臺中市,大里區,0,0,0,8,,,50,,,,,,,,,,,,,,,17,,,,,B03,,,1,,1,,,17,,1,5,,B03,120.68176,24.110896,3
2022,9,20,19,57,臺中市,神岡區,0,1,0,8,1,5,50,14,9,1,5,4,5,7,4,4,1,5,5,2,16,6,3,10,1,1,B03,7,1,1,8,2,6,,6,6,1,22,9,B03,120.68655,24.246818,2
2022,9,20,20,3,臺中市,東區,0,1,0,8,3,5,50,4,1,1,5,4,5,7,2,1,10,5,5,2,16,23,2,9,1,1,C03,7,9,1,10,2,14,,23,23,1,22,8,C03,120.709388,24.135369,2
2022,9,20,20,20,臺中市,北屯區,0,1,0,8,3,5,50,4,1,1,5,4,5,7,2,1,1,5,5,2,23,23,2,9,1,1,C03,7,9,1,10,2,12,,23,23,1,21,8,C03,120.69104,24.171618,2
2022,9,20,20,21,臺中市,西屯區,0,1,0,8,3,5,50,4,2,1,5,4,5,7,1,1,1,4,4,2,13,23,3,10,1,1,B03,7,9,1,8,1,5,,23,23,1,21,8,B03,120.636595,24.158218,2
2022,9,20,20,22,臺中市,潭子區,0,2,0,8,3,5,50,5,1,1,5,4,5,7,1,1,10,5,5,2,16,25,2,9,1,1,C03,7,9,1,10,2,11,,25,25,1,22,8,C03,120.690237,24.211984,2
2022,9,20,20,27,臺中市,西屯區,0,1,0,8,3,5,50,3,1,1,5,4,5,7,4,4,10,5,5,2,16,6,3,10,1,1,C03,7,5,1,10,2,12,,6,6,1,22,8,C03,120.593534,24.180452,2
2022,9,20,20,50,臺中市,梧棲區,0,2,0,8,3,5,50,14,9,1,5,4,5,7,4,4,5,5,5,1,17,23,2,9,3,4,F03,7,9,8,20,2,16,,23,23,1,22,8,F03,120.538787,24.249513,2
2022,9,20,21,2,臺中市,大里區,0,1,0,8,3,5,50,14,9,1,5,4,5,7,4,4,10,5,5,2,17,23,3,10,3,4,B03,7,9,1,8,2,1,,23,23,1,21,5,B03,120.716471,24.095353,2
2022,9,20,21,9,臺中市,豐原區,0,0,0,8,,,50,,,,,,,,,,,,,,,19,,,,,B03,,,1,,2,,,19,,1,22,,B03,120.716471,24.251871,3
2022,9,20,21,27,臺中市,東區,0,2,0,8,3,5,50,3,1,1,5,4,5,7,3,1,10,5,5,2,17,4,2,9,1,1,C03,7,15,1,10,2,12,,4,4,1,21,8,C03,120.686815,24.140149,2
2022,9,20,21,46,臺中市,南屯區,0,0,0,8,,,50,,,,,,,,,,,,,,,23,,,,,B03,,,1,,2,,,23,,1,22,,B03,120.623699,24.148962,3
2022,9,20,21,57,臺中市,龍井區,0,2,0,8,3,5,30,14,9,1,5,4,5,7,4,4,10,5,5,1,17,6,2,9,3,4,C03,7,5,1,10,2,11,,6,6,1,22,9,C03,120.575887,24.18917,2
2022,9,20,21,59,臺中市,西屯區,0,2,0,8,3,5,30,3,1,1,5,4,5,7,1,1,10,5,5,2,16,6,2,8,1,1,C03,7,5,1,10,1,13,,6,6,1,22,8,C03,120.646443,24.181161,2
2022,9,20,22,0,臺中市,西屯區,0,1,0,8,3,5,50,4,1,1,5,4,5,7,1,1,10,5,5,2,17,17,3,10,1,1,C03,7,9,1,10,1,14,,17,17,1,21,8,C03,120.64925,24.162733,2
2022,9,20,22,14,臺中市,霧峰區,0,1,0,8,3,5,50,3,2,1,5,4,5,7,4,4,5,5,5,1,17,23,2,9,1,1,C03,7,9,1,10,2,12,,23,23,1,22,8,C03,120.688058,24.044923,2
2022,9,20,22,24,臺中市,中區,0,0,0,8,,,50,,,,,,,,,,,,,,,6,,,,,C03,,,1,,1,,,6,,1,22,,C03,120.685785,24.140145,3
2022,9,20,22,39,臺中市,北屯區,0,1,0,8,3,5,50,4,2,1,5,4,5,7,2,1,5,5,4,2,16,19,3,10,1,1,B03,7,1,1,8,2,8,,19,19,1,21,8,B03,120.686016,24.175995,2
2022,9,20,22,54,臺中市,西屯區,0,1,0,8,3,5,50,3,1,1,5,4,5,7,2,1,5,4,4,2,27,23,2,9,3,4,C03,7,9,1,9,2,12,,23,23,1,22,8,C03,120.590013,24.17267,2
2022,9,20,22,55,臺中市,南屯區,0,0,0,8,,,50,,,,,,,,,,,,,,,23,,,,,C03,,,1,,1,,,23,,1,22,,C03,120.611324,24.134228,3
2022,9,20,23,4,臺中市,大里區,0,0,0,8,1,5,50,4,2,1,5,4,5,7,1,2,5,4,5,2,16,7,,,,,B01,,,1,,1,,,7,,1,10,,B01,120.695512,24.096769,3
2022,9,20,23,50,臺中市,西屯區,0,1,0,8,3,5,50,4,1,1,5,4,5,7,2,1,10,5,5,2,12,7,2,9,1,1,C03,7,7,1,10,2,14,,7,7,1,22,8,C03,120.639145,24.164928,2
2022,9,21,0,44,臺中市,北區,0,1,0,8,3,5,50,5,1,1,5,4,5,7,2,1,10,5,5,2,12,44,3,10,1,1,B01,7,9,1,8,2,2,,44,44,1,5,5,B01,120.686252,24.15482,2
2022,9,21,2,49,臺中市,北區,0,2,0,8,3,5,50,4,1,1,5,4,5,7,1,1,1,4,4,2,16,6,2,3,1,1,B02,7,5,1,8,2,3,,6,6,1,5,8,B02,120.67817,24.151537,2
2022,9,21,6,28,臺中市,大雅區,0,2,0,8,1,5,50,14,7,1,5,4,5,7,1,1,5,5,4,1,17,23,2,9,1,1,C03,7,9,1,10,2,15,,23,23,1,22,9,C03,120.640775,24.219192,2
2022,9,21,7,0,臺中市,沙鹿區,0,1,0,8,1,5,40,14,8,1,5,4,5,7,4,4,1,4,1,1,18,23,2,9,1,1,C03,7,9,6,10,2,14,,23,23,1,21,8,C03,120.581249,24.20934,2
2022,9,21,7,3,臺中市,北區,0,1,0,8,1,5,50,3,1,1,5,4,5,7,2,1,10,5,5,2,16,25,3,10,1,1,C03,7,5,6,18,2,14,,25,25,1,22,9,C03,120.694418,24.159898,2
2022,9,21,7,6,臺中市,大里區,0,1,0,8,1,5,50,4,2,1,5,4,5,7,1,1,9,5,5,2,16,17,2,9,1,1,C03,7,9,1,10,2,14,,17,17,1,22,8,C03,120.70974,24.089011,2
2022,9,21,7,19,臺中市,龍井區,0,0,0,8,,,60,,,,,,,,,,,,,,,23,,,,,B03,,,1,,1,,,23,,1,22,,B03,120.580364,24.175958,3
2022,9,21,7,22,臺中市,南區,0,1,0,8,1,5,50,4,1,1,5,4,5,7,1,1,10,5,5,2,16,7,3,10,3,4,B12,7,15,1,8,2,2,,7,23,1,5,8,B12,120.66015,24.12458,2
2022,9,21,7,22,臺中市,沙鹿區,0,1,0,8,1,5,50,4,2,1,5,4,5,7,4,4,8,3,4,1,17,1,3,10,3,4,C03,7,4,1,10,2,14,,1,1,1,22,8,C03,120.566025,24.234472,2
2022,9,21,7,25,臺中市,南屯區,0,0,0,8,,,50,,,,,,,,,,,,,,,23,,,,,B03,,,1,,1,,,23,,1,22,,B03,120.624844,24.149044,3
2022,9,21,7,26,臺中市,龍井區,0,1,0,8,1,5,25,3,2,1,5,4,5,7,1,1,1,5,2,1,13,23,2,7,1,1,C03,7,14,1,10,2,11,,23,23,1,12,8,C03,120.543058,24.192536,2
2022,9,21,7,26,臺中市,烏日區,0,3,0,8,1,5,70,14,8,1,5,4,5,7,4,4,1,4,4,1,12,23,2,9,1,1,C03,7,9,1,10,2,11,14,23,23,1,21,8,C03,120.603667,24.109885,2
2022,9,21,7,27,臺中市,西屯區,0,1,0,8,1,5,40,4,1,1,5,4,5,7,2,1,10,5,5,2,16,23,2,9,3,4,C03,7,8,1,10,2,11,14,23,7,1,22,8,C03,120.624383,24.178531,2
2022,9,21,7,28,臺中市,西屯區,0,3,0,8,1,5,30,14,9,1,5,4,5,7,4,4,10,5,5,2,16,19,2,9,1,1,C03,7,1,1,10,2,12,,19,19,1,22,8,C03,120.61872,24.17686,2
2022,9,21,7,29,臺中市,北屯區,0,1,0,8,1,5,50,4,1,1,5,4,5,7,1,1,10,5,5,2,16,6,3,10,1,1,B03,7,5,1,8,2,2,,6,6,1,9,8,B03,120.676309,24.193341,2
2022,9,21,7,29,臺中市,清水區,0,0,0,8,,,50,,,,,,,,,,,,,,,16,,,,,B12,,,1,,2,,,16,,1,21,,B12,120.574676,24.263748,3
2022,9,21,7,32,臺中市,豐原區,0,2,0,8,1,5,50,4,1,1,5,4,5,7,1,1,3,4,5,2,17,42,2,9,1,1,C03,7,9,1,10,2,11,,42,42,1,22,8,C03,120.720227,24.236722,2
2022,9,21,7,35,臺中市,大里區,0,0,0,8,,,50,,,,,,,,,,,,,,,16,,,,,B03,,,1,,2,,,16,16,1,9,,B03,120.69257,24.093186,3
2022,9,21,7,35,臺中市,烏日區,0,1,0,8,1,5,50,7,9,1,5,4,5,7,4,4,5,5,5,2,18,23,2,9,2,1,F01,7,9,8,20,1,16,,23,23,1,16,8,F01,120.625439,24.108638,2
2022,9,21,7,36,臺中市,北屯區,0,1,0,8,1,5,50,4,1,1,5,4,5,7,2,1,10,5,5,2,16,6,3,10,1,1,B03,7,6,1,8,2,5,,6,6,1,5,8,B03,120.721055,24.176055,2
2022,9,21,7,38,臺中市,神岡區,0,0,0,8,,,30,,,,,,,,,,,,,,,16,,,,,B03,,,1,,1,,,16,,1,22,,B03,120.67708,24.265412,3
2022,9,21,7,40,臺中市,梧棲區,0,0,0,8,,,50,,,,,,,,,,,,,,,16,,,,,B03,,,1,,2,,,16,,1,4,,B03,120.552147,24.257102,3
2022,9,21,7,40,臺中市,豐原區,0,1,0,8,1,5,50,11,8,1,5,4,5,7,4,4,1,3,1,1,17,16,2,9,1,1,C03,7,9,1,10,2,12,,16,16,1,22,5,C03,120.704814,24.237476,2
2022,9,21,7,42,臺中市,沙鹿區,0,0,0,8,,,50,,,,,,,,,,,,,,,23,,,,,B12,,,1,,2,,,23,,1,22,,B12,120.567892,24.226802,3
2022,9,21,7,43,臺中市,中區,0,1,0,8,1,5,50,4,1,1,5,4,5,7,1,1,10,5,5,2,12,23,2,9,3,4,C03,7,5,1,10,2,14,,23,23,1,21,8,C03,120.685636,24.138469,2
2022,9,21,7,43,臺中市,西區,0,1,0,8,1,5,50,4,1,1,5,4,5,7,1,1,1,2,4,1,16,42,3,10,1,1,B03,7,6,1,8,2,2,,42,42,1,21,8,B03,120.660187,24.140158,2
2022,9,21,7,44,臺中市,潭子區,0,2,0,8,1,5,60,4,1,1,5,4,5,7,1,1,1,4,4,1,16,25,2,9,1,1,B03,7,9,1,8,2,1,,25,25,1,22,9,B03,120.690304,24.224766,2
2022,9,21,7,45,臺中市,大雅區,0,2,0,8,1,5,50,14,9,1,5,4,5,7,4,4,9,5,5,1,10,1,2,9,1,1,C03,7,4,1,10,2,11,,1,1,1,22,9,C03,120.637549,24.229603,2
2022,9,21,7,46,臺中市,大雅區,0,1,0,8,1,5,30,3,2,1,5,4,5,7,4,4,10,5,5,1,16,6,2,8,1,1,C03,7,5,1,10,2,11,,6,6,1,22,9,C03,120.653527,24.245525,2