年,月,日,時,分,縣市,區,死,受傷,2-30,天候,光線,道路類別,速限,道路型態,事故位置,路面鋪裝,路面狀態,路面缺陷,障礙物,視距,號誌種類,號誌動作,分向設施,快車道或一般車道間,快慢車道間,路面邊線,事故類型及型態,主要肇因,受傷程度,主要傷處,保護裝備,行動電話,當事者區分,車輛用途,當事者行動狀態,駕駛資格情形,駕駛執照種類,飲酒情形,車輛撞擊部位最初,車輛撞擊部位其他,肇事因素個別,肇事因素主要,肇事逃逸,職業,旅次目的,車種,GPS緯度,GPS經度,事故類別
2022,9,21,7,48,臺中市,西屯區,0,0,0,8,,,40,,,,,,,,,,,,,,,23,,,,,C03,,,1,,1,,,23,,1,22,,C03,120.602678,24.182927,3
2022,9,21,7,49,臺中市,南區,0,0,0,,,,50,,,,,,,,,,,,,,,16,,,,,C03,,,1,,2,,,16,,1,5,,C03,120.679236,24.122297,3
2022,9,21,7,51,臺中市,東區,0,1,0,8,1,5,50,14,9,1,5,4,5,7,4,4,5,5,5,2,17,42,3,10,1,1,B03,7,9,1,8,2,5,,42,42,1,22,8,B03,120.708892,24.144183,2
2022,9,21,7,56,臺中市,豐原區,0,0,0,8,,,60,,,,,,,,,,,,,,,8,,,,,B03,,,1,,2,,,16,8,1,5,,B03,120.723765,24.245015,3
2022,9,21,7,58,臺中市,北屯區,0,1,0,8,1,5,50,4,1,1,5,4,5,7,4,4,10,5,5,2,17,23,2,9,1,1,C03,7,9,1,10,2,14,,23,23,1,21,1,C03,120.719015,24.180118,2
2022,9,21,8,0,臺中市,東區,0,0,0,8,,,30,,,,,,,,,,,,,,,67,,,,,,,,,,,,,67,,1,,,,120.691086,24.142195,3
2022,9,21,8,7,臺中市,沙鹿區,0,2,0,8,1,5,40,3,1,1,5,4,5,7,1,1,10,5,5,2,16,23,2,9,1,1,C03,7,9,1,10,2,11,,23,23,1,21,8,C03,120.580081,24.219697,2
2022,9,21,8,11,臺中市,北區,0,1,0,8,1,5,50,4,2,1,5,4,5,7,4,4,3,2,3,1,13,26,3,10,3,4,B03,7,9,1,8,2,6,,26,26,1,22,9,B03,120.675951,24.150268,2
2022,9,21,8,12,臺中市,南區,0,1,0,8,1,5,50,14,9,1,5,4,5,7,4,4,10,4,5,2,17,26,3,10,3,4,C03,7,5,1,10,2,15,,26,26,1,5,8,C03,120.669402,24.127902,2
2022,9,21,8,16,臺中市,外埔區,0,1,0,8,1,5,50,3,1,1,5,4,5,7,4,4,10,5,5,2,16,26,2,9,1,1,C03,7,9,1,10,2,14,,26,26,1,22,8,C03,120.639445,24.341349,2
2022,9,21,8,20,臺中市,北屯區,0,1,0,8,1,5,30,4,1,1,5,4,5,7,4,4,10,5,5,2,13,16,3,10,1,1,B03,7,5,1,8,2,8,,16,16,1,4,8,B03,120.691733,24.184255,2
2022,9,21,8,25,臺中市,清水區,0,1,0,8,1,5,50,4,1,1,5,4,5,7,4,4,10,5,5,2,15,6,3,10,1,1,B03,7,9,1,8,2,1,,6,6,1,5,5,B03,120.556673,24.275066,2
2022,9,21,8,31,臺中市,豐原區,0,1,0,8,1,5,50,3,1,1,5,4,5,7,4,4,10,5,5,2,17,9,3,10,1,1,B03,7,6,1,8,2,2,,9,9,1,22,8,B03,120.714407,24.249388,2
2022,9,21,8,32,臺中市,西屯區,0,0,0,8,,,50,,,,,,,,,,,,,,,23,,,,,B12,,,1,,1,,,23,,1,22,,B12,120.647674,24.159067,3
2022,9,21,8,32,臺中市,西屯區,0,0,0,8,,,80,,,,,,,,,,,,,,,23,,,,,B03,,,1,,1,,,23,,1,22,,B03,120.632238,24.170663,3
2022,9,21,8,34,臺中市,豐原區,0,0,0,8,,,30,,,,,,,,,,,,,,,12,,,,,B03,,,1,,9,,,12,,1,21,,B03,120.729301,24.250694,3
2022,9,21,8,45,臺中市,豐原區,0,3,0,8,1,5,30,3,1,1,5,4,5,7,4,4,8,3,4,1,3,53,2,9,3,4,H01,8,20,8,20,10,15,,53,53,1,22,5,H01,120.725663,24.243036,2
2022,9,21,8,46,臺中市,北區,0,1,0,8,1,5,50,3,2,1,5,4,5,7,1,1,5,4,5,2,16,27,3,10,1,1,B03,7,6,1,8,2,2,,27,27,1,22,8,B03,120.672214,24.162161,2
2022,9,21,8,49,臺中市,東區,0,0,0,,,,50,,,,,,,,,,,,,,,23,,,,,B12,,,1,,2,,,23,,1,5,,B12,120.698022,24.148595,3
2022,9,21,8,55,臺中市,北區,0,2,0,8,1,5,50,4,7,1,5,4,5,7,1,1,1,4,4,2,13,16,2,9,1,1,C03,7,9,1,10,2,11,,16,16,1,5,5,C03,120.682347,24.165374,2
2022,9,21,9,18,臺中市,豐原區,0,2,0,8,1,5,50,14,7,1,5,4,5,7,4,4,5,5,4,2,16,26,3,10,1,1,C03,7,5,1,10,2,14,,26,26,1,21,8,C03,120.7154,24.249221,2
2022,9,21,9,19,臺中市,南區,0,1,0,8,1,5,50,4,1,1,5,4,5,7,1,1,10,5,5,2,17,23,2,9,1,1,C03,7,6,1,10,2,12,,23,23,1,22,8,C03,120.657951,24.124199,2
2022,9,21,9,20,臺中市,沙鹿區,0,1,0,8,1,5,50,4,2,1,5,4,5,7,4,4,3,3,3,1,17,6,3,10,3,4,C03,7,6,1,10,2,12,,6,6,1,22,8,C03,120.561874,24.244141,2
2022,9,21,9,30,臺中市,神岡區,0,0,0,8,,,60,,,,,,,,,,,,,,,16,,,,,B03,,,1,,2,,,16,,1,12,,B03,120.708962,24.259443,3
2022,9,21,9,36,臺中市,沙鹿區,0,0,0,8,,,60,,,,,,,,,,,,,,,23,,,,,B03,,,1,,2,,,23,,1,22,,B03,120.598401,24.250105,3
2022,9,21,9,38,臺中市,霧峰區,0,1,0,8,1,5,30,3,1,1,5,4,5,7,4,4,10,5,5,1,16,8,3,10,1,1,B12,7,5,1,8,2,4,,8,8,1,22,8,B12,120.664865,24.06485,2
2022,9,21,9,41,臺中市,北區,0,0,0,8,,,50,,,,,,,,,,,,,,,23,,,,,B01,,,1,,2,,,23,,1,22,,B01,120.66999,24.162757,3
2022,9,21,9,41,臺中市,神岡區,0,0,0,8,,,50,,,,,,,,,,,,,,,16,,,,,B12,,,1,,1,,,16,,1,22,,B12,120.705262,24.277073,3
2022,9,21,9,47,臺中市,西區,0,1,0,8,1,5,50,4,1,1,5,4,5,7,1,1,5,5,5,2,18,23,2,9,3,4,C03,7,9,1,10,1,14,,23,23,1,21,8,C03,120.670485,24.133675,2
2022,9,21,9,51,臺中市,北屯區,0,1,0,8,1,5,50,4,18,1,5,4,5,7,2,1,10,5,5,2,3,15,3,10,1,1,B01,7,5,1,4,2,8,,15,15,1,4,8,B01,120.669921,24.176756,2
2022,9,21,9,51,臺中市,西屯區,0,1,0,8,1,5,50,3,1,1,5,4,5,7,4,4,10,5,5,2,16,8,3,10,3,4,B03,7,5,1,8,2,1,,8,6,1,22,8,B03,120.624988,24.176815,2
2022,9,21,9,55,臺中市,北區,0,1,0,8,1,5,50,3,1,1,5,4,5,7,4,4,10,5,5,2,17,23,2,8,1,1,C03,7,5,1,10,2,11,,23,23,1,22,9,C03,120.70055,24.154531,2
2022,9,21,9,57,臺中市,東區,0,0,0,,,,50,,,,,,,,,,,,,,,23,,,,,B03,,,1,,2,,,23,,1,5,,B03,120.698505,24.132989,3
2022,9,21,9,58,臺中市,沙鹿區,0,0,0,,,,50,,,,,,,,,,,,,,,6,,,,,C03,,,1,,2,,,6,,1,22,,C03,120.582405,24.223844,3
2022,9,21,10,0,臺中市,豐原區,0,0,0,8,,,50,,,,,,,,,,,,,,,38,,,,,B03,,,1,,2,,,38,38,1,22,,B03,120.722945,24.236316,3
2022,9,21,10,5,臺中市,太平區,0,1,0,8,1,5,50,3,2,1,5,4,5,7,4,4,5,5,5,1,17,1,3,10,1,1,B03,7,4,1,8,11,2,,1,1,1,5,8,B03,120.733546,24.154632,2
2022,9,21,10,7,臺中市,北區,0,1,0,8,1,5,30,3,1,1,5,4,5,7,4,4,5,5,5,2,12,19,2,9,1,1,C03,7,1,1,10,2,14,,19,19,1,5,5,C03,120.683015,24.152159,2
2022,9,21,10,10,臺中市,神岡區,0,0,0,8,,,60,,,,,,,,,,,,,,,42,,,,,A31,,,1,,2,,,42,,1,12,,A31,120.708962,24.259443,3
2022,9,21,10,13,臺中市,西屯區,0,0,0,8,,,50,,,,,,,,,,,,,,,7,,,,,B03,,,1,,1,,,7,,1,22,,B03,120.657127,24.200899,3
2022,9,21,10,14,臺中市,烏日區,0,0,1,8,1,5,30,4,1,1,5,4,5,7,4,4,10,5,5,2,15,6,5,1,1,1,C03,7,9,3,18,2,11,,6,6,1,22,8,C03,120.638913,24.070816,2
2022,9,21,10,16,臺中市,烏日區,0,2,0,8,1,5,50,14,9,1,5,4,5,7,4,4,5,5,4,2,12,23,2,9,1,1,C03,7,9,1,10,2,11,14,23,23,1,21,8,C03,120.627856,24.108129,2
2022,9,21,10,23,臺中市,清水區,0,1,0,8,1,5,50,4,1,1,5,4,5,7,1,1,10,5,5,2,16,25,3,10,1,1,B03,7,9,6,8,2,1,,25,25,1,21,8,B03,120.560225,24.277402,2
2022,9,21,10,25,臺中市,石岡區,0,0,0,8,,,70,,,,,,,,,,,,,,,23,,,,,B12,,,1,,2,,,23,,1,22,,B12,120.815918,24.260308,3
2022,9,21,10,28,臺中市,西屯區,0,1,0,8,1,5,40,4,1,1,5,4,5,7,2,1,10,5,5,2,17,19,3,10,1,1,B12,7,6,1,8,1,2,,44,19,1,22,8,B12,120.638913,24.18227,2
2022,9,21,10,45,臺中市,北屯區,0,1,0,8,1,5,50,14,9,1,5,4,5,7,4,4,3,4,5,2,13,23,3,10,1,1,B12,7,9,1,8,2,8,,23,23,1,22,8,B12,120.693172,24.163642,2
2022,9,21,10,48,臺中市,豐原區,0,1,0,8,1,5,60,4,1,1,5,4,5,7,1,1,10,5,5,2,16,25,3,10,1,1,B12,7,5,1,7,2,2,,25,25,1,21,8,B12,120.704913,24.255016,2
2022,9,21,10,54,臺中市,石岡區,0,1,0,8,1,5,50,14,9,1,5,4,5,7,4,4,5,5,5,1,12,19,2,9,1,1,C03,7,1,1,10,2,14,,19,19,1,21,9,C03,120.780911,24.274792,2
2022,9,21,10,56,臺中市,沙鹿區,0,0,0,8,,,50,,,,,,,,,,,,,,,42,,,,,B03,,,1,,2,,,42,,1,22,,B03,120.590611,24.244455,3
2022,9,21,10,58,臺中市,北區,0,0,0,8,,,40,,,,,,,,,,,,,,,12,,,,,B03,,,1,,11,,,12,,1,22,,B03,120.67402,24.16398,3
2022,9,21,11,0,臺中市,霧峰區,0,0,0,8,,,50,,,,,,,,,,,,,,,23,,,,,B03,,,1,,2,,,23,,1,4,,B03,120.697557,24.068413,3
2022,9,21,11,10,臺中市,清水區,0,2,0,8,1,5,50,3,1,1,5,4,5,7,1,1,10,5,5,2,16,6,3,10,1,1,A05,7,9,1,1,2,2,,6,6,1,10,1,A05,120.54759,24.275653,2
2022,9,21,11,10,臺中市,大安區,0,1,0,8,1,5,50,11,9,1,5,4,5,7,4,4,10,5,5,2,17,22,2,3,1,1,B03,7,9,1,8,2,1,,22,22,1,21,8,B03,120.584381,24.3491,2
2022,9,21,11,20,臺中市,南屯區,0,1,0,8,1,5,50,14,7,1,5,4,5,7,4,4,9,4,4,2,16,19,2,8,1,1,C03,7,1,1,10,2,14,,19,19,1,22,9,C03,120.643405,24.133471,2
2022,9,21,11,20,臺中市,霧峰區,0,0,0,8,,,50,,,,,,,,,,,,,,,23,,,,,C03,,,3,,2,,,23,,1,5,,C03,120.674304,24.041142,3
2022,9,21,11,27,臺中市,大里區,0,0,0,8,,,50,,,,,,,,,,,,,,,19,,,,,B12,,,1,,2,,,19,,1,11,,B12,120.67797,24.094086,3
2022,9,21,11,39,臺中市,西區,0,0,0,8,1,5,50,3,1,1,5,4,5,7,4,4,10,5,5,2,13,23,,,,,B03,,,1,,2,,,23,,1,22,,B03,120.667666,24.130893,3
2022,9,21,11,41,臺中市,北區,0,1,0,8,1,5,50,14,13,1,5,4,5,7,4,4,5,4,5,2,9,42,3,10,1,1,C03,7,15,1,10,2,11,,42,42,1,5,5,C03,120.689209,24.154005,2
2022,9,21,11,45,臺中市,豐原區,0,0,0,8,,,50,,,,,,,,,,,,,,,8,,,,,C03,,,6,,2,,,8,8,1,22,,C03,120.718121,24.248204,3
2022,9,21,11,45,臺中市,豐原區,0,0,0,8,,,30,,,,,,,,,,,,,,,18,,,,,C03,,,1,,2,,,18,18,1,22,,C03,120.716043,24.251856,3
2022,9,21,11,46,臺中市,西屯區,0,1,0,8,1,5,50,4,1,1,5,4,5,7,1,1,10,5,5,2,16,43,3,10,3,4,B12,7,9,1,8,2,5,,43,43,1,22,8,B12,120.604233,24.173186,2
2022,9,21,11,47,臺中市,西屯區,0,0,0,8,,,50,,,,,,,,,,,,,,,42,,,,,B03,,,1,,2,,,42,,1,22,,B03,120.637942,24.167162,3
2022,9,21,11,48,臺中市,大甲區,0,0,0,,,,40,,,,,,,,,,,,,,,12,,,,,B03,,,1,,1,,,12,12,1,22,,B03,120.62391,24.343888,3
2022,9,21,11,49,臺中市,烏日區,0,2,0,8,1,5,50,4,2,1,5,4,5,7,4,4,5,5,4,2,12,1,2,9,1,1,C03,7,9,1,10,2,14,,3,1,1,21,8,C03,120.638011,24.111683,2
2022,9,21,11,50,臺中市,豐原區,0,2,0,8,1,5,50,4,1,1,5,4,5,7,4,4,5,5,5,2,15,6,2,8,1,1,C03,7,9,1,10,2,11,,6,6,1,5,8,C03,120.716606,24.252393,2
2022,9,21,12,0,臺中市,西屯區,0,2,0,8,1,5,50,4,1,1,5,4,5,7,2,1,10,5,5,2,16,25,2,9,1,1,B03,7,5,1,8,2,2,,25,25,1,22,8,B03,120.634829,24.179467,2
2022,9,21,12,0,臺中市,大里區,0,2,0,8,1,5,50,4,1,1,5,4,5,7,1,1,9,5,5,1,16,8,2,8,1,1,C03,7,5,1,10,2,11,,8,8,1,22,8,C03,120.702863,24.088289,2
2022,9,21,12,1,臺中市,南區,0,0,0,8,,,50,,,,,,,,,,,,,,,23,,,,,B01,,,1,4,2,,,23,23,1,5,,B01,120.694875,24.148049,3
2022,9,21,12,8,臺中市,沙鹿區,0,0,0,8,,,50,,,,,,,,,,,,,,,23,,,,,B03,,,1,,2,,,23,,1,21,,B03,120.559432,24.228643,3
2022,9,21,12,15,臺中市,北區,0,0,0,,,,50,,,,,,,,,,,,,,,38,,,,,B03,,,1,,2,,,38,,1,22,,B03,120.677974,24.149018,3
2022,9,21,12,17,臺中市,烏日區,0,0,0,8,,,30,,,,,,,,,,,,,,,7,,,,,B01,,,1,,2,,,7,,1,21,,B01,120.616405,24.112775,3
2022,9,21,12,30,臺中市,中區,0,0,0,8,1,5,50,14,9,1,5,3,5,7,4,4,5,5,5,2,14,12,,,,,B03,,,1,,1,,,12,,1,21,,B03,120.681037,24.141336,3
2022,9,21,12,30,臺中市,霧峰區,0,0,0,8,,,50,,,,,,,,,,,,,,,44,,,,,C03,,,1,,2,,,44,,1,18,,C03,120.713567,24.072179,3
2022,9,21,12,32,臺中市,西屯區,0,4,0,8,1,5,50,4,1,1,5,4,5,7,1,1,10,5,5,2,16,25,2,9,1,1,C03,7,9,1,10,2,11,,25,25,1,22,8,C03,120.65244,24.158092,2
2022,9,21,12,40,臺中市,北區,0,1,0,8,1,5,50,3,2,1,5,4,5,7,4,4,5,5,5,2,11,5,3,10,1,1,B11,7,5,1,4,2,4,,5,5,1,5,5,B11,120.700584,24.154471,2
2022,9,21,12,40,臺中市,南屯區,0,1,0,8,1,5,50,4,1,1,5,4,5,7,2,1,10,5,5,2,18,23,2,9,1,1,C03,7,9,1,10,2,14,,23,23,1,22,9,C03,120.628804,24.145109,2
2022,9,21,12,52,臺中市,太平區,0,1,0,8,1,5,50,4,2,1,5,4,5,7,2,1,5,2,5,1,13,23,3,10,1,1,B12,7,9,1,8,1,1,,23,23,1,22,8,B12,120.732167,24.134811,2
2022,9,21,12,55,臺中市,北區,0,1,0,8,1,5,50,3,1,1,5,4,5,7,2,1,10,5,5,2,17,7,2,9,1,1,C03,7,10,1,10,1,12,,7,7,1,22,9,C03,120.680976,24.163174,2
2022,9,21,12,56,臺中市,西屯區,0,1,0,8,1,5,50,3,1,1,5,4,5,7,4,4,10,5,5,2,12,6,3,10,3,4,B03,7,6,1,8,2,2,,6,6,1,22,8,B03,120.627788,24.18405,2
2022,9,21,12,58,臺中市,西屯區,0,2,0,8,3,5,30,14,9,1,5,4,5,7,4,4,10,5,5,2,16,10,2,9,1,1,C03,7,11,1,10,2,12,,10,10,1,4,8,C03,120.646616,24.176748,2
2022,9,21,12,59,臺中市,西區,0,1,0,8,1,5,50,4,1,1,5,4,5,7,1,1,10,5,5,2,13,23,2,9,1,1,C03,7,7,1,10,2,11,,23,23,1,22,9,C03,120.664299,24.146701,2
2022,9,21,13,0,臺中市,南屯區,0,0,0,8,,,40,,,,,,,,,,,,,,,18,,,,,B03,,,1,,9,,,18,18,1,22,,B03,120.626816,24.146963,3
2022,9,21,13,8,臺中市,西屯區,0,0,0,8,,,50,,,,,,,,,,,,,,,23,,,,,B03,,,1,,2,,,23,,1,22,,B03,120.626236,24.178337,3
2022,9,21,13,8,臺中市,豐原區,0,1,0,8,1,5,50,4,1,1,5,4,5,7,1,1,10,5,5,2,16,23,2,7,1,1,C03,7,9,1,10,2,12,,23,23,1,21,8,C03,120.7144,24.251225,2
2022,9,21,13,10,臺中市,南區,0,0,0,8,,,50,,,,,,,,,,,,,,,23,,,,,B03,,,1,8,2,,,23,23,1,5,,B03,120.660066,24.110425,3
2022,9,21,13,14,臺中市,大里區,0,0,0,8,,,30,,,,,,,,,,,,,,,19,,,,,B12,,,1,,2,,,19,,1,22,,B12,120.69736,24.095665,3
2022,9,21,13,15,臺中市,北區,0,0,0,8,1,5,50,3,7,1,5,4,5,7,4,4,5,4,4,2,12,23,3,10,1,1,B03,7,9,1,7,2,5,,23,23,1,5,8,B03,120.668242,24.170342,3
2022,9,21,13,22,臺中市,太平區,0,0,0,8,,,30,,,,,,,,,,,,,,,12,,,,,B03,,,1,,2,,,12,,1,22,,B03,120.732198,24.15717,3
2022,9,21,13,34,臺中市,西屯區,0,2,0,8,1,5,50,4,1,1,5,4,5,7,1,1,10,5,5,2,12,6,2,9,1,1,C03,7,6,6,18,2,12,,6,6,1,22,8,C03,120.616359,24.18582,2
2022,9,21,13,44,臺中市,南屯區,0,1,0,8,1,5,50,4,1,1,5,4,5,7,1,1,10,5,5,2,16,9,3,10,1,1,B03,7,6,1,8,2,6,,9,9,1,5,8,B03,120.653573,24.144795,2
2022,9,21,13,51,臺中市,南區,0,0,0,,,,50,,,,,,,,,,,,,,,42,,,,,B03,,,1,,2,,,44,,1,5,,B03,120.661338,24.12151,3
2022,9,21,13,58,臺中市,西區,0,1,0,8,1,5,50,4,1,1,5,4,5,7,4,4,10,5,5,2,16,6,2,9,1,1,C03,7,5,1,8,2,12,14,6,6,1,22,9,C03,120.663552,24.153447,2
2022,9,21,14,0,臺中市,南屯區,0,0,0,8,,,50,,,,,,,,,,,,,,,12,,,,,B03,,,1,,2,,,12,,1,22,,B03,120.631893,24.149014,3
2022,9,21,14,25,臺中市,北屯區,0,1,0,8,1,5,50,4,1,1,5,4,5,7,1,1,10,5,5,2,16,26,3,10,1,1,B03,7,6,1,8,2,6,,26,26,1,21,8,B03,120.719107,24.163021,2
2022,9,21,14,25,臺中市,霧峰區,0,0,0,8,,,40,,,,,,,,,,,,,,,60,,,,,H03,,,8,,10,,,60,,1,9,,H03,120.713107,24.080172,3
2022,9,21,14,36,臺中市,豐原區,0,0,0,8,,,50,,,,,,,,,,,,,,,12,,,,,B03,,,1,,2,,,12,,1,22,,B03,120.718927,24.251676,3
2022,9,21,15,11,臺中市,西區,0,0,0,8,,,50,,,,,,,,,,,,,,,19,,,,,B12,,,1,,1,,,19,,1,22,,B12,120.661678,24.150968,3
2022,9,21,15,17,臺中市,南屯區,0,0,0,8,,,30,,,,,,,,,,,,,,,23,,,,,A12,,,1,,4,,,23,,1,22,,A12,120.616371,24.153146,3
2022,9,21,15,18,臺中市,北區,0,1,0,8,1,5,50,3,1,1,5,4,5,7,4,4,10,5,5,2,12,43,3,10,1,1,B03,7,6,1,8,2,2,,43,43,1,22,8,B03,120.674884,24.163156,2
2022,9,21,15,18,臺中市,北屯區,0,0,0,8,,,50,,,,,,,,,,,,,,,23,,,,,C03,,,1,,2,,,23,,1,21,,C03,120.68213,24.185601,3
2022,9,21,15,24,臺中市,北區,0,1,0,8,1,5,50,4,1,1,5,4,5,7,4,4,10,5,5,2,15,6,2,9,1,1,C04,7,9,1,11,2,11,,6,6,1,22,9,C04,120.672068,24.167413,2
2022,9,21,15,27,臺中市,太平區,0,0,0,8,,,50,,,,,,,,,,,,,,,16,,,,,C03,,,1,,2,,,16,,1,18,,C03,120.734355,24.145585,3
2022,9,21,15,27,臺中市,豐原區,0,0,0,8,,,50,,,,,,,,,,,,,,,7,,,,,A11,,,1,,2,,,7,,1,22,,A11,120.754105,24.273958,3
2022,9,21,15,34,臺中市,西區,0,2,0,8,1,5,50,3,2,1,5,4,5,7,4,4,5,4,5,2,16,17,2,9,1,1,C03,7,9,4,11,2,12,,23,17,1,21,8,C03,120.667246,24.146617,2
2022,9,21,15,35,臺中市,西屯區,0,2,0,8,1,5,50,4,1,1,5,4,5,7,1,1,5,4,4,1,17,23,2,9,1,1,C03,7,9,1,10,2,11,,23,23,1,1,9,C03,120.629336,24.183726,2
2022,9,21,15,39,臺中市,大肚區,0,0,0,8,,,50,,,,,,,,,,,,,,,12,,,,,B03,,,1,,2,,,12,,1,22,,B03,120.58,24.17,3
2022,9,21,15,44,臺中市,南屯區,0,0,0,8,,,30,,,,,,,,,,,,,,,23,,,,,B12,,,1,,2,,,23,,1,5,,B12,120.648081,24.147083,3
2022,9,21,15,46,臺中市,龍井區,0,2,0,8,1,5,40,4,1,1,5,4,5,7,1,1,3,4,3,2,16,23,2,9,1,4,C03,7,9,1,10,2,11,,23,23,1,22,9,C03,120.592952,24.182892,2
2022,9,21,15,48,臺中市,西區,0,0,0,8,,,50,,,,,,,,,,,,,,,35,,,,,B11,,,1,4,1,,,35,35,1,10,,B11,120.662191,24.133972,3
2022,9,21,15,52,臺中市,烏日區,0,0,0,8,,,50,,,,,,,,,,,,,,,25,,,,,B01,,,1,,2,,,25,,1,21,,B01,120.626313,24.110364,3
2022,9,21,16,0,臺中市,大雅區,0,1,0,8,1,5,30,14,9,1,5,4,5,7,4,4,10,4,5,1,17,23,2,9,1,1,C03,7,9,1,10,2,11,,23,23,1,22,9,C03,120.675498,24.211638,2
2022,9,21,16,0,臺中市,南屯區,0,1,0,8,1,5,50,14,7,1,5,4,5,7,4,4,1,4,4,2,13,13,2,8,1,1,C03,7,9,1,10,2,12,,13,13,1,22,9,C03,120.632243,24.15102,2
2022,9,21,16,4,臺中市,神岡區,0,1,0,8,1,5,50,3,1,1,5,4,5,7,1,1,10,5,5,2,16,26,2,9,1,1,C03,7,9,1,10,2,14,,26,26,1,22,9,C03,120.682696,24.269426,2
2022,9,21,16,8,臺中市,西區,0,0,0,8,,,50,,,,,,,,,,,,,,,19,,,,,B12,,,1,,2,,,19,,1,22,,B12,120.6553,24.150855,3
2022,9,21,16,9,臺中市,北屯區,0,0,0,8,,,50,,,,,,,,,,,,,,,16,,,,,B03,,,1,,1,,,16,,1,21,,B03,120.682086,24.18519,3
2022,9,21,16,28,臺中市,西屯區,0,0,0,8,,,50,,,,,,,,,,,,,,,23,,,,,B12,,,1,,1,,,23,,1,22,,B12,120.65183,24.192356,3
2022,9,21,16,36,臺中市,清水區,0,0,0,8,,,50,,,,,,,,,,,,,,,23,,,,,B03,,,1,,1,,,23,,1,21,,B03,120.54416,24.268027,3
2022,9,21,16,38,臺中市,霧峰區,0,1,0,8,1,5,50,14,7,1,5,4,5,7,4,4,1,2,4,1,13,23,3,10,3,4,B03,7,9,1,8,2,1,,23,23,1,22,8,B03,120.662771,24.062273,2
2022,9,21,16,41,臺中市,梧棲區,0,0,0,8,,,30,,,,,,,,,,,,,,,12,,,,,B03,,,1,,1,,,12,,1,22,,B03,120.54699,24.250694,3
2022,9,21,16,43,臺中市,太平區,0,1,0,8,1,5,50,14,9,1,5,4,5,7,4,4,5,5,5,2,17,23,2,9,1,1,C04,7,9,1,11,2,11,,23,23,1,20,8,C04,120.716091,24.143244,2
2022,9,21,16,46,臺中市,北區,0,1,0,8,1,5,40,3,1,1,5,4,5,7,4,4,1,4,4,2,13,27,3,10,1,1,C03,7,6,1,10,2,13,,27,27,1,22,8,C03,120.685217,24.161032,2
2022,9,21,16,47,臺中市,北屯區,0,1,0,8,1,5,50,4,1,1,5,4,5,7,4,4,10,5,5,2,16,6,3,10,1,1,B03,7,9,1,8,2,8,,6,6,1,21,8,B03,120.680474,24.180593,2
2022,9,21,16,47,臺中市,西屯區,0,0,0,8,,,30,,,,,,,,,,,,,,,12,,,,,B03,,,1,,1,,,12,,1,21,,B03,120.623738,24.195453,3
2022,9,21,16,47,臺中市,太平區,0,1,0,8,1,5,50,4,1,1,5,4,5,7,2,1,10,5,5,2,16,6,3,10,1,1,B03,7,6,1,8,2,5,,6,6,1,22,8,B03,120.723793,24.149619,2
2022,9,21,16,48,臺中市,北屯區,0,1,0,8,1,5,50,4,1,1,5,4,5,7,3,1,10,5,5,2,15,6,3,10,1,1,B02,7,9,1,8,2,1,,6,6,1,22,8,B02,120.687465,24.190451,2
2022,9,21,16,49,臺中市,南屯區,0,0,0,8,,,50,,,,,,,,,,,,,,,23,,,,,B02,,,1,,2,,,23,,1,5,,B02,120.653926,24.143851,3
2022,9,21,16,50,臺中市,沙鹿區,0,2,0,8,1,5,50,15,7,1,5,4,5,7,4,4,1,4,4,2,13,16,3,10,1,1,C03,7,9,1,10,2,11,,16,16,1,18,5,C03,120.562975,24.246666,2
2022,9,21,16,57,臺中市,沙鹿區,0,1,0,8,1,5,50,14,9,1,5,4,5,7,1,1,4,4,5,1,17,40,3,10,1,1,B03,7,15,1,8,2,2,,40,40,1,19,9,B03,120.564822,24.242024,2
2022,9,21,17,4,臺中市,西屯區,0,1,0,8,1,5,30,3,1,1,5,4,5,7,4,4,10,5,5,2,16,6,3,10,1,1,B03,7,5,1,8,2,8,,6,6,1,22,8,B03,120.646505,24.199141,2
2022,9,21,17,5,臺中市,梧棲區,0,2,0,8,1,5,90,14,7,1,5,4,5,7,4,4,1,4,5,1,17,23,2,9,1,1,A31,7,9,1,1,2,5,,23,23,1,10,8,A31,120.531169,24.238263,2
2022,9,21,17,10,臺中市,西區,0,0,0,8,,,50,,,,,,,,,,,,,,,42,,,,,C03,,,1,,2,,,42,,1,22,,C03,120.665388,24.137383,3
2022,9,21,17,10,臺中市,北屯區,0,1,0,8,1,5,50,4,1,1,5,4,5,7,4,4,10,5,5,2,16,6,2,9,1,1,C03,7,5,1,10,2,12,,6,6,1,21,8,C03,120.6764,24.199483,2
2022,9,21,17,15,臺中市,大里區,0,0,0,8,,,40,,,,,,,,,,,,,,,23,,,,,B03,,,1,,2,,,23,,1,22,,B03,120.691966,24.115271,3
2022,9,21,17,17,臺中市,西屯區,0,0,0,8,,,50,,,,,,,,,,,,,,,23,,,,,C03,,,1,,2,,,23,,1,21,,C03,120.635136,24.181793,3