年,月,日,時,分,縣市,區,死,受傷,2-30,天候,光線,道路類別,速限,道路型態,事故位置,路面鋪裝,路面狀態,路面缺陷,障礙物,視距,號誌種類,號誌動作,分向設施,快車道或一般車道間,快慢車道間,路面邊線,事故類型及型態,主要肇因,受傷程度,主要傷處,保護裝備,行動電話,當事者區分,車輛用途,當事者行動狀態,駕駛資格情形,駕駛執照種類,飲酒情形,車輛撞擊部位最初,車輛撞擊部位其他,肇事因素個別,肇事因素主要,肇事逃逸,職業,旅次目的,車種,GPS緯度,GPS經度,事故類別
2022,9,21,17,17,臺中市,西屯區,0,0,0,8,,,50,,,,,,,,,,,,,,,23,,,,,B03,,,1,,2,,,23,,1,22,,B03,120.615946,24.182604,3
2022,9,21,17,20,臺中市,龍井區,0,1,0,8,1,5,40,14,8,1,5,4,5,7,4,4,1,4,1,1,17,7,3,10,1,1,A31,7,8,1,5,2,15,,7,7,1,10,8,A31,120.50956,24.219306,2
2022,9,21,17,21,臺中市,大甲區,0,1,0,8,1,5,50,14,9,1,5,4,5,7,4,4,9,5,5,1,16,23,2,9,1,1,C03,7,9,1,10,2,14,,23,23,1,4,1,C03,120.619691,24.349023,2
2022,9,21,17,22,臺中市,大里區,0,0,0,8,,,50,,,,,,,,,,,,,,,4,,,,,F03,,,1,,2,,,4,4,1,22,,F03,120.719845,24.092968,3
2022,9,21,17,28,臺中市,霧峰區,0,0,0,8,,,40,,,,,,,,,,,,,,,5,,,,,B03,,,1,,11,,,5,,1,3,,B03,120.69126,24.047584,3
2022,9,21,17,31,臺中市,潭子區,0,0,0,8,,,40,,,,,,,,,,,,,,,17,,,,,A42,,,1,,9,,,17,,1,22,,A42,120.699359,24.205887,3
2022,9,21,17,35,臺中市,南區,0,1,0,8,2,5,50,4,1,1,5,4,5,7,1,1,1,4,5,2,13,23,2,9,1,1,C03,7,9,3,18,2,11,,23,23,1,22,8,C03,120.67334,24.130464,2
2022,9,21,17,35,臺中市,霧峰區,0,0,0,8,,,40,,,,,,,,,,,,,,,23,,,,,B03,,,1,,2,,,23,,1,21,,B03,120.662811,24.070503,3
2022,9,21,17,35,臺中市,石岡區,0,2,0,8,1,5,40,3,2,1,5,4,5,7,1,1,1,4,4,1,13,23,2,9,1,1,C03,7,9,1,10,2,11,,23,23,1,5,1,C03,120.815093,24.261748,2
2022,9,21,17,40,臺中市,西屯區,0,0,0,8,,,50,,,,,,,,,,,,,,,23,,,,,B03,,,1,,1,,,23,,1,21,,B03,120.655563,24.169293,3
2022,9,21,17,40,臺中市,西屯區,0,3,0,8,1,5,50,4,1,1,5,4,5,7,1,1,5,4,5,2,16,8,2,9,1,1,F02,7,5,8,20,2,16,,8,6,1,22,8,F02,120.614861,24.179571,2
2022,9,21,17,42,臺中市,大里區,0,0,0,8,,,50,,,,,,,,,,,,,,,8,,,,,A02,,,1,,2,,,8,,1,10,,A02,120.677011,24.1004,3
2022,9,21,17,43,臺中市,潭子區,0,2,0,8,1,5,50,4,1,1,5,4,5,7,1,1,9,4,4,2,16,8,2,7,1,1,C03,7,5,1,10,9,11,,8,8,2,22,8,C03,120.686418,24.216007,2
2022,9,21,17,44,臺中市,西屯區,0,1,0,8,3,5,50,14,7,1,5,4,5,7,4,4,5,5,4,2,17,10,3,10,1,1,B12,7,11,1,8,2,8,,10,10,1,22,5,B12,120.617561,24.188315,2
2022,9,21,17,46,臺中市,豐原區,0,2,0,8,3,5,50,4,4,1,5,4,5,7,1,1,3,5,5,2,13,16,2,9,1,1,C03,7,9,1,10,2,11,,16,16,1,21,1,C03,120.720321,24.262498,2
2022,9,21,17,47,臺中市,沙鹿區,0,2,0,8,1,5,50,3,9,1,5,4,5,7,4,4,9,5,5,2,17,1,2,9,1,1,C03,7,4,6,10,2,11,,1,1,1,22,9,C03,120.613355,24.242335,2
2022,9,21,17,47,臺中市,豐原區,0,2,0,8,2,5,30,4,1,1,5,4,5,7,4,4,10,5,5,2,15,6,2,7,1,1,C03,7,9,1,10,2,14,,6,6,1,21,8,C03,120.700764,24.243957,2
2022,9,21,17,49,臺中市,豐原區,0,1,0,8,1,5,50,14,7,1,5,4,5,7,4,4,9,4,4,2,17,10,3,10,1,1,C03,7,11,1,10,2,15,,10,10,1,21,8,C03,120.713158,24.249675,2
2022,9,21,17,51,臺中市,南屯區,0,0,0,,,,50,,,,,,,,,,,,,,,42,,,,,C03,,,1,,2,,,42,,1,22,,C03,120.639483,24.14211,3
2022,9,21,17,55,臺中市,清水區,0,0,0,8,1,5,30,14,9,1,5,4,5,7,4,4,10,5,5,2,17,43,,,,,,,,,,,,,43,43,1,,,,120.581876,24.289551,3
2022,9,21,18,10,臺中市,西屯區,0,0,0,8,,,50,,,,,,,,,,,,,,,67,,,,,,,,,,,,,67,,1,,,,120.639271,24.186551,3
2022,9,21,18,11,臺中市,太平區,0,0,0,8,,,50,,,,,,,,,,,,,,,16,,,,,B03,,,1,,2,,,16,,1,21,,B03,120.71836,24.156669,3
2022,9,21,18,18,臺中市,烏日區,0,0,0,8,,,60,,,,,,,,,,,,,,,23,,,,,A04,,,1,,2,,,23,,1,21,,A04,120.637838,24.107752,3
2022,9,21,18,19,臺中市,北屯區,0,0,0,8,,,50,,,,,,,,,,,,,,,1,,,,,B03,,,1,,1,,,1,,1,21,,B03,120.70159,24.18113,3
2022,9,21,18,23,臺中市,北區,0,1,0,8,3,5,30,14,9,1,5,4,5,7,4,4,10,5,5,2,18,23,2,9,1,1,C03,7,9,1,10,2,11,,23,23,1,22,8,C03,120.69088,24.148892,2
2022,9,21,18,24,臺中市,南屯區,0,0,0,8,,,50,,,,,,,,,,,,,,,7,,,,,B03,,,1,,1,,,7,7,1,5,,B03,120.623497,24.149515,3
2022,9,21,18,26,臺中市,西屯區,0,1,0,8,1,5,50,4,1,1,5,4,5,7,1,1,5,5,4,2,16,6,3,10,1,1,B12,7,6,1,8,2,5,,6,6,1,22,8,B12,120.644795,24.183675,2
2022,9,21,18,30,臺中市,大雅區,0,2,0,8,1,5,50,4,1,1,5,4,5,7,4,4,10,4,5,2,17,6,2,9,1,1,F01,7,9,8,20,1,16,,6,6,1,22,9,F01,120.652239,24.223874,2
2022,9,21,18,32,臺中市,龍井區,0,0,0,8,,,30,,,,,,,,,,,,,,,23,,,,,B03,,,1,,11,,,23,,2,22,,B03,120.578028,24.181735,3
2022,9,21,18,34,臺中市,南屯區,0,0,0,8,,,50,,,,,,,,,,,,,,,23,,,,,B02,,,1,,2,,,23,,1,5,,B02,120.646965,24.145581,3
2022,9,21,18,38,臺中市,北屯區,0,0,0,8,,,80,,,,,,,,,,,,,,,16,,,,,B03,,,1,,1,,,16,,1,21,,B03,120.721581,24.182488,3
2022,9,21,18,40,臺中市,南區,0,1,0,8,3,5,50,4,1,1,5,4,5,7,2,1,10,5,5,2,16,42,3,10,1,1,C03,7,15,1,10,2,13,,42,42,1,21,8,C03,120.679398,24.124068,2
2022,9,21,18,47,臺中市,石岡區,0,1,0,8,3,5,40,14,8,1,5,4,5,7,4,4,10,4,4,1,16,6,3,10,1,1,B03,7,6,1,4,2,2,,6,6,1,5,1,B03,120.771741,24.27514,2
2022,9,21,18,48,臺中市,西屯區,0,2,0,8,3,5,50,4,1,1,5,4,5,7,4,4,10,5,5,2,15,6,2,9,1,1,C03,7,9,1,10,2,12,,6,6,1,22,5,C03,120.643661,24.192041,2
2022,9,21,18,56,臺中市,南屯區,0,0,0,8,,,50,,,,,,,,,,,,,,,12,,,,,B03,,,3,,11,,,12,,2,22,,B03,120.652206,24.140134,3
2022,9,21,18,57,臺中市,大雅區,0,0,0,8,,,50,,,,,,,,,,,,,,,18,,,,,B03,,,1,,1,,,18,,1,22,,B03,120.65529,24.220776,3
2022,9,21,19,5,臺中市,沙鹿區,0,0,0,8,,,40,,,,,,,,,,,,,,,19,,,,,B03,,,1,,2,,,19,,1,5,,B03,120.574475,24.228669,3
2022,9,21,19,8,臺中市,后里區,0,3,0,8,4,5,60,14,9,1,5,4,5,7,4,4,1,4,4,1,27,23,2,9,1,1,C03,7,9,1,10,2,11,,23,23,1,3,1,C03,120.722693,24.301936,2
2022,9,21,19,11,臺中市,北區,0,1,0,8,1,5,40,14,7,1,5,4,5,7,4,4,3,4,4,2,17,19,3,10,1,1,B03,7,1,1,8,2,15,,19,19,1,22,9,B03,120.694418,24.159898,2
2022,9,21,19,30,臺中市,太平區,0,0,0,8,,,50,,,,,,,,,,,,,,,19,,,,,B12,,,1,,2,,,19,,1,22,,B12,120.717929,24.156696,3
2022,9,21,19,49,臺中市,西區,0,0,0,8,,,50,,,,,,,,,,,,,,,23,,,,,B03,,,1,,1,,,23,,1,22,,B03,120.662609,24.155678,3
2022,9,21,19,55,臺中市,西區,0,1,0,8,3,5,50,5,1,1,5,4,5,7,1,1,10,5,5,2,17,19,3,10,1,1,B03,7,1,1,8,2,8,,19,19,1,4,8,B03,120.668527,24.132092,2
2022,9,21,19,59,臺中市,東勢區,0,1,0,8,3,5,50,14,9,1,5,4,5,7,4,4,5,4,5,1,17,40,3,10,1,1,B03,7,13,1,8,2,4,,40,40,1,22,9,B03,120.826601,24.25536,2
2022,9,21,20,0,臺中市,西屯區,0,0,0,8,,,50,,,,,,,,,,,,,,,12,,,,,B03,,,1,,2,,,12,,1,21,,B03,120.659038,24.194238,3
2022,9,21,20,12,臺中市,西屯區,0,0,0,,,,80,,,,,,,,,,,,,,,7,,,,,B03,,,1,,1,,,7,,1,22,,B03,120.634948,24.179291,3
2022,9,21,20,13,臺中市,豐原區,0,0,0,8,,,50,,,,,,,,,,,,,,,44,,,,,C03,,,1,,2,,,44,6,1,22,,C03,120.709297,24.249556,3
2022,9,21,20,21,臺中市,大甲區,0,1,0,8,3,5,50,4,1,1,5,4,5,7,1,1,10,5,5,2,13,23,2,1,3,1,F01,7,9,8,20,2,16,,23,23,1,4,8,F01,120.629645,24.345305,2
2022,9,21,20,25,臺中市,后里區,0,1,0,8,3,5,50,4,1,1,5,4,5,7,1,1,10,5,5,2,16,8,3,10,1,1,C03,7,5,1,10,2,11,,8,6,1,5,8,C03,120.722305,24.308898,2
2022,9,21,20,54,臺中市,南屯區,0,1,0,8,3,5,50,3,1,1,5,4,5,7,4,4,10,5,5,2,17,6,3,10,1,1,C03,7,5,3,18,2,12,,23,6,1,5,8,C03,120.652161,24.153598,2
2022,9,21,21,4,臺中市,大里區,0,0,0,8,,,50,,,,,,,,,,,,,,,26,,,,,B02,,,1,,2,,,26,,1,22,,B02,120.680581,24.115308,3
2022,9,21,21,5,臺中市,西屯區,0,1,0,8,3,5,40,14,7,1,5,4,5,7,4,4,5,5,4,2,16,10,3,10,1,1,B03,7,11,1,8,2,8,,10,10,1,22,8,B03,120.591276,24.176456,2
2022,9,21,21,21,臺中市,潭子區,0,1,0,8,3,5,50,4,1,1,5,4,5,7,4,4,9,4,5,2,15,6,3,10,1,1,B03,7,9,1,8,2,8,,14,6,1,22,8,B03,120.701762,24.189546,2
2022,9,21,21,29,臺中市,西區,0,0,0,8,3,5,50,4,1,1,5,4,5,7,1,1,10,5,5,2,13,23,,,,,B03,,,1,,1,,,23,,1,22,,B03,120.653955,24.148847,3
2022,9,21,21,42,臺中市,西屯區,0,0,0,8,,,1,,,,,,,,,,,,,,,12,,,,,B03,,,1,,1,,,12,,1,21,,B03,120.638075,24.155935,3
2022,9,21,21,45,臺中市,沙鹿區,0,0,0,8,,,60,,,,,,,,,,,,,,,26,,,,,B03,,,1,,2,,,26,,1,21,,B03,120.579046,24.250166,3
2022,9,21,21,46,臺中市,東區,0,2,0,8,3,5,50,14,9,1,5,4,5,7,4,4,3,4,5,2,13,23,2,9,1,1,C03,7,9,1,10,2,11,,23,23,1,20,8,C03,120.69937,24.132602,2
2022,9,21,22,13,臺中市,大雅區,0,1,0,8,3,5,50,14,8,1,5,4,5,7,4,4,5,2,4,1,17,43,,,,,,,,,,,,,43,43,2,,,,120.644263,24.206701,2
2022,9,21,22,43,臺中市,西屯區,0,1,0,8,3,5,50,5,1,1,5,4,5,7,1,1,3,4,4,2,16,43,3,10,1,1,B03,7,9,1,8,1,15,,43,43,1,22,8,B03,120.658781,24.176391,2
2022,9,21,23,14,臺中市,南屯區,0,0,0,8,,,50,,,,,,,,,,,,,,,16,,,,,B03,,,1,,1,,,16,16,1,22,,B03,120.623298,24.145203,3
2022,9,21,23,22,臺中市,東區,0,1,0,8,3,5,50,4,1,1,5,4,5,7,2,1,10,5,5,2,16,6,3,10,1,1,B03,7,6,3,18,2,2,,6,6,1,21,8,B03,120.698448,24.133066,2
2022,9,21,23,25,臺中市,北區,0,2,0,8,3,5,50,4,1,1,5,4,5,7,4,4,10,5,5,2,15,6,2,9,1,1,C03,7,9,1,10,2,11,,6,6,1,5,5,C03,120.683705,24.14686,2
2022,9,21,23,30,臺中市,西屯區,0,2,0,8,3,5,40,3,1,1,5,4,5,7,1,1,10,5,5,2,16,23,2,7,3,4,C03,7,9,1,10,2,14,,23,23,1,22,8,C03,120.61903,24.181075,2
2022,9,21,23,36,臺中市,北屯區,0,1,0,8,3,5,50,4,1,1,5,4,5,7,3,1,10,5,5,2,15,6,3,10,1,1,B12,7,9,1,8,2,8,,6,6,1,22,8,B12,120.704473,24.186576,2
2022,9,22,0,50,臺中市,豐原區,0,0,0,8,,,30,,,,,,,,,,,,,,,6,,,,,C03,,,1,,2,,,6,6,1,22,,C03,120.727306,24.259384,3
2022,9,22,1,50,臺中市,清水區,0,0,0,8,3,5,60,14,9,1,5,4,5,7,1,1,1,4,5,1,29,42,3,10,1,1,A41,7,9,1,1,1,9,,42,42,1,5,1,A41,120.549995,24.285056,3
2022,9,22,1,59,臺中市,西屯區,0,2,0,8,1,5,50,4,1,1,5,4,5,7,1,1,10,5,5,2,13,23,2,2,3,4,B03,7,9,1,8,5,1,,23,23,1,22,8,B03,120.663985,24.17224,2
2022,9,22,3,5,臺中市,大里區,0,1,0,8,3,5,30,14,9,1,5,4,2,7,4,4,10,4,5,1,26,21,2,9,1,1,C03,7,9,1,10,7,12,,21,21,1,5,8,C03,120.696081,24.119911,2
2022,9,22,4,30,臺中市,北屯區,0,1,0,8,3,5,40,14,8,1,5,4,5,6,4,4,5,4,4,2,17,23,2,9,1,1,C03,7,9,1,10,2,11,,23,23,1,22,8,C03,120.71887,24.172808,2
2022,9,22,5,4,臺中市,北區,0,1,0,8,3,5,30,3,1,1,5,4,5,7,4,4,1,4,5,2,17,23,2,9,1,1,C03,7,6,1,10,2,11,,23,23,1,22,9,C03,120.671754,24.172368,2
2022,9,22,5,25,臺中市,神岡區,0,0,0,8,,,30,,,,,,,,,,,,,,,23,,,,,B03,,,1,,2,,,23,,1,22,,B03,120.697493,24.248191,3
2022,9,22,6,40,臺中市,西屯區,0,0,0,8,,,50,,,,,,,,,,,,,,,7,,,,,B03,,,1,,2,,,7,,1,22,,B03,120.657706,24.201696,3
2022,9,22,6,45,臺中市,東區,0,1,0,8,1,5,50,4,7,1,5,4,5,7,1,1,9,4,4,2,12,23,2,9,1,1,C03,7,9,1,10,2,12,,23,23,1,5,1,C03,120.687403,24.130505,2
2022,9,22,6,50,臺中市,沙鹿區,0,0,0,,,,40,,,,,,,,,,,,,,,23,,,,,C03,,,1,,2,,,23,,1,22,,C03,120.588058,24.249844,3
2022,9,22,7,0,臺中市,大里區,0,1,0,8,1,5,30,3,1,1,5,4,5,7,4,4,10,5,5,2,16,5,2,8,1,1,C03,7,9,1,9,2,12,,5,5,1,22,8,C03,120.72931,24.089506,2
2022,9,22,7,3,臺中市,西區,0,2,0,8,1,5,50,5,1,1,5,4,5,7,2,1,10,5,5,2,16,25,2,9,1,1,C03,7,6,2,18,2,12,,25,25,1,5,5,C03,120.668807,24.132115,2
2022,9,22,7,4,臺中市,神岡區,0,1,0,8,1,5,50,5,1,1,5,4,5,7,1,1,1,4,5,1,17,25,3,10,3,4,B03,7,5,1,8,2,5,,25,25,1,22,9,B03,120.668507,24.278909,2
2022,9,22,7,7,臺中市,大甲區,0,2,0,8,1,5,30,3,1,1,5,4,5,7,4,4,10,5,5,2,16,6,3,10,1,1,B03,7,5,1,8,2,8,,6,6,1,21,8,B03,120.632831,24.402966,2
2022,9,22,7,8,臺中市,東區,0,1,0,8,1,5,50,14,9,1,5,4,5,7,4,4,9,5,5,2,16,7,3,10,1,1,B03,7,8,1,8,2,6,,7,7,2,22,8,B03,120.699738,24.136249,2
2022,9,22,7,11,臺中市,梧棲區,0,1,0,8,1,5,30,3,1,1,5,4,5,7,1,1,10,5,5,2,18,43,2,9,1,1,C03,7,5,1,10,2,15,,43,43,1,3,8,C03,120.53045,24.237225,2
2022,9,22,7,14,臺中市,大里區,0,0,0,8,,,50,,,,,,,,,,,,,,,16,,,,,C03,,,1,,2,,,16,,1,5,,C03,120.700386,24.110334,3
2022,9,22,7,15,臺中市,西屯區,0,1,0,8,1,5,50,5,1,1,5,4,5,7,1,1,10,5,5,2,13,16,2,9,1,1,C03,7,9,1,10,2,11,,16,16,1,4,8,C03,120.59472,24.190824,2
2022,9,22,7,17,臺中市,大里區,0,1,0,8,1,5,50,4,1,1,5,4,5,7,1,1,9,5,5,2,13,23,2,9,1,1,C03,7,9,1,10,2,11,,23,23,1,22,8,C03,120.695765,24.096461,2
2022,9,22,7,26,臺中市,清水區,0,0,0,8,,,60,,,,,,,,,,,,,,,23,,,,,B03,,,1,,2,,,23,,1,5,,B03,120.564363,24.27138,3
2022,9,22,7,27,臺中市,神岡區,0,0,0,8,,,50,,,,,,,,,,,,,,,16,,,,,B03,,,1,,1,,,16,,1,22,,B03,120.657758,24.277998,3
2022,9,22,7,34,臺中市,西屯區,0,1,0,8,1,5,30,4,1,1,5,4,5,7,4,4,10,5,5,2,16,6,3,10,1,1,C03,7,9,1,10,1,12,,6,6,1,4,8,C03,120.639548,24.180286,2
2022,9,22,7,35,臺中市,大甲區,0,0,0,8,,,50,,,,,,,,,,,,,,,44,,,,,B03,,,1,,2,,,44,,1,4,,B03,120.626313,24.345373,3
2022,9,22,7,37,臺中市,神岡區,0,2,0,8,1,5,50,14,9,1,5,4,5,7,4,4,9,5,5,1,12,17,3,10,3,4,B03,7,4,1,8,2,2,,17,17,1,22,9,B03,120.696988,24.256079,2
2022,9,22,7,38,臺中市,豐原區,0,1,0,8,1,5,50,14,7,1,5,4,5,7,4,4,5,5,4,2,13,16,2,9,3,4,C03,7,9,1,10,2,11,,16,16,1,22,8,C03,120.715005,24.246834,2
2022,9,22,7,41,臺中市,東勢區,0,1,0,8,1,5,50,14,9,1,5,4,5,7,4,4,5,4,5,1,17,26,3,10,1,1,B12,7,9,1,8,2,15,,26,26,1,22,9,B12,120.829188,24.254691,2
2022,9,22,7,44,臺中市,神岡區,0,1,0,8,1,5,50,15,9,1,5,4,5,7,3,1,5,5,5,1,17,26,3,10,1,1,B03,7,6,1,8,2,6,,27,26,1,22,8,B03,120.653173,24.25858,2
2022,9,22,7,46,臺中市,南屯區,0,0,0,8,1,3,60,14,7,1,5,4,5,7,4,4,1,3,1,2,13,23,3,10,1,1,B03,7,9,1,8,6,1,,23,23,1,22,8,B03,120.623263,24.148689,3
2022,9,22,7,46,臺中市,西屯區,0,0,0,8,,,50,,,,,,,,,,,,,,,42,,,,,B03,,,1,,1,,,42,,1,22,,B03,120.651334,24.162234,3
2022,9,22,7,47,臺中市,龍井區,0,2,0,8,1,5,50,14,5,1,5,4,5,7,4,4,5,5,5,1,17,26,2,8,3,4,C03,7,15,1,10,2,11,,26,26,1,21,9,C03,120.585377,24.185763,2
2022,9,22,7,48,臺中市,梧棲區,0,1,0,8,1,5,50,3,1,1,5,4,5,7,4,4,10,5,5,1,16,23,3,10,3,4,G03,7,6,3,18,2,5,,23,23,1,22,8,G03,120.531387,24.264667,2
2022,9,22,7,50,臺中市,中區,0,1,0,8,1,5,50,14,9,1,5,4,5,7,4,4,9,5,5,2,12,44,3,10,3,4,B03,7,9,1,8,2,2,,44,44,1,21,8,B03,120.684518,24.140792,2
2022,9,22,7,50,臺中市,北區,0,0,0,8,,,50,,,,,,,,,,,,,,,40,,,,,B03,,,8,,2,,,40,,1,22,,B03,120.67438,24.147522,3
2022,9,22,7,50,臺中市,龍井區,0,3,0,8,1,5,40,14,8,1,5,4,5,7,4,4,3,4,3,2,17,23,2,9,3,4,C03,7,9,1,10,2,11,,23,23,1,18,2,C03,120.581388,24.187222,2
2022,9,22,7,56,臺中市,大雅區,0,1,0,8,1,5,50,14,9,1,5,4,5,7,4,4,5,4,4,1,12,19,3,10,1,1,B03,7,1,6,18,2,4,,19,19,1,22,9,B03,120.643248,24.220039,2
2022,9,22,7,58,臺中市,沙鹿區,0,1,0,8,1,5,40,14,8,1,5,4,5,7,4,4,10,4,5,2,12,6,3,10,1,1,B12,7,6,1,7,2,5,,6,6,1,4,1,B12,120.575554,24.228221,2
2022,9,22,8,3,臺中市,大里區,0,1,0,8,1,5,50,3,1,1,5,4,5,7,4,4,9,5,5,1,13,23,3,10,1,1,C03,7,9,1,10,2,12,,23,23,1,22,8,C03,120.699958,24.080205,2
2022,9,22,8,9,臺中市,北區,0,3,0,8,1,5,40,3,2,1,5,4,5,7,1,1,1,4,4,2,16,6,2,9,1,1,C03,7,6,1,10,2,12,,6,6,1,21,8,C03,120.685093,24.157602,2
2022,9,22,8,10,臺中市,清水區,0,0,0,8,,,30,,,,,,,,,,,,,,,6,,,,,B03,,,1,,1,,,6,,1,21,,B03,120.552533,24.294823,3
2022,9,22,8,12,臺中市,梧棲區,0,1,0,8,1,5,70,4,1,1,5,4,5,7,1,1,10,5,5,1,21,23,2,9,3,4,A41,7,7,1,1,2,2,,23,23,1,22,8,A41,120.532344,24.272115,2
2022,9,22,8,14,臺中市,西屯區,0,0,0,8,,,50,,,,,,,,,,,,,,,7,,,,,B03,,,1,,11,,,7,,1,22,,B03,120.643397,24.159799,3
2022,9,22,8,15,臺中市,東區,0,0,0,8,1,5,50,14,9,1,5,4,5,7,4,4,9,4,5,2,17,23,3,10,1,1,B03,7,15,1,8,11,2,,23,23,1,22,8,B03,120.690742,24.144353,3
2022,9,22,8,20,臺中市,西區,0,1,0,8,1,5,50,3,2,1,5,4,5,7,4,4,5,2,4,1,17,42,2,9,1,1,C03,7,9,1,10,2,14,,42,42,1,21,8,C03,120.655872,24.134801,2
2022,9,22,8,20,臺中市,東區,0,0,0,8,,,50,,,,,,,,,,,,,,,23,,,,,B03,,,1,,2,,,23,,1,22,,B03,120.700443,24.125227,3
2022,9,22,8,20,臺中市,東區,0,2,0,8,1,5,50,5,1,1,5,4,5,7,1,1,10,5,5,2,13,23,2,8,1,1,C03,7,9,1,10,2,12,,23,23,1,22,8,C03,120.702517,24.13155,2
2022,9,22,8,21,臺中市,南區,0,1,0,8,1,5,30,3,1,1,5,4,5,7,4,4,10,5,5,2,16,19,3,10,1,1,B03,7,1,1,8,2,7,,19,19,1,5,8,B03,120.649644,24.113422,2
2022,9,22,8,22,臺中市,北區,0,1,0,8,1,5,50,14,7,1,5,4,5,7,2,1,2,4,4,2,23,26,2,9,1,1,C03,7,9,1,10,2,14,,26,26,1,22,8,C03,120.683346,24.148066,2
2022,9,22,8,32,臺中市,西區,0,0,0,,,,50,,,,,,,,,,,,,,,7,,,,,B03,,,1,,2,,,7,,1,21,,B03,120.661743,24.16016,3
2022,9,22,8,32,臺中市,大里區,0,0,0,8,,,50,,,,,,,,,,,,,,,23,,,,,B03,,,1,,2,,,23,23,1,5,,B03,120.663916,24.083541,3
2022,9,22,8,32,臺中市,沙鹿區,0,1,0,8,1,5,50,3,1,1,5,4,5,7,4,4,10,5,5,2,16,26,2,8,1,1,C03,7,4,1,10,2,12,,26,26,1,21,8,C03,120.560006,24.238967,2
2022,9,22,8,34,臺中市,霧峰區,0,1,0,8,1,5,40,3,2,1,5,4,5,7,3,1,5,5,5,1,12,7,2,9,1,1,C03,7,7,1,10,2,14,,7,7,1,22,8,C03,120.706063,24.073068,2
2022,9,22,8,36,臺中市,潭子區,0,0,0,8,,,40,,,,,,,,,,,,,,,23,,,,,B03,,,1,,2,,,23,,1,22,,B03,120.696555,24.201,3
2022,9,22,8,45,臺中市,太平區,0,0,0,8,,,50,,,,,,,,,,,,,,,19,,,,,B03,,,1,,2,,,19,,1,5,,B03,120.720482,24.133655,3
2022,9,22,8,48,臺中市,沙鹿區,0,2,0,8,1,5,30,12,9,1,5,4,5,7,4,4,10,5,5,1,17,23,2,9,3,4,C03,7,9,1,10,2,11,,23,23,1,22,8,C03,120.595383,24.221699,2
2022,9,22,8,55,臺中市,北區,0,2,0,8,1,5,50,5,1,1,5,4,5,7,1,1,1,4,5,2,16,6,3,10,1,1,B12,7,5,1,2,2,8,,6,6,1,21,8,B12,120.686252,24.15482,2
2022,9,22,8,56,臺中市,神岡區,0,1,0,8,1,5,1,4,1,1,5,4,5,7,4,4,5,4,4,1,17,19,3,10,3,4,B11,7,1,1,8,2,4,,19,19,1,22,9,B11,120.671822,24.256479,2
2022,9,22,9,0,臺中市,大里區,0,2,0,8,1,5,50,14,7,1,5,4,5,7,4,4,5,4,4,1,17,26,2,8,1,1,C03,7,1,1,10,2,12,,26,26,1,22,8,C03,120.685672,24.110405,2
2022,9,22,9,4,臺中市,大里區,0,0,0,8,,,40,,,,,,,,,,,,,,,38,,,,,B12,,,1,,2,,,38,,1,22,,B12,120.708625,24.103391,3
2022,9,22,9,20,臺中市,南區,0,1,0,8,1,5,50,5,1,1,5,4,5,7,1,1,10,5,5,2,17,23,2,9,1,1,C03,7,6,1,10,2,11,,23,23,1,5,8,C03,120.674465,24.128144,2
2022,9,22,9,30,臺中市,西屯區,0,1,0,8,1,5,50,11,9,1,5,4,5,7,4,4,4,3,5,2,18,42,2,9,1,1,C03,7,5,1,10,2,14,,42,42,1,22,8,C03,120.636819,24.179816,2
2022,9,22,9,33,臺中市,烏日區,0,0,0,8,,,60,,,,,,,,,,,,,,,26,,,,,B03,,,1,,2,,,26,,1,21,,B03,120.631177,24.104977,3
2022,9,22,9,35,臺中市,西屯區,0,2,0,8,1,5,50,14,9,1,5,4,5,7,4,4,10,5,5,2,3,23,2,7,1,1,C03,7,9,1,10,2,11,,23,23,1,22,8,C03,120.642738,24.1817,2
2022,9,22,9,36,臺中市,大里區,0,2,0,8,1,5,30,4,1,1,5,4,5,7,4,4,10,5,5,2,15,6,2,8,1,1,C03,7,9,1,10,2,11,,6,6,1,18,2,C03,120.691287,24.120073,2
2022,9,22,9,40,臺中市,大里區,0,0,0,8,,,50,,,,,,,,,,,,,,,6,,,,,C03,,,1,,2,,,6,,1,22,,C03,120.697913,24.090021,3
2022,9,22,9,49,臺中市,西區,0,1,0,8,1,5,50,4,1,1,5,4,5,7,4,4,5,5,5,1,15,6,3,10,1,1,B03,7,9,1,8,2,6,,6,6,1,21,8,B03,120.658721,24.139566,2
2022,9,22,9,56,臺中市,西屯區,0,0,0,8,,,50,,,,,,,,,,,,,,,17,,,,,B03,,,1,,1,,,17,,1,22,,B03,120.614123,24.183851,3
2022,9,22,10,8,臺中市,東區,0,0,0,8,,,50,,,,,,,,,,,,,,,16,,,,,B03,,,1,,2,,,16,,1,22,,B03,120.699664,24.144665,3
2022,9,22,10,9,臺中市,北區,0,0,0,8,,,50,,,,,,,,,,,,,,,23,,,,,B03,,,1,,11,,,23,23,1,22,,B03,120.689531,24.157196,3