年,月,日,時,分,縣市,區,死,受傷,2-30,天候,光線,道路類別,速限,道路型態,事故位置,路面鋪裝,路面狀態,路面缺陷,障礙物,視距,號誌種類,號誌動作,分向設施,快車道或一般車道間,快慢車道間,路面邊線,事故類型及型態,主要肇因,受傷程度,主要傷處,保護裝備,行動電話,當事者區分,車輛用途,當事者行動狀態,駕駛資格情形,駕駛執照種類,飲酒情形,車輛撞擊部位最初,車輛撞擊部位其他,肇事因素個別,肇事因素主要,肇事逃逸,職業,旅次目的,車種,GPS緯度,GPS經度,事故類別
2022,9,22,10,13,臺中市,霧峰區,0,1,0,8,1,5,50,4,1,1,5,4,5,7,1,1,9,5,4,2,16,6,3,10,1,1,B03,7,9,1,8,2,2,,6,6,1,22,8,B03,120.696715,24.060923,2
2022,9,22,10,35,臺中市,豐原區,0,0,0,8,,,60,,,,,,,,,,,,,,,12,,,,,B03,,,1,,2,,,12,,1,22,,B03,120.734709,24.246771,3
2022,9,22,10,38,臺中市,北區,0,1,0,8,1,5,50,5,1,1,5,4,5,7,2,1,2,4,5,2,16,26,2,9,1,1,C03,7,9,1,10,2,14,,26,26,1,22,8,C03,120.686216,24.154874,2
2022,9,22,10,43,臺中市,沙鹿區,0,1,0,8,1,5,40,3,1,1,5,4,5,7,4,4,1,4,1,2,16,6,3,10,1,1,B03,7,6,1,8,2,6,,6,6,1,18,8,B03,120.579002,24.222665,2
2022,9,22,10,43,臺中市,大甲區,0,0,0,,,,40,,,,,,,,,,,,,,,44,,,,,B03,,,1,,1,,,44,,1,22,,B03,120.627746,24.347894,3
2022,9,22,10,54,臺中市,大里區,0,1,0,8,1,5,50,4,1,1,5,4,5,7,1,1,10,5,5,2,16,6,3,10,1,1,B12,7,6,1,8,2,5,,6,6,1,22,8,B12,120.709059,24.082369,2
2022,9,22,11,0,臺中市,北區,0,0,0,8,,,50,,,,,,,,,,,,,,,26,,,,,B12,,,1,,2,,,26,,1,22,,B12,120.677303,24.151254,3
2022,9,22,11,0,臺中市,神岡區,0,0,0,8,,,30,,,,,,,,,,,,,,,42,,,,,A12,,,1,,1,,,42,,1,22,,A12,120.66797,24.269624,3
2022,9,22,11,1,臺中市,西屯區,0,0,0,8,,,50,,,,,,,,,,,,,,,12,,,,,B03,,,1,,1,,,12,,1,22,,B03,120.622915,24.185786,3
2022,9,22,11,5,臺中市,大雅區,0,0,0,8,,,50,,,,,,,,,,,,,,,26,,,,,B12,,,1,,2,,,26,,1,22,,B12,120.65438,24.229406,3
2022,9,22,11,5,臺中市,太平區,0,0,0,8,,,80,,,,,,,,,,,,,,,43,,,,,B03,,,1,,11,,,43,,1,22,,B03,120.718005,24.159711,3
2022,9,22,11,14,臺中市,西屯區,0,0,0,8,,,80,,,,,,,,,,,,,,,43,,,,,B03,,,1,,11,,,43,,1,20,,B03,120.635909,24.183191,3
2022,9,22,11,20,臺中市,豐原區,0,1,0,8,1,5,50,4,1,1,5,4,5,7,1,1,10,5,5,2,17,8,3,10,1,1,C03,7,5,1,10,2,14,,8,8,1,22,8,C03,120.720597,24.258917,2
2022,9,22,11,24,臺中市,豐原區,0,0,0,8,,,30,,,,,,,,,,,,,,,12,,,,,B03,,,1,,9,,,12,12,2,22,,B03,120.73033,24.248625,3
2022,9,22,11,31,臺中市,西屯區,0,3,0,8,1,5,50,4,1,1,5,4,5,7,1,1,4,3,4,2,16,7,2,9,1,1,C03,7,8,1,10,1,12,,7,7,1,22,8,C03,120.634586,24.165252,2
2022,9,22,11,34,臺中市,霧峰區,0,3,0,8,1,5,30,4,1,1,5,4,5,7,4,4,10,5,5,1,16,6,2,9,1,1,C03,7,9,1,10,2,11,,6,6,1,22,8,C03,120.687328,24.051471,2
2022,9,22,11,45,臺中市,潭子區,0,1,0,8,1,5,30,5,1,1,5,4,5,7,4,4,10,5,5,2,17,19,3,10,1,1,B03,7,1,1,8,2,1,,19,19,1,22,8,B03,120.686496,24.216046,2
2022,9,22,11,45,臺中市,大雅區,0,0,0,8,,,60,,,,,,,,,,,,,,,7,,,,,B03,,,1,,2,,,7,,1,22,,B03,120.650213,24.211985,3
2022,9,22,11,45,臺中市,西區,0,0,0,,,,50,,,,,,,,,,,,,,,6,,,,,B03,,,1,,1,,,6,,1,5,,B03,120.675422,24.133556,3
2022,9,22,11,47,臺中市,烏日區,0,1,0,8,1,5,70,3,1,1,5,4,5,7,2,1,10,5,5,2,17,9,3,10,1,1,C03,7,6,1,10,2,15,,9,9,1,21,1,C03,120.592978,24.113071,2
2022,9,22,11,56,臺中市,北區,0,1,0,8,1,5,50,4,1,1,5,4,5,7,2,1,3,4,5,2,16,23,2,7,1,1,C03,7,9,1,10,2,14,,23,23,1,22,8,C03,120.684965,24.159398,2
2022,9,22,12,0,臺中市,西區,0,2,0,8,1,5,50,4,1,1,5,4,5,7,1,1,9,2,4,1,15,25,2,9,1,1,C03,7,9,1,10,2,11,,25,25,1,21,8,C03,120.668339,24.139714,2
2022,9,22,12,1,臺中市,北屯區,0,2,0,8,1,5,50,4,1,1,5,4,5,7,1,1,10,5,5,2,15,43,2,8,1,1,C03,7,9,1,10,2,11,,43,43,1,21,8,C03,120.680458,24.170053,2
2022,9,22,12,2,臺中市,豐原區,0,0,0,8,,,50,,,,,,,,,,,,,,,42,,,,,A41,,,1,,2,,,42,,1,22,,A41,120.702921,24.242065,4
2022,9,22,12,5,臺中市,霧峰區,0,1,0,8,1,5,60,4,1,1,5,4,5,7,1,1,10,5,5,2,16,6,3,10,1,1,B03,7,6,1,8,2,2,,6,6,1,22,8,B03,120.691951,24.041142,2
2022,9,22,12,9,臺中市,西屯區,0,2,0,8,1,5,50,3,1,5,5,4,5,7,3,1,10,5,5,2,16,6,2,9,1,1,C03,7,5,1,10,2,11,,6,6,1,22,8,C03,120.64292,24.187228,2
2022,9,22,12,9,臺中市,豐原區,0,1,0,8,1,5,50,4,1,1,5,4,5,7,1,1,10,5,5,2,15,25,3,10,1,1,B03,7,9,1,8,2,1,,25,25,1,22,8,B03,120.728578,24.251076,2
2022,9,22,12,10,臺中市,豐原區,0,1,0,8,1,5,40,12,7,1,5,4,5,7,4,4,5,4,4,2,16,10,3,10,1,1,B03,7,11,1,8,2,4,,10,10,1,22,8,B03,120.705659,24.253016,2
2022,9,22,12,21,臺中市,北區,0,0,0,8,,,50,,,,,,,,,,,,,,,12,,,,,B12,,,1,,11,,,12,,1,20,,B12,120.668918,24.172732,3
2022,9,22,12,22,臺中市,沙鹿區,0,1,0,8,1,5,30,4,2,1,5,4,5,7,4,4,10,5,5,1,17,6,2,9,3,4,C03,7,9,1,10,2,12,,6,6,1,22,8,C03,120.579155,24.224638,2
2022,9,22,12,33,臺中市,潭子區,0,3,0,8,1,5,50,4,1,1,5,4,5,7,1,1,10,5,5,2,16,16,2,9,1,1,C03,7,9,1,10,2,11,,16,16,1,22,8,C03,120.707407,24.211169,2
2022,9,22,12,39,臺中市,西區,0,2,0,8,1,5,50,4,9,1,5,4,5,7,4,4,9,5,5,1,16,6,2,8,1,1,C03,7,9,1,10,2,14,,6,6,1,21,8,C03,120.681345,24.142198,2
2022,9,22,12,41,臺中市,東區,0,0,0,,,,50,,,,,,,,,,,,,,,6,,,,,B03,,,1,,2,,,6,,1,5,,B03,120.691669,24.130369,3
2022,9,22,12,48,臺中市,西屯區,0,1,0,8,1,5,50,4,1,1,5,4,5,7,1,1,4,3,4,2,16,6,3,10,1,1,B03,7,5,1,8,2,2,,6,6,1,22,8,B03,120.654069,24.164859,2
2022,9,22,12,50,臺中市,西區,0,0,0,8,,,40,,,,,,,,,,,,,,,23,,,,,B03,,,1,8,1,,,23,23,1,22,,B03,120.660515,24.156943,3
2022,9,22,12,50,臺中市,北區,0,1,0,8,1,5,50,4,1,1,5,4,5,7,1,1,10,5,5,2,13,23,2,9,1,1,C03,7,9,3,18,11,11,,23,23,1,22,9,C03,120.679821,24.148156,2
2022,9,22,12,50,臺中市,南區,0,1,0,8,1,5,50,4,1,1,5,4,5,7,4,4,10,5,5,2,15,6,2,9,1,1,C03,7,9,1,10,2,12,,6,6,1,22,8,C03,120.682579,24.124907,2
2022,9,22,12,55,臺中市,西屯區,0,2,0,8,1,5,30,3,1,1,5,4,5,7,4,4,10,5,5,2,16,6,2,9,1,1,C03,7,5,1,10,2,11,,6,6,1,22,8,C03,120.647691,24.175868,2
2022,9,22,13,4,臺中市,太平區,0,0,0,,,,50,,,,,,,,,,,,,,,7,,,,,B03,,,1,,2,,,7,,1,4,,B03,120.709891,24.127491,3
2022,9,22,13,13,臺中市,西區,0,0,0,,,,50,,,,,,,,,,,,,,,23,,,,,C03,,,1,,1,,,23,,1,5,,C03,120.663095,24.13797,3
2022,9,22,13,16,臺中市,西屯區,0,0,0,8,,,50,,,,,,,,,,,,,,,16,,,,,B03,,,3,,2,,,16,,1,4,,B03,120.648854,24.1749,3
2022,9,22,13,22,臺中市,豐原區,0,0,0,8,,,30,,,,,,,,,,,,,,,23,,,,,B03,,,1,,2,,,23,23,1,22,,B03,120.718184,24.251664,3
2022,9,22,13,30,臺中市,大里區,0,0,0,8,,,50,,,,,,,,,,,,,,,33,,,,,A11,,,1,,2,,,33,,1,21,,A11,120.692445,24.118246,3
2022,9,22,13,35,臺中市,龍井區,0,0,0,8,1,5,50,14,9,1,5,4,5,7,4,4,5,5,5,1,13,23,,,,,C03,,,1,,2,,,23,,1,22,,C03,120.586843,24.181377,3
2022,9,22,13,41,臺中市,西屯區,0,0,0,,,,60,,,,,,,,,,,,,,,38,,,,,B12,,,1,,1,,,38,,1,22,,B12,120.637876,24.187586,3
2022,9,22,13,53,臺中市,西區,0,2,0,8,1,5,50,4,1,1,5,4,4,7,1,1,10,5,5,2,16,6,2,9,1,1,C03,7,5,1,10,2,12,,6,6,1,21,8,C03,120.657829,24.146712,2
2022,9,22,13,54,臺中市,沙鹿區,0,0,0,,,,50,,,,,,,,,,,,,,,12,,,,,B03,,,1,,2,,,12,,1,22,,B03,120.560164,24.238528,3
2022,9,22,13,58,臺中市,西區,0,0,0,8,,,50,,,,,,,,,,,,,,,7,,,,,B03,,,1,8,1,,,7,7,1,22,,B03,120.660998,24.1588,3
2022,9,22,14,3,臺中市,梧棲區,0,1,0,8,1,5,40,4,1,1,5,4,5,7,1,1,10,5,5,2,16,10,3,10,1,1,B11,7,11,1,7,2,8,,10,10,1,12,8,B11,120.543046,24.222187,2
2022,9,22,14,20,臺中市,北區,0,0,0,8,,,50,,,,,,,,,,,,,,,23,,,,,B03,,,1,,1,,,23,,1,22,,B03,120.6901,24.158352,3
2022,9,22,14,30,臺中市,太平區,0,1,0,8,1,5,40,4,1,1,5,4,5,7,2,1,10,5,5,2,16,26,2,9,1,1,C03,7,9,1,10,11,14,,26,26,2,22,8,C03,120.721308,24.120013,2
2022,9,22,14,35,臺中市,大里區,0,0,0,8,,,30,,,,,,,,,,,,,,,17,,,,,B12,,,1,,2,,,17,,1,22,,B12,120.669814,24.10692,3
2022,9,22,14,55,臺中市,沙鹿區,0,2,0,8,1,5,50,14,9,1,5,4,5,7,4,4,4,1,5,2,11,26,2,8,1,1,C03,7,5,1,10,2,12,,26,26,1,18,8,C03,120.554321,24.23123,2
2022,9,22,15,0,臺中市,南區,0,1,0,8,1,5,40,14,7,1,5,4,5,7,4,4,9,5,4,2,16,19,3,10,1,1,B03,7,1,1,8,2,4,,19,19,1,22,8,B03,120.650575,24.120391,2
2022,9,22,15,0,臺中市,北屯區,0,1,0,8,1,5,50,4,1,1,5,4,5,7,1,1,10,5,5,2,12,10,3,10,1,1,B03,7,11,1,8,2,7,,10,10,1,5,8,B03,120.691153,24.175289,2
2022,9,22,15,0,臺中市,霧峰區,0,0,0,8,,,30,,,,,,,,,,,,,,,42,,,,,B12,,,1,,2,,,42,,1,21,,B12,120.693667,24.020167,3
2022,9,22,15,0,臺中市,梧棲區,0,1,0,8,1,5,50,4,1,1,5,4,5,7,1,1,10,5,5,2,17,25,3,10,1,1,C03,7,5,1,10,2,15,,25,25,1,19,8,C03,120.542149,24.240682,2
2022,9,22,15,1,臺中市,西屯區,0,0,0,8,,,50,,,,,,,,,,,,,,,19,,,,,B03,,,1,,2,,,19,,1,22,,B03,120.656015,24.165463,3
2022,9,22,15,5,臺中市,大里區,0,0,0,8,,,50,,,,,,,,,,,,,,,23,,,,,B02,,,1,,2,,,23,,1,22,,B02,120.718668,24.100249,3
2022,9,22,15,8,臺中市,龍井區,0,0,0,8,,,30,,,,,,,,,,,,,,,12,,,,,B12,,,1,,2,,,12,,1,9,,B12,120.58,24.18,3
2022,9,22,15,10,臺中市,外埔區,0,0,0,8,,,50,,,,,,,,,,,,,,,19,,,,,B12,,,1,,2,,,19,,1,22,,B12,120.658322,24.338874,3
2022,9,22,15,24,臺中市,西屯區,0,1,0,8,1,5,1,15,20,2,5,4,5,7,4,4,1,4,1,1,17,42,2,9,1,1,C03,7,9,1,10,2,11,,42,42,1,1,9,C03,120.615946,24.182604,2
2022,9,22,15,26,臺中市,西屯區,0,2,0,8,1,5,40,4,1,1,5,4,5,7,1,1,1,4,5,2,16,6,3,10,1,1,B03,7,6,1,8,2,5,,6,6,1,22,8,B03,120.652923,24.160758,2
2022,9,22,15,29,臺中市,西區,0,0,0,8,,,50,,,,,,,,,,,,,,,23,,,,,B12,,,1,8,1,,,23,23,1,22,,B12,120.661559,24.148189,3
2022,9,22,15,30,臺中市,大雅區,0,0,0,8,,,30,,,,,,,,,,,,,,,23,,,,,B02,,,1,,11,,,23,,1,22,,B02,120.628889,24.239388,3
2022,9,22,15,30,臺中市,北區,0,2,0,8,1,5,30,4,1,1,5,4,5,7,4,4,5,5,5,2,15,6,2,9,1,1,C03,7,9,1,10,2,12,,6,6,1,22,8,C03,120.679275,24.152817,2
2022,9,22,15,30,臺中市,南區,0,0,0,8,,,50,,,,,,,,,,,,,,,23,,,,,B03,,,1,,11,,,23,,1,22,,B03,120.666922,24.118438,3
2022,9,22,15,40,臺中市,北區,0,0,0,8,,,30,,,,,,,,,,,,,,,43,,,,,B03,,,1,,1,,,43,,1,22,,B03,120.694017,24.155708,3
2022,9,22,15,46,臺中市,潭子區,0,1,0,8,1,5,50,14,9,1,5,4,1,7,4,4,9,4,5,2,12,23,3,10,1,1,B12,7,9,1,8,2,2,,23,17,1,22,8,B12,120.702647,24.207226,2
2022,9,22,15,49,臺中市,清水區,0,2,0,8,1,5,30,14,9,1,5,4,5,7,4,4,10,5,5,1,11,23,3,10,1,1,B12,7,9,1,8,2,8,,23,23,1,5,1,B12,120.594768,24.296094,2
2022,9,22,16,3,臺中市,西屯區,0,0,0,8,,,50,,,,,,,,,,,,,,,23,,,,,B12,,,1,,11,,,23,23,1,22,,B12,120.663673,24.173373,3
2022,9,22,16,5,臺中市,西屯區,0,2,0,8,1,5,30,4,1,1,5,4,5,7,4,4,10,5,5,2,16,6,2,9,3,4,C03,7,9,1,10,2,11,,6,6,1,22,8,C03,120.647946,24.182721,2
2022,9,22,16,10,臺中市,北屯區,0,1,0,8,1,5,50,4,1,1,5,4,5,7,1,1,10,5,5,2,18,13,3,10,1,1,B12,7,6,1,8,2,15,,44,13,1,22,8,B12,120.72713,24.173982,2
2022,9,22,16,14,臺中市,西區,0,0,0,,,,50,,,,,,,,,,,,,,,26,,,,,C03,,,4,,1,,,26,,1,5,,C03,120.676126,24.135716,3
2022,9,22,16,15,臺中市,梧棲區,0,0,0,8,,,40,,,,,,,,,,,,,,,23,,,,,B12,,,1,,2,,,23,,1,12,,B12,120.537161,24.251296,3
2022,9,22,16,20,臺中市,豐原區,0,1,0,8,1,5,50,14,7,1,5,4,5,7,4,4,5,4,4,2,17,19,3,10,1,1,C03,7,1,1,10,2,11,,19,19,1,20,8,C03,120.725002,24.251496,2
2022,9,22,16,23,臺中市,西屯區,0,0,0,8,,,80,,,,,,,,,,,,,,,23,,,,,B03,,,1,,1,,,23,,1,22,,B03,120.622994,24.148245,3
2022,9,22,16,30,臺中市,西區,0,0,0,8,,,50,,,,,,,,,,,,,,,17,,,,,B03,,,1,,2,,,17,,1,21,,B03,120.657995,24.156449,3
2022,9,22,16,37,臺中市,中區,0,2,0,8,1,5,50,5,1,1,5,4,5,7,1,1,10,5,5,2,15,42,2,9,1,1,C03,7,9,1,10,2,12,,42,25,1,21,8,C03,120.681796,24.144577,2
2022,9,22,16,41,臺中市,西屯區,0,1,0,8,1,5,50,4,1,1,5,4,5,7,1,1,10,5,5,2,14,12,3,10,1,1,B03,7,2,1,8,2,3,,12,12,1,22,5,B03,120.608866,24.155672,2
2022,9,22,16,45,臺中市,西區,0,1,0,8,1,5,50,4,1,1,5,4,5,7,1,1,10,5,5,2,16,6,3,10,1,1,B12,7,5,1,7,2,5,,6,6,1,22,7,B12,120.658865,24.15087,2
2022,9,22,16,46,臺中市,西屯區,0,0,0,8,,,50,,,,,,,,,,,,,,,7,,,,,C03,,,1,,1,,,7,,1,22,,C03,120.6496,24.162315,3
2022,9,22,16,49,臺中市,太平區,0,0,0,8,,,30,,,,,,,,,,,,,,,23,,,,,C03,,,1,,2,,,23,,1,18,,C03,120.727317,24.145699,3
2022,9,22,16,54,臺中市,西區,0,2,0,8,2,5,50,14,9,1,5,4,5,7,4,4,5,4,5,2,16,26,2,9,1,1,C03,7,5,1,10,2,12,,26,26,1,22,8,C03,120.673969,24.143088,2
2022,9,22,16,56,臺中市,大里區,0,2,0,8,1,5,50,3,1,1,5,4,5,7,1,1,10,5,5,2,13,23,2,9,3,4,C03,7,9,1,10,2,11,,23,23,1,22,8,C03,120.710581,24.090431,2
2022,9,22,16,59,臺中市,南區,0,1,0,8,1,5,50,4,1,1,5,4,5,7,1,1,10,5,5,2,16,6,3,10,1,1,C03,7,5,1,10,2,11,,6,6,1,22,8,C03,120.668358,24.114575,2
2022,9,22,17,0,臺中市,大肚區,0,0,0,,,,60,,,,,,,,,,,,,,,23,,,,,B12,,,1,,2,,,23,,1,21,,B12,120.546844,24.145835,3
2022,9,22,17,2,臺中市,北屯區,0,2,0,8,1,5,50,14,8,1,5,4,5,7,4,4,9,5,4,2,13,16,2,9,1,1,C03,7,9,1,10,2,11,,16,16,1,21,8,C03,120.684933,24.17594,2
2022,9,22,17,5,臺中市,烏日區,0,1,0,8,1,5,50,5,1,1,5,4,5,7,2,1,10,5,5,2,16,8,2,8,1,1,C03,7,5,1,10,2,14,,8,8,1,18,8,C03,120.62734,24.10404,2
2022,9,22,17,6,臺中市,南區,0,2,0,8,1,5,30,4,1,1,5,4,5,7,4,4,10,5,5,2,15,6,2,8,1,1,C03,7,9,1,10,2,14,,6,6,1,5,8,C03,120.674249,24.131305,2
2022,9,22,17,7,臺中市,龍井區,0,1,0,8,1,5,50,4,1,1,5,4,5,7,1,1,10,5,5,2,17,6,2,9,1,1,C03,7,5,1,10,2,11,,6,6,1,18,8,C03,120.58409,24.182019,2
2022,9,22,17,12,臺中市,北區,0,1,0,8,3,5,50,4,1,1,5,4,5,7,1,1,5,5,5,2,13,23,2,9,1,1,C03,7,9,1,10,2,11,,23,23,1,21,8,C03,120.675448,24.148926,2
2022,9,22,17,12,臺中市,西屯區,0,2,0,8,1,5,40,14,18,1,5,4,5,7,4,4,5,5,4,2,3,15,2,9,1,1,C03,7,9,1,10,2,11,,15,15,1,22,8,C03,120.643205,24.18726,2
2022,9,22,17,12,臺中市,龍井區,0,0,0,8,,,30,,,,,,,,,,,,,,,67,,,,,,,,,,,,,67,,1,,,,120.59,24.18,3
2022,9,22,17,12,臺中市,豐原區,0,2,0,8,1,5,30,4,1,1,5,4,5,7,4,4,10,5,5,2,15,6,3,10,1,1,C03,7,9,1,10,2,13,,6,6,1,22,8,C03,120.717594,24.25274,2
2022,9,22,17,14,臺中市,北屯區,0,3,0,8,1,5,50,3,1,1,5,4,5,7,4,4,10,5,5,2,13,16,2,9,1,1,C03,7,9,1,10,2,11,,16,16,1,21,8,C03,120.710428,24.181483,2
2022,9,22,17,15,臺中市,外埔區,0,1,0,8,2,5,30,4,2,1,5,4,5,7,4,4,10,5,5,2,14,12,3,10,1,1,B03,7,2,1,8,2,7,,12,12,1,20,8,B03,120.638311,24.342077,2
2022,9,22,17,16,臺中市,大雅區,0,1,0,8,1,5,50,14,8,1,5,4,5,7,4,4,1,4,4,2,17,23,2,9,1,1,C03,7,9,1,10,2,11,,23,23,1,22,9,C03,120.651013,24.209309,2
2022,9,22,17,17,臺中市,南區,0,0,0,8,,,50,,,,,,,,,,,,,,,23,,,,,B03,,,1,,2,,,23,,1,22,,B03,120.66049,24.113475,3
2022,9,22,17,19,臺中市,南屯區,0,1,0,8,2,5,50,4,1,1,5,4,5,7,2,1,10,5,5,2,15,25,2,9,1,1,C03,7,9,1,10,2,11,,25,25,1,5,8,C03,120.631748,24.125647,2
2022,9,22,17,20,臺中市,霧峰區,0,1,0,8,1,5,50,14,7,1,5,4,5,7,4,4,5,4,4,2,17,23,3,10,3,4,B03,7,9,1,8,2,1,,23,23,1,21,5,B03,120.675377,24.048799,2
2022,9,22,17,20,臺中市,烏日區,0,2,0,8,1,5,30,3,2,1,5,4,5,5,4,4,10,5,5,2,16,6,2,9,1,1,C03,7,5,1,10,2,12,,6,6,1,21,8,C03,120.641561,24.109849,2
2022,9,22,17,26,臺中市,北區,0,2,0,8,1,5,50,3,1,1,5,4,5,7,4,4,5,5,5,2,16,23,2,8,1,1,C03,7,6,2,18,2,11,,23,23,1,22,8,C03,120.679955,24.157581,2
2022,9,22,17,28,臺中市,大里區,0,1,0,8,1,5,50,4,1,1,5,4,5,7,4,4,10,5,5,2,13,16,2,9,3,4,C03,7,9,1,10,2,11,,16,16,1,18,8,C03,120.698702,24.095808,2
2022,9,22,17,29,臺中市,東區,0,1,0,8,1,5,50,14,7,1,5,4,5,7,4,4,1,2,4,2,16,23,2,9,1,1,C03,7,9,1,10,2,11,,23,23,1,22,8,C03,120.697494,24.146752,2
2022,9,22,17,30,臺中市,豐原區,0,0,0,8,,,50,,,,,,,,,,,,,,,23,,,,,A41,,,1,,2,,,23,,1,22,,A41,120.70324,24.23821,3
2022,9,22,17,35,臺中市,中區,0,0,0,,,,50,,,,,,,,,,,,,,,23,,,,,B03,,,1,,2,,,23,,1,22,,B03,120.678841,24.147558,3
2022,9,22,17,35,臺中市,沙鹿區,0,0,0,8,1,5,60,14,7,1,5,4,5,7,4,4,1,2,1,1,13,16,,,,,B03,,,1,,1,,,16,,1,3,,B03,120.581243,24.250095,3
2022,9,22,17,36,臺中市,大里區,0,0,0,8,,,50,,,,,,,,,,,,,,,6,,,,,B03,,,1,,2,,,6,,1,22,,B03,120.676355,24.085993,3
2022,9,22,17,37,臺中市,大安區,0,2,0,8,1,5,50,14,9,1,5,4,5,7,4,4,9,5,5,1,13,16,2,9,1,1,C03,7,9,1,10,2,11,,16,16,1,21,8,C03,120.59069,24.34105,2
2022,9,22,17,38,臺中市,大甲區,0,1,0,8,1,5,50,4,1,1,5,4,5,7,4,4,10,5,5,2,16,6,2,3,1,1,C03,7,5,1,10,2,14,,6,6,1,19,8,C03,120.65455,24.40741,2
2022,9,22,17,38,臺中市,豐原區,0,1,0,8,3,5,50,4,18,5,5,4,5,7,4,4,10,5,5,2,3,15,3,10,1,1,B12,7,5,1,3,2,1,,15,15,1,22,8,B12,120.718838,24.250583,2
2022,9,22,17,39,臺中市,西屯區,0,1,0,8,1,5,50,14,9,1,5,4,5,7,4,4,5,2,5,2,13,16,3,10,3,4,C03,7,9,1,10,2,11,,16,16,1,22,8,C03,120.617936,24.188326,2
2022,9,22,17,42,臺中市,北區,0,1,0,8,1,5,50,3,1,1,5,4,5,7,4,4,3,4,5,2,13,23,3,10,1,1,B03,7,9,1,8,2,5,,23,23,1,22,9,B03,120.677206,24.15221,2
2022,9,22,17,44,臺中市,大雅區,0,2,0,8,1,5,50,14,9,1,5,4,5,7,4,4,8,5,5,1,17,43,2,9,1,1,C03,7,11,1,10,2,14,,43,43,1,22,9,C03,120.654722,24.246828,2
2022,9,22,17,48,臺中市,西屯區,0,1,0,8,3,5,30,4,1,1,5,4,5,7,4,4,10,5,5,2,17,6,2,9,1,1,C03,7,9,1,10,2,11,,6,6,1,1,9,C03,120.644205,24.180106,2
2022,9,22,17,55,臺中市,中區,0,3,0,8,3,5,50,14,9,1,5,4,5,7,4,4,5,4,5,2,13,16,2,9,1,1,C03,7,9,1,10,2,11,,16,16,1,21,8,C03,120.681464,24.144027,2
2022,9,22,17,57,臺中市,梧棲區,0,1,0,8,2,5,50,4,1,1,5,4,5,7,1,1,10,5,5,2,16,6,3,10,1,1,B12,7,6,1,8,2,6,,6,6,2,21,8,B12,120.54681,24.258786,2
2022,9,22,18,5,臺中市,龍井區,0,1,0,8,3,5,50,3,9,1,5,4,5,7,4,4,4,5,5,1,16,10,3,10,3,1,C03,7,11,1,10,2,11,,10,10,1,22,7,C03,120.592103,24.181333,2
2022,9,22,18,10,臺中市,大肚區,0,0,0,,,,70,,,,,,,,,,,,,,,7,,,,,B02,,,1,,2,,,7,,1,21,,B02,120.582123,24.169258,3
2022,9,22,18,13,臺中市,西屯區,0,1,0,8,1,5,40,4,1,1,5,4,5,7,1,1,5,5,4,2,13,16,2,9,1,1,C03,7,6,1,10,1,11,,16,16,1,22,8,C03,120.63803,24.172645,2
2022,9,22,18,15,臺中市,沙鹿區,0,0,0,8,,,60,,,,,,,,,,,,,,,16,,,,,B03,,,1,,2,,,16,,1,6,,B03,120.571515,24.233735,3
2022,9,22,18,22,臺中市,北區,0,1,0,8,3,5,50,14,7,1,5,3,5,7,4,4,5,4,4,2,13,23,2,9,1,1,C03,7,9,1,10,2,11,,23,23,1,22,8,C03,120.683052,24.163144,2
2022,9,22,18,22,臺中市,西屯區,0,0,0,8,,,50,,,,,,,,,,,,,,,9,,,,,B03,,,1,,2,,,9,,1,22,,B03,120.615369,24.183119,3
2022,9,22,18,25,臺中市,大里區,0,0,0,8,,,50,,,,,,,,,,,,,,,12,,,,,B03,,,1,,2,,,12,,1,22,,B03,120.676482,24.101871,3
2022,9,22,18,28,臺中市,清水區,0,2,0,8,3,5,50,14,9,1,5,4,5,7,4,4,5,5,5,1,16,6,2,9,1,1,C03,7,5,1,10,2,14,,6,6,1,5,1,C03,120.57217,24.269552,2
2022,9,22,18,29,臺中市,南屯區,0,0,0,8,,,50,,,,,,,,,,,,,,,23,,,,,A02,,,1,,2,,,23,,1,10,,A02,120.606769,24.138806,3
2022,9,22,18,30,臺中市,后里區,0,0,0,8,,,30,,,,,,,,,,,,,,,43,,,,,,,,,,,,,43,,1,,,,120.715894,24.308187,3
2022,9,22,18,36,臺中市,神岡區,0,2,0,8,1,5,50,14,8,1,5,4,5,7,4,4,1,4,4,1,13,16,2,8,1,1,C03,7,9,1,10,2,11,,16,16,1,22,8,C03,120.695387,24.248353,2
2022,9,22,18,46,臺中市,太平區,0,1,0,8,3,5,50,4,1,1,5,4,5,7,2,1,10,5,5,2,16,16,2,9,1,1,C03,7,4,1,10,2,14,,16,16,1,22,8,C03,120.712145,24.144859,2
2022,9,22,18,50,臺中市,潭子區,0,1,0,8,3,5,50,8,9,1,5,4,5,7,4,4,8,5,5,1,17,26,3,10,1,1,B03,7,4,1,8,2,1,,26,26,1,22,8,B03,120.721603,24.204176,2
2022,9,22,19,2,臺中市,西屯區,0,1,0,8,3,5,40,14,8,1,5,4,5,7,4,4,1,4,1,2,13,23,2,9,1,1,C03,7,9,1,10,2,11,,23,23,1,22,5,C03,120.641076,24.167898,2