年,月,日,時,分,縣市,區,死,受傷,2-30,天候,光線,道路類別,速限,道路型態,事故位置,路面鋪裝,路面狀態,路面缺陷,障礙物,視距,號誌種類,號誌動作,分向設施,快車道或一般車道間,快慢車道間,路面邊線,事故類型及型態,主要肇因,受傷程度,主要傷處,保護裝備,行動電話,當事者區分,車輛用途,當事者行動狀態,駕駛資格情形,駕駛執照種類,飲酒情形,車輛撞擊部位最初,車輛撞擊部位其他,肇事因素個別,肇事因素主要,肇事逃逸,職業,旅次目的,車種,GPS緯度,GPS經度,事故類別
2022,9,22,19,7,臺中市,梧棲區,0,1,0,8,3,5,40,14,8,1,5,4,5,7,4,4,5,4,4,2,13,23,2,9,1,1,F02,7,9,8,20,2,16,,23,23,1,12,8,F02,120.528511,24.247668,2
2022,9,22,19,9,臺中市,神岡區,0,0,0,8,,,50,,,,,,,,,,,,,,,10,,,,,B03,,,1,,1,,,10,,1,21,,B03,120.69555,24.247758,3
2022,9,22,19,18,臺中市,西屯區,0,1,0,8,3,5,40,4,1,1,5,4,5,7,1,1,10,5,5,2,16,6,2,9,3,4,C03,7,6,1,10,2,12,,6,6,1,22,8,C03,120.643876,24.166175,2
2022,9,22,19,19,臺中市,北屯區,0,0,0,8,,,50,,,,,,,,,,,,,,,23,,,,,B03,,,1,,2,,,23,,1,21,,B03,120.685748,24.201163,3
2022,9,22,19,20,臺中市,北區,0,0,0,8,,,50,,,,,,,,,,,,,,,19,,,,,B03,,,1,,2,,,19,,1,22,,B03,120.690635,24.157243,3
2022,9,22,19,25,臺中市,北區,0,0,0,8,,,40,,,,,,,,,,,,,,,23,,,,,B03,,,1,,2,,,23,23,1,22,,B03,120.684549,24.162966,3
2022,9,22,19,27,臺中市,沙鹿區,0,1,0,8,1,5,50,14,9,1,5,4,5,7,4,4,5,5,5,2,13,23,2,9,1,1,F03,7,9,8,20,2,16,,23,23,1,21,8,F03,120.563303,24.242961,2
2022,9,22,19,38,臺中市,北區,0,1,0,8,3,5,50,14,7,1,5,4,5,7,4,4,4,4,5,2,12,43,2,9,1,1,C03,7,9,1,10,2,14,,43,43,1,5,5,C03,120.685906,24.158692,2
2022,9,22,19,45,臺中市,南區,0,0,0,,,,50,,,,,,,,,,,,,,,44,,,,,A02,,,1,,2,,,44,44,1,22,,A02,120.649605,24.121316,3
2022,9,22,19,50,臺中市,北區,0,1,0,8,3,5,50,4,1,1,5,4,5,7,1,1,5,4,5,2,17,23,2,9,1,1,C03,7,9,1,10,2,11,14,23,23,1,22,8,C03,120.671272,24.173636,2
2022,9,22,19,55,臺中市,西屯區,0,0,0,8,,,40,,,,,,,,,,,,,,,23,,,,,C03,,,1,,1,,,23,,1,1,,C03,120.643242,24.195352,3
2022,9,22,20,2,臺中市,西屯區,0,1,0,8,3,5,50,3,1,1,5,4,5,7,1,1,1,4,4,2,13,16,3,10,1,1,B03,7,6,1,8,2,8,,16,16,1,22,8,B03,120.645203,24.162846,2
2022,9,22,20,13,臺中市,西屯區,0,2,0,8,3,5,50,14,9,1,5,4,5,7,4,4,9,5,5,2,12,9,3,10,1,1,B12,7,6,1,8,2,2,,9,9,1,22,5,B12,120.626044,24.179501,2
2022,9,22,20,17,臺中市,大雅區,0,2,0,8,3,5,50,4,1,1,5,4,5,7,3,1,10,5,5,2,16,6,2,9,1,1,C03,7,9,6,10,2,12,,6,6,1,22,9,C03,120.66437,24.234609,2
2022,9,22,20,23,臺中市,西區,0,1,0,8,3,5,50,4,1,1,5,4,5,7,2,1,10,5,5,2,16,9,3,10,1,1,B02,7,6,1,8,1,5,,9,9,1,22,8,B02,120.669428,24.138746,2
2022,9,22,20,29,臺中市,龍井區,0,2,0,8,3,5,40,3,1,1,5,4,5,7,4,4,10,5,5,2,16,6,2,9,1,1,C03,7,5,1,10,2,11,,6,6,1,22,8,C03,120.593267,24.190794,2
2022,9,22,20,32,臺中市,梧棲區,0,1,0,8,4,5,30,14,9,1,5,4,5,7,4,4,10,5,5,2,10,23,2,9,1,1,C03,7,9,6,10,8,11,,23,23,1,9,8,C03,120.558128,24.242686,2
2022,9,22,20,43,臺中市,大雅區,0,3,0,8,3,5,50,14,8,1,5,4,5,7,4,4,5,4,5,1,16,19,2,8,1,1,C03,7,1,1,10,2,14,,19,19,1,22,9,C03,120.645691,24.225677,2
2022,9,22,20,45,臺中市,北屯區,0,0,0,8,,,30,,,,,,,,,,,,,,,67,,,,,,,,,,,,,67,,1,,,,120.66044,24.193001,3
2022,9,22,20,52,臺中市,南屯區,1,0,0,8,3,5,50,4,1,1,5,4,5,7,2,1,7,5,5,2,16,6,3,10,1,1,B03,7,5,1,8,2,2,,6,6,1,22,8,B03,120.643826,24.146854,1
2022,9,22,20,56,臺中市,東勢區,0,3,0,8,3,5,50,14,9,1,5,4,5,7,4,4,5,5,5,1,2,23,2,9,1,1,C03,7,9,1,10,2,11,,23,23,1,22,8,C03,120.825466,24.260758,2
2022,9,22,20,59,臺中市,西屯區,0,3,0,8,3,5,40,14,8,1,5,4,5,7,4,4,1,4,1,1,17,23,2,9,1,1,C03,7,9,1,10,2,11,13,23,23,1,1,9,C03,120.615946,24.182604,2
2022,9,22,21,0,臺中市,太平區,0,0,0,8,,,50,,,,,,,,,,,,,,,42,,,,,B03,,,1,,2,,,42,42,1,21,,B03,120.718535,24.104275,3
2022,9,22,21,13,臺中市,豐原區,0,1,0,8,3,5,50,14,7,1,5,4,5,7,4,4,5,5,5,2,13,23,2,9,1,1,C03,7,9,1,10,2,11,,23,23,1,21,8,C03,120.697623,24.24474,2
2022,9,22,21,15,臺中市,東區,0,1,0,8,3,5,30,3,1,1,5,4,5,7,4,4,10,5,5,2,16,43,2,8,1,1,C03,7,9,1,10,2,15,,43,43,1,22,8,C03,120.684573,24.132208,2
2022,9,22,21,19,臺中市,大里區,0,0,0,8,,,50,,,,,,,,,,,,,,,42,,,,,B03,,,1,,9,,,42,,1,22,,B03,120.684016,24.100637,3
2022,9,22,21,22,臺中市,北區,0,0,0,8,,,50,,,,,,,,,,,,,,,23,,,,,A05,,,1,,11,,,23,,1,22,,A05,120.674507,24.162862,3
2022,9,22,21,38,臺中市,北區,0,1,0,8,3,5,50,5,1,1,5,4,5,7,2,1,10,5,5,2,12,43,3,10,1,1,B03,7,9,1,8,2,2,,43,43,1,5,5,B03,120.686252,24.15482,2
2022,9,22,21,39,臺中市,南屯區,0,1,0,8,3,5,50,14,7,1,5,4,5,7,4,4,5,4,4,2,27,43,2,9,1,1,C03,7,9,1,10,1,11,,43,43,1,22,8,C03,120.616722,24.154448,2
2022,9,22,21,48,臺中市,西屯區,0,1,0,8,3,5,50,14,9,1,5,4,5,7,4,4,10,4,5,2,18,43,2,9,1,1,C03,7,9,1,10,1,15,,43,43,1,22,8,C03,120.66264,24.201493,2
2022,9,22,22,15,臺中市,北區,0,1,0,8,3,5,50,4,7,1,5,4,5,7,1,1,1,4,4,2,17,42,3,10,1,1,C03,7,5,1,10,2,12,,42,42,1,22,9,C03,120.688815,24.157013,2
2022,9,22,22,36,臺中市,北區,0,1,0,8,3,5,50,4,18,1,5,4,5,7,1,1,10,5,5,2,9,15,3,10,1,1,B03,7,6,1,7,2,1,,15,15,1,5,8,B03,120.669128,24.159044,2
2022,9,22,22,36,臺中市,太平區,0,0,0,8,,,30,,,,,,,,,,,,,,,6,,,,,B03,,,1,,2,,,6,6,1,22,,B03,120.717108,24.130713,3
2022,9,22,22,40,臺中市,西屯區,0,1,0,8,3,5,30,4,1,1,5,4,5,7,4,4,10,5,5,2,16,6,3,10,3,4,B01,7,9,1,8,2,6,,6,6,1,22,8,B01,120.645061,24.18039,2
2022,9,22,22,51,臺中市,沙鹿區,0,1,0,8,3,5,30,11,9,1,5,4,5,7,4,4,10,5,5,2,10,23,3,10,1,1,B03,7,9,1,8,2,1,,23,23,1,4,8,B03,120.574903,24.251967,2
2022,9,22,23,0,臺中市,中區,0,2,0,8,3,5,50,4,1,1,5,4,5,7,1,1,10,5,5,2,16,6,2,9,3,4,C03,7,6,3,18,2,12,,6,6,1,21,8,C03,120.675975,24.141326,2
2022,9,22,23,12,臺中市,北屯區,0,2,0,8,3,5,50,14,7,1,5,4,5,6,4,4,9,5,4,2,13,23,2,9,1,1,C03,7,9,1,10,2,11,,23,23,1,22,8,C03,120.725665,24.175198,2
2022,9,22,23,20,臺中市,西屯區,0,2,0,8,3,5,50,3,1,1,5,4,5,7,1,1,1,3,4,2,14,12,3,10,1,1,B03,7,2,1,8,2,3,,12,12,1,22,9,B03,120.659017,24.171035,2
2022,9,23,0,16,臺中市,沙鹿區,0,1,0,8,3,5,40,4,1,1,5,4,5,7,4,4,10,5,5,2,13,23,3,10,1,1,C03,7,9,1,10,2,11,,23,23,1,21,8,C03,120.567477,24.203491,2
2022,9,23,0,20,臺中市,大里區,0,1,0,8,3,5,50,14,9,1,5,4,5,7,4,4,9,5,5,1,27,23,2,9,3,4,C03,7,9,1,10,2,11,,23,23,1,5,4,C03,120.712528,24.092905,2
2022,9,23,1,19,臺中市,梧棲區,0,1,0,8,3,5,40,14,8,1,5,4,5,7,4,4,3,4,4,1,21,23,2,9,1,1,C03,7,9,3,18,7,11,,23,23,1,20,8,C03,120.526105,24.225779,2
2022,9,23,3,2,臺中市,西屯區,0,1,0,8,3,5,1,4,22,4,5,4,5,7,4,4,10,5,5,2,16,42,2,7,3,4,C03,7,1,1,10,2,11,,42,42,1,22,8,C03,120.637948,24.180651,2
2022,9,23,3,46,臺中市,北區,0,0,0,8,,,50,,,,,,,,,,,,,,,25,,,,,B03,,,3,,7,,,25,,1,22,,B03,120.673203,24.166511,3
2022,9,23,5,6,臺中市,南區,0,0,0,8,2,5,50,14,8,1,5,4,5,7,4,4,5,5,4,2,17,23,3,10,3,4,B03,7,9,1,8,11,5,,23,23,2,5,8,B03,120.650584,24.120279,3
2022,9,23,5,20,臺中市,西屯區,0,0,0,,,,50,,,,,,,,,,,,,,,23,,,,,B01,,,1,,2,,,23,,1,22,,B01,120.633859,24.17324,3
2022,9,23,5,22,臺中市,東區,0,1,0,8,2,5,50,4,1,1,5,4,5,7,2,1,5,5,5,2,17,25,3,10,1,1,B01,7,9,1,2,2,15,,25,25,1,10,5,B01,120.695208,24.141603,2
2022,9,23,5,22,臺中市,西屯區,0,0,0,8,,,1,,,,,,,,,,,,,,,12,,,,,B03,,,3,,2,,,12,,1,22,,B03,120.640601,24.179079,3
2022,9,23,5,30,臺中市,北屯區,0,0,0,8,,,50,,,,,,,,,,,,,,,23,,,,,B03,,,1,,11,,,23,,2,21,,B03,120.687579,24.186898,3
2022,9,23,5,55,臺中市,潭子區,0,2,0,8,1,5,80,14,7,1,5,4,5,7,4,4,3,3,5,1,16,42,,,,,,,,,,,,,,,,,,,120.722214,24.19257,2
2022,9,23,6,0,臺中市,龍井區,0,1,0,8,1,5,50,4,1,1,5,4,5,7,2,1,10,5,5,2,16,25,3,10,1,1,B03,7,9,1,8,2,1,,25,25,1,22,8,B03,120.592825,24.182948,2
2022,9,23,6,22,臺中市,沙鹿區,0,1,0,8,1,5,50,4,1,1,5,4,5,7,4,4,10,5,5,2,15,6,3,10,1,1,B03,7,9,1,8,2,1,,6,6,1,21,8,B03,120.561332,24.240022,2
2022,9,23,6,51,臺中市,北區,0,0,0,8,,,50,,,,,,,,,,,,,,,18,,,,,C03,,,1,,11,,,18,18,1,22,,C03,120.672284,24.170095,3
2022,9,23,6,51,臺中市,北屯區,0,1,0,8,1,5,50,3,18,1,5,4,5,7,1,1,10,5,5,2,3,15,3,10,1,1,B03,7,5,1,8,2,5,,15,15,1,22,8,B03,120.696823,24.164845,2
2022,9,23,6,52,臺中市,沙鹿區,0,0,0,8,,,60,,,,,,,,,,,,,,,7,,,,,B03,,,1,,1,,,7,,1,21,,B03,120.594975,24.249977,3
2022,9,23,6,55,臺中市,西屯區,0,1,0,8,1,5,50,14,7,1,5,4,5,7,4,4,5,4,4,2,16,19,3,10,1,1,B03,7,1,1,8,2,4,,19,19,1,22,9,B03,120.664227,24.171017,2
2022,9,23,7,0,臺中市,清水區,0,1,0,8,1,5,50,3,1,1,5,4,5,7,4,4,1,4,4,1,16,6,3,10,1,1,B03,7,6,1,8,2,2,,6,6,1,21,8,B03,120.543124,24.266299,2
2022,9,23,7,1,臺中市,大肚區,0,0,0,8,,,30,,,,,,,,,,,,,,,8,,,,,B12,,,1,,11,,,38,23,1,22,,B12,120.579397,24.171765,3
2022,9,23,7,5,臺中市,大里區,0,1,0,8,1,5,40,8,7,1,5,4,5,7,4,4,1,4,5,1,13,23,2,9,1,1,C03,7,9,1,10,2,11,,23,23,1,18,8,C03,120.679318,24.117496,2
2022,9,23,7,7,臺中市,大甲區,0,2,0,8,1,5,50,14,9,1,5,4,5,7,4,4,9,5,5,1,17,23,3,10,1,1,B03,7,6,1,8,2,6,,23,23,1,21,8,B03,120.600118,24.332248,2
2022,9,23,7,10,臺中市,沙鹿區,0,1,0,8,1,5,50,5,8,1,5,4,5,7,1,1,4,3,4,1,16,9,3,10,1,1,B03,7,6,1,8,2,5,,9,9,1,3,1,B03,120.569509,24.237324,2
2022,9,23,7,12,臺中市,西區,0,0,0,,,,50,,,,,,,,,,,,,,,23,,,,,B12,,,1,,2,,,23,,1,5,,B12,120.659727,24.157289,3
2022,9,23,7,16,臺中市,北屯區,0,0,0,8,,,80,,,,,,,,,,,,,,,16,,,,,B03,,,1,,1,,,16,,1,5,,B03,120.7209,24.1732,3
2022,9,23,7,17,臺中市,大雅區,0,2,0,8,1,5,30,4,1,1,5,4,5,7,4,4,10,5,5,1,16,6,2,9,1,1,C03,7,9,1,10,2,12,,6,6,1,22,9,C03,120.661582,24.22654,2
2022,9,23,7,21,臺中市,豐原區,0,2,0,8,1,5,60,3,2,1,5,4,5,7,4,4,1,3,4,1,17,26,2,7,1,1,C03,7,9,3,18,2,11,,26,26,1,4,1,C03,120.732802,24.246788,2
2022,9,23,7,26,臺中市,西區,0,0,0,,,,50,,,,,,,,,,,,,,,42,,,,,C03,,,1,,1,,,42,,1,5,,C03,120.656337,24.137394,3
2022,9,23,7,26,臺中市,豐原區,0,1,0,8,1,5,50,14,9,1,5,4,5,7,4,4,1,5,5,1,17,43,,,,,,,,,,,,,43,43,2,,,,120.72334,24.244616,2
2022,9,23,7,28,臺中市,東區,0,0,0,8,1,5,50,4,1,1,5,4,5,7,1,1,10,5,5,2,13,16,3,10,1,1,B01,7,6,1,4,2,5,,16,16,1,10,8,B01,120.687853,24.140108,3
2022,9,23,7,34,臺中市,豐原區,0,1,0,8,1,5,50,14,9,1,5,4,5,7,4,4,5,5,5,1,17,19,3,10,3,4,B03,7,9,1,8,2,5,,44,19,1,22,8,B03,120.715181,24.252025,2
2022,9,23,7,35,臺中市,西屯區,0,0,0,8,,,40,,,,,,,,,,,,,,,23,,,,,B03,,,1,,2,,,23,,1,22,,B03,120.635826,24.183075,3
2022,9,23,7,35,臺中市,大里區,0,1,0,8,1,5,40,4,1,1,5,4,5,7,1,1,10,5,5,2,29,23,2,9,1,1,C03,7,9,1,10,2,11,,23,23,1,9,8,C03,120.666556,24.096673,2
2022,9,23,7,36,臺中市,大里區,0,2,0,8,1,5,50,14,9,1,5,4,5,7,4,4,5,5,5,2,16,8,2,9,1,1,C03,7,5,1,10,2,14,,8,8,1,5,8,C03,120.690238,24.11422,2
2022,9,23,7,37,臺中市,南屯區,0,0,0,8,,,50,,,,,,,,,,,,,,,23,,,,,B03,,,1,8,1,,,23,23,1,12,,B03,120.641686,24.146869,3
2022,9,23,7,43,臺中市,梧棲區,0,1,0,8,1,5,40,5,1,1,5,4,5,7,2,1,10,5,5,2,16,6,3,10,1,1,B03,7,6,1,8,2,6,,6,6,1,2,1,B03,120.551697,24.244148,2
2022,9,23,7,45,臺中市,西屯區,0,0,0,,,,80,,,,,,,,,,,,,,,16,,,,,B03,,,1,,1,,,16,,1,22,,B03,120.634948,24.179291,3
2022,9,23,7,45,臺中市,后里區,0,2,0,8,1,5,30,4,1,1,5,4,5,7,4,4,5,5,5,1,16,6,2,9,1,1,C03,7,5,1,10,2,11,,6,6,1,21,8,C03,120.714963,24.325115,2
2022,9,23,7,46,臺中市,神岡區,0,2,0,8,1,5,50,5,1,1,5,4,5,7,1,1,1,4,5,1,16,25,2,9,1,1,C03,7,9,1,10,2,12,,25,25,1,21,8,C03,120.705678,24.275481,2
2022,9,23,7,48,臺中市,大雅區,0,2,0,8,1,5,30,11,9,1,5,4,5,7,4,4,10,5,5,2,17,5,2,8,1,1,C03,7,9,3,18,2,11,,5,5,1,22,8,C03,120.66697,24.218295,2
2022,9,23,7,48,臺中市,東區,0,3,0,8,1,5,50,3,1,1,5,4,5,7,4,4,10,5,5,2,16,6,2,9,1,1,C03,7,5,1,10,2,11,,6,6,1,22,8,C03,120.701287,24.129004,2
2022,9,23,7,49,臺中市,西屯區,0,0,0,,,,80,,,,,,,,,,,,,,,16,,,,,B12,,,1,,1,,,16,,1,22,,B12,120.634948,24.179291,3
2022,9,23,7,52,臺中市,西屯區,0,2,0,8,1,5,50,3,1,1,5,4,5,7,4,4,9,4,5,2,13,23,2,9,1,1,C03,7,9,1,10,2,11,,23,23,1,12,8,C03,120.650886,24.164875,2
2022,9,23,8,0,臺中市,大甲區,0,1,0,8,1,5,50,4,2,1,5,4,5,7,1,1,10,5,5,1,17,42,2,7,1,1,C03,7,15,1,10,2,14,,42,42,1,21,8,C03,120.653508,24.390236,2
2022,9,23,8,2,臺中市,北區,0,1,0,8,1,5,50,4,1,1,5,4,5,7,1,1,5,5,4,2,16,25,3,10,1,1,B03,7,5,1,8,2,1,,25,25,1,22,8,B03,120.677601,24.159187,2
2022,9,23,8,7,臺中市,豐原區,0,2,0,8,1,5,50,4,9,1,5,4,5,7,1,1,10,5,5,2,15,25,2,3,1,1,B03,7,9,1,8,2,5,,25,25,1,21,8,B03,120.725358,24.235549,2
2022,9,23,8,10,臺中市,西屯區,0,0,0,8,,,60,,,,,,,,,,,,,,,23,,,,,B03,,,1,,1,,,23,,1,22,,B03,120.632874,24.172291,3
2022,9,23,8,12,臺中市,西屯區,0,1,0,8,1,5,50,4,4,1,5,4,5,7,1,1,5,4,5,2,13,16,3,10,1,1,C03,7,9,3,18,1,12,,16,16,1,22,8,C03,120.622213,24.174476,2
2022,9,23,8,12,臺中市,清水區,0,1,0,8,1,5,50,14,9,1,5,4,5,7,1,1,1,4,4,1,16,6,3,10,1,1,B03,7,5,1,8,2,5,,6,6,1,5,1,B03,120.575436,24.269143,2
2022,9,23,8,19,臺中市,西屯區,0,1,0,8,1,5,30,4,1,1,5,4,5,7,4,4,9,5,5,2,16,6,3,10,1,1,B03,7,5,1,8,2,1,,6,6,1,12,8,B03,120.666136,24.171583,2
2022,9,23,8,20,臺中市,西區,0,1,0,8,1,5,50,4,1,1,5,4,5,7,2,1,10,5,5,2,16,10,3,10,1,1,B03,7,11,1,8,2,8,,10,10,1,5,5,B03,120.670857,24.137521,2
2022,9,23,8,20,臺中市,西屯區,0,2,0,8,1,5,40,14,8,1,5,4,5,7,4,4,3,4,4,2,16,7,2,9,1,1,C03,7,8,1,10,2,12,,7,7,1,4,8,C03,120.655197,24.176103,2
2022,9,23,8,25,臺中市,北區,0,2,0,8,1,5,50,4,1,1,5,4,5,7,1,1,10,5,5,2,13,16,2,9,1,1,C03,7,9,1,10,2,11,,16,16,1,22,8,C03,120.685169,24.166985,2
2022,9,23,8,30,臺中市,東區,0,1,0,8,1,5,50,3,1,1,5,4,5,7,4,4,10,5,5,2,16,6,3,10,1,1,B03,7,6,1,8,2,2,,6,6,1,21,8,B03,120.704306,24.138324,2
2022,9,23,8,30,臺中市,南屯區,0,0,0,8,,,50,,,,,,,,,,,,,,,23,,,,,B03,,,1,,1,,,23,,1,22,,B03,120.622862,24.149654,3
2022,9,23,8,32,臺中市,龍井區,0,0,0,8,1,5,30,4,1,1,5,4,5,7,4,4,10,5,5,2,15,6,,,,,B03,,,1,,2,,,6,,1,22,,B03,120.586325,24.180784,3
2022,9,23,8,36,臺中市,西區,0,0,0,8,,,50,,,,,,,,,,,,,,,16,,,,,B03,,,1,,1,,,16,,1,21,,B03,120.657262,24.140026,3
2022,9,23,8,41,臺中市,西屯區,0,1,0,8,1,5,30,4,1,1,5,4,5,7,4,4,10,5,5,2,16,6,2,9,1,1,C03,7,5,1,10,2,14,,6,6,1,22,8,C03,120.6184,24.175109,2
2022,9,23,8,42,臺中市,西屯區,0,1,0,8,1,5,40,14,8,1,5,4,5,7,4,4,1,4,4,2,13,23,2,9,1,1,C03,7,9,1,10,2,11,,23,16,1,4,8,C03,120.638972,24.164521,2
2022,9,23,8,45,臺中市,南屯區,0,3,0,8,1,5,50,4,1,1,5,4,5,7,1,1,10,5,5,2,15,25,2,9,3,4,C03,7,9,3,18,2,11,,25,25,1,12,8,C03,120.631748,24.125647,2
2022,9,23,8,47,臺中市,北屯區,0,1,0,8,1,5,50,4,1,1,5,4,5,7,2,1,3,4,4,1,16,6,3,10,1,1,B03,7,6,1,8,2,6,,6,6,1,21,8,B03,120.727751,24.160798,2
2022,9,23,8,50,臺中市,西屯區,0,0,0,8,,,30,,,,,,,,,,,,,,,6,,,,,B03,,,1,,1,,,6,,1,11,,B03,120.621299,24.181163,3
2022,9,23,9,3,臺中市,西區,0,1,0,8,1,5,50,4,1,1,5,4,5,7,4,4,10,5,5,2,16,6,3,10,1,1,B03,7,6,1,8,2,5,,6,6,1,5,5,B03,120.670454,24.15281,2
2022,9,23,9,4,臺中市,西屯區,0,1,0,8,1,5,50,3,1,1,5,4,5,7,4,4,10,5,5,2,16,6,3,10,1,1,B02,7,9,1,8,2,5,,6,6,1,22,8,B02,120.636428,24.164843,2
2022,9,23,9,5,臺中市,南區,0,0,0,8,,,50,,,,,,,,,,,,,,,19,,,,,B12,,,1,,2,,,19,,1,9,,B12,120.648783,24.118874,3
2022,9,23,9,7,臺中市,豐原區,0,1,0,8,1,5,50,3,1,1,5,4,5,7,4,4,10,5,5,2,17,9,3,10,1,1,B03,7,6,1,8,2,7,,9,9,1,22,8,B03,120.737305,24.253575,2
2022,9,23,9,23,臺中市,東區,0,0,0,8,,,50,,,,,,,,,,,,,,,23,,,,,B12,,,1,,2,,,23,,1,22,,B12,120.696951,24.142767,3
2022,9,23,9,34,臺中市,北區,0,0,0,,,,50,,,,,,,,,,,,,,,23,,,,,B03,,,1,,1,,,23,,1,5,,B03,120.674507,24.162862,3
2022,9,23,9,35,臺中市,南區,0,1,0,8,1,5,50,3,1,1,5,4,5,7,2,1,10,5,5,2,21,23,2,8,1,1,B03,7,9,1,8,2,1,,23,23,1,21,8,B03,120.668646,24.119048,2
2022,9,23,9,45,臺中市,西屯區,0,1,0,8,1,5,50,4,1,1,5,4,5,7,1,1,10,5,5,2,16,26,2,9,1,1,C03,7,5,1,10,2,14,,26,6,1,4,8,C03,120.643574,24.166143,2
2022,9,23,9,50,臺中市,大肚區,0,0,0,,,,50,,,,,,,,,,,,,,,18,,,,,B03,,,1,,2,,,18,,1,21,,B03,120.537297,24.153282,3
2022,9,23,9,53,臺中市,西屯區,0,0,0,,,,30,,,,,,,,,,,,,,,6,,,,,C03,,,1,,1,,,6,,1,22,,C03,120.637216,24.182507,3
2022,9,23,9,57,臺中市,大雅區,0,0,0,8,,,50,,,,,,,,,,,,,,,23,,,,,B12,,,1,,2,,,23,,1,22,,B12,120.655519,24.220947,3
2022,9,23,10,0,臺中市,東區,0,0,0,8,,,40,,,,,,,,,,,,,,,19,,,,,B12,,,1,,2,,,19,,1,9,,B12,120.709537,24.149568,3
2022,9,23,10,9,臺中市,神岡區,0,1,0,8,1,5,50,15,9,1,5,4,5,7,1,1,1,4,4,2,17,7,2,9,1,1,C03,7,7,1,10,2,14,,7,7,1,22,8,C03,120.6961,24.248335,2
2022,9,23,10,15,臺中市,西區,0,1,0,8,1,5,50,4,1,1,5,4,5,7,2,1,10,5,5,2,16,6,3,10,1,1,B02,7,5,1,8,2,6,,6,6,1,5,5,B02,120.675975,24.141326,2
2022,9,23,10,15,臺中市,北區,0,1,0,8,1,5,50,4,1,1,5,4,5,7,1,1,10,5,5,2,16,8,2,9,1,1,C04,7,5,1,8,2,15,,8,6,1,22,8,C04,120.676852,24.155758,2
2022,9,23,10,20,臺中市,清水區,0,2,0,8,1,5,30,14,9,1,5,4,5,7,4,4,10,5,5,1,16,6,2,9,2,1,C03,7,5,3,18,2,13,,6,6,1,21,8,C03,120.560586,24.309866,2
2022,9,23,10,23,臺中市,西屯區,0,0,0,8,,,30,,,,,,,,,,,,,,,4,,,,,C03,,,1,,1,,,4,,1,22,,C03,120.668755,24.176035,3
2022,9,23,10,24,臺中市,潭子區,0,2,0,8,1,5,50,14,8,1,5,4,5,7,4,4,5,4,4,2,17,6,2,9,1,1,C03,7,5,3,18,2,12,,6,6,1,22,8,C03,120.711101,24.229934,2
2022,9,23,10,24,臺中市,豐原區,0,0,0,8,,,50,,,,,,,,,,,,,,,17,,,,,B03,,,1,,2,,,17,,1,22,,B03,120.732223,24.250441,3
2022,9,23,10,27,臺中市,北區,0,0,0,,,,50,,,,,,,,,,,,,,,23,,,,,B03,,,1,,1,,,23,,1,5,,B03,120.685426,24.162973,3
2022,9,23,10,30,臺中市,東勢區,0,0,0,8,,,30,,,,,,,,,,,,,,,12,,,,,B12,,,1,,2,,,12,,1,22,,B12,120.830758,24.243795,3
2022,9,23,10,36,臺中市,西屯區,0,0,0,8,,,40,,,,,,,,,,,,,,,19,,,,,B03,,,1,,2,,,19,,1,4,,B03,120.65994,24.174386,3
2022,9,23,10,40,臺中市,西屯區,0,0,0,8,,,30,,,,,,,,,,,,,,,23,,,,,B03,,,1,,1,,,23,,1,22,,B03,120.623315,24.179469,3
2022,9,23,10,49,臺中市,西區,0,0,0,,,,50,,,,,,,,,,,,,,,23,,,,,B03,,,1,,1,,,23,,1,5,,B03,120.658493,24.152187,3
2022,9,23,10,59,臺中市,大里區,0,1,0,8,1,5,30,14,9,1,5,4,5,7,4,4,10,5,5,2,19,23,2,9,1,1,C03,7,9,1,10,7,11,,23,23,1,22,9,C03,120.695245,24.11905,2
2022,9,23,11,2,臺中市,北屯區,0,2,0,8,1,5,50,4,1,1,5,4,5,7,1,1,10,5,5,2,16,26,3,10,1,1,C03,7,5,1,10,2,15,,26,26,1,21,8,C03,120.729706,24.171343,2
2022,9,23,11,6,臺中市,大雅區,0,0,0,8,,,30,,,,,,,,,,,,,,,23,,,,,B03,,,1,,2,,,23,,1,22,,B03,120.655702,24.242302,3
2022,9,23,11,10,臺中市,南屯區,0,0,0,8,,,40,,,,,,,,,,,,,,,6,,,,,B03,,,1,8,1,,,6,6,1,12,,B03,120.633998,24.158854,3
2022,9,23,11,10,臺中市,烏日區,0,2,0,8,1,5,40,11,9,1,5,4,5,7,4,4,10,5,5,2,18,23,2,2,1,1,C03,7,9,1,10,8,11,12,23,23,1,21,1,C03,120.632742,24.110091,2
2022,9,23,11,13,臺中市,北屯區,0,0,0,8,,,30,,,,,,,,,,,,,,,5,,,,,B03,,,1,,1,,,5,,1,18,,B03,120.6976,24.176,3
2022,9,23,11,16,臺中市,神岡區,0,1,0,8,1,5,50,3,1,1,5,4,5,7,4,4,5,5,4,2,17,10,3,10,1,1,B03,7,11,1,8,2,4,,10,10,1,21,8,B03,120.659781,24.25905,2
2022,9,23,11,22,臺中市,大里區,0,1,0,8,1,5,30,14,9,1,5,4,5,7,4,4,10,5,5,2,17,23,3,10,1,1,B12,7,9,1,8,2,6,,23,23,1,22,9,B12,120.688864,24.083663,2