年,月,日,時,分,縣市,區,死,受傷,2-30,天候,光線,道路類別,速限,道路型態,事故位置,路面鋪裝,路面狀態,路面缺陷,障礙物,視距,號誌種類,號誌動作,分向設施,快車道或一般車道間,快慢車道間,路面邊線,事故類型及型態,主要肇因,受傷程度,主要傷處,保護裝備,行動電話,當事者區分,車輛用途,當事者行動狀態,駕駛資格情形,駕駛執照種類,飲酒情形,車輛撞擊部位最初,車輛撞擊部位其他,肇事因素個別,肇事因素主要,肇事逃逸,職業,旅次目的,車種,GPS緯度,GPS經度,事故類別
2022,9,24,9,40,臺中市,西區,0,2,0,8,1,5,50,5,1,1,5,4,5,7,2,1,10,5,5,2,3,15,2,9,1,1,C03,7,9,1,10,2,14,,15,15,1,20,9,C03,120.672019,24.131402,2
2022,9,24,9,41,臺中市,北屯區,0,0,0,6,,,50,,,,,,,,,,,,,,,6,,,,,B03,,5,1,8,1,1,,6,6,1,12,8,B03,120.685893,24.177439,3
2022,9,24,9,43,臺中市,南區,0,2,0,8,1,5,50,4,2,1,5,4,5,7,3,1,10,5,5,2,17,42,2,9,1,1,C03,7,21,1,10,2,15,,42,42,1,22,8,C03,120.650302,24.115825,2
2022,9,24,9,48,臺中市,南屯區,0,1,0,8,1,5,50,4,1,1,5,4,5,7,2,1,10,5,5,2,17,25,3,10,1,1,B03,7,11,1,8,2,4,,25,25,1,22,8,B03,120.653003,24.14497,2
2022,9,24,9,48,臺中市,北屯區,0,0,0,8,,,50,,,,,,,,,,,,,,,23,,,,,A11,,,1,,11,,,23,,1,21,,A11,120.686635,24.198151,3
2022,9,24,10,0,臺中市,西屯區,0,1,0,8,1,5,40,3,8,1,5,4,5,7,2,1,4,5,4,2,18,42,2,9,1,1,C03,7,9,1,10,2,12,,42,42,1,22,8,C03,120.656798,24.16157,2
2022,9,24,10,8,臺中市,北區,0,1,0,8,1,5,40,4,1,1,5,4,5,7,2,1,1,4,4,2,16,9,3,10,1,1,B03,7,6,1,8,2,6,,9,9,1,22,8,B03,120.67523,24.160611,2
2022,9,24,10,10,臺中市,南區,0,2,0,8,1,5,40,3,2,1,5,4,5,7,4,4,1,4,4,2,13,16,2,9,1,1,C03,7,9,1,10,2,11,,16,16,1,5,8,C03,120.652343,24.112767,2
2022,9,24,10,12,臺中市,豐原區,0,0,0,8,,,50,,,,,,,,,,,,,,,23,,,,,C03,,,1,,9,,,23,,2,22,,C03,120.727443,24.248823,3
2022,9,24,10,13,臺中市,北區,0,2,0,8,1,5,50,4,1,1,5,4,5,7,1,1,5,5,4,2,13,23,2,9,1,1,C03,7,9,1,10,2,11,,23,23,1,21,8,C03,120.679922,24.159125,2
2022,9,24,10,15,臺中市,東區,0,1,0,8,1,5,50,3,1,1,5,4,5,7,4,4,5,4,5,2,16,6,2,9,1,1,C03,7,5,1,10,2,11,,6,6,1,22,8,C03,120.692432,24.140709,2
2022,9,24,10,17,臺中市,西屯區,0,0,0,8,,,50,,,,,,,,,,,,,,,17,,,,,C03,,,1,,1,,,17,17,1,4,,C03,120.66209,24.169812,3
2022,9,24,10,17,臺中市,西屯區,0,0,0,8,,,1,,,,,,,,,,,,,,,12,,,,,B03,,,1,,2,,,12,,1,22,,B03,120.632206,24.165053,3
2022,9,24,10,29,臺中市,豐原區,0,2,0,8,1,5,50,4,1,1,5,4,5,7,2,1,1,3,5,1,17,25,2,9,1,1,C04,7,5,3,18,2,11,,25,25,1,4,1,C04,120.708977,24.250544,2
2022,9,24,10,35,臺中市,大肚區,0,0,0,,,,50,,,,,,,,,,,,,,,23,,,,,B03,,,1,,2,,,23,,1,21,,B03,120.545036,24.151012,3
2022,9,24,10,36,臺中市,西屯區,0,1,0,8,1,5,50,14,9,1,5,4,5,7,4,4,9,4,5,2,12,43,3,10,1,1,B12,7,9,1,8,2,2,,43,43,1,22,8,B12,120.661374,24.173399,2
2022,9,24,10,57,臺中市,南屯區,0,0,0,8,,,50,,,,,,,,,,,,,,,7,,,,,B03,,,1,8,1,,,7,7,1,12,,B03,120.646406,24.147322,3
2022,9,24,11,1,臺中市,東區,0,2,0,8,1,5,50,3,1,1,5,4,5,7,3,1,10,5,5,2,16,6,2,7,1,1,C03,7,5,1,10,2,11,,6,6,1,5,8,C03,120.686815,24.140149,2
2022,9,24,11,1,臺中市,東勢區,0,0,0,8,,,60,,,,,,,,,,,,,,,7,,,,,B12,,,6,,2,,,7,,1,21,,B12,120.797728,24.290415,3
2022,9,24,11,12,臺中市,西屯區,0,1,0,8,1,5,50,14,9,1,5,4,5,7,4,4,4,5,5,2,17,43,3,10,1,1,C03,7,9,6,18,2,15,,43,43,1,22,8,C03,120.667124,24.17697,2
2022,9,24,11,13,臺中市,西區,0,0,0,,,,50,,,,,,,,,,,,,,,23,,,,,C03,,,1,,2,,,23,,1,5,,C03,120.670999,24.145651,3
2022,9,24,11,15,臺中市,清水區,0,1,0,8,1,5,50,14,9,1,5,4,5,7,4,4,8,4,4,1,12,17,2,9,1,1,C03,7,9,1,10,2,11,14,17,17,1,5,5,C03,120.557513,24.28026,2
2022,9,24,11,15,臺中市,新社區,0,0,0,8,,,40,,,,,,,,,,,,,,,23,,,,,B03,,,1,,2,,,23,,1,21,,B03,120.837762,24.153672,3
2022,9,24,11,16,臺中市,南區,0,1,0,8,1,5,50,4,1,1,5,4,5,7,1,1,10,5,5,2,15,25,3,10,1,1,C03,7,9,1,10,2,13,,25,25,1,22,8,C03,120.650118,24.120638,2
2022,9,24,11,17,臺中市,西屯區,0,2,0,8,1,5,50,3,1,1,5,4,5,7,3,1,10,5,5,2,16,26,2,9,1,1,C03,7,9,1,10,2,12,,26,26,1,4,8,C03,120.633394,24.1699,2
2022,9,24,11,20,臺中市,新社區,0,1,0,8,1,5,40,11,9,1,5,4,5,7,4,4,5,5,5,1,18,23,2,9,1,1,C02,7,9,1,9,2,11,,23,23,1,22,8,C02,120.875234,24.141815,2
2022,9,24,11,23,臺中市,北屯區,0,1,0,8,1,5,50,3,1,1,5,4,5,7,4,4,10,5,5,2,16,10,3,10,1,1,B03,7,11,1,8,2,7,,10,10,1,9,8,B03,120.686986,24.190496,2
2022,9,24,11,23,臺中市,沙鹿區,0,0,0,8,,,60,,,,,,,,,,,,,,,26,,,,,B03,,,1,,2,,,26,,1,22,,B03,120.579046,24.250166,3
2022,9,24,11,32,臺中市,南區,0,0,0,,,,50,,,,,,,,,,,,,,,12,,,,,B03,,,1,,2,,,12,,1,5,,B03,120.66687,24.114804,3
2022,9,24,11,34,臺中市,霧峰區,0,1,0,8,1,5,50,3,1,1,5,4,5,7,2,1,5,4,4,1,11,19,2,8,1,1,C03,7,1,6,10,2,14,,19,19,1,4,5,C03,120.699197,24.068843,2
2022,9,24,11,35,臺中市,霧峰區,0,1,0,8,1,5,30,11,9,1,5,4,5,7,4,4,10,5,5,2,11,23,3,10,1,1,B03,7,9,1,8,2,8,,23,23,1,4,5,B03,120.704089,24.01423,2
2022,9,24,11,36,臺中市,南屯區,0,1,0,8,1,5,50,4,1,1,5,4,5,7,2,1,10,5,5,2,16,9,3,10,1,1,B03,7,6,1,8,2,2,,9,9,1,22,8,B03,120.649912,24.136676,2
2022,9,24,11,37,臺中市,清水區,0,0,0,8,,,50,,,,,,,,,,,,,,,42,,,,,B03,,,1,,1,,,42,,1,21,,B03,120.571383,24.275531,3
2022,9,24,11,39,臺中市,梧棲區,0,1,0,8,1,5,50,4,1,1,5,4,5,7,1,1,10,5,5,2,15,25,2,9,1,1,C03,7,9,1,10,2,11,,25,25,1,4,8,C03,120.536977,24.242526,2
2022,9,24,11,42,臺中市,大甲區,0,2,0,8,1,5,50,14,9,1,5,4,5,7,4,4,5,5,4,2,13,23,3,10,1,1,B03,7,9,1,8,2,15,,23,23,1,21,8,B03,120.623868,24.345633,2
2022,9,24,11,55,臺中市,中區,0,0,0,,,,50,,,,,,,,,,,,,,,25,,,,,C03,,,1,,1,,,25,,1,21,,C03,120.685789,24.140133,3
2022,9,24,11,58,臺中市,西屯區,0,1,0,8,1,5,50,3,1,1,5,4,5,7,4,4,10,5,5,2,17,23,2,9,1,1,C03,7,9,1,10,2,12,,23,23,1,22,8,C03,120.615177,24.182388,2
2022,9,24,11,59,臺中市,西屯區,0,1,0,8,1,5,50,4,1,1,5,4,5,7,1,1,9,4,5,2,12,23,3,10,1,1,B03,7,9,1,8,2,4,,23,17,1,12,8,B03,120.637976,24.175465,2
2022,9,24,12,0,臺中市,烏日區,0,0,0,8,,,50,,,,,,,,,,,,,,,26,,,,,B03,,,1,,2,,,26,,1,21,,B03,120.643048,24.077704,3
2022,9,24,12,0,臺中市,外埔區,0,0,0,8,,,50,,,,,,,,,,,,,,,23,,,,,B03,,,1,,2,,,23,23,1,4,,B03,120.638578,24.341441,3
2022,9,24,12,6,臺中市,西屯區,0,2,0,8,1,5,50,4,1,1,5,4,5,7,4,4,10,5,5,2,15,6,2,9,1,1,C03,7,9,1,10,2,11,,6,6,1,22,8,C03,120.6646,24.173624,2
2022,9,24,12,10,臺中市,西區,0,0,0,8,,,50,,,,,,,,,,,,,,,42,,,,,B03,,,1,,1,,,42,,1,22,,B03,120.663212,24.134245,3
2022,9,24,12,12,臺中市,西屯區,0,0,0,8,,,50,,,,,,,,,,,,,,,23,,,,,B03,,,1,,1,,,23,,1,4,,B03,120.648567,24.160924,3
2022,9,24,12,12,臺中市,東勢區,0,0,0,,,,30,,,,,,,,,,,,,,,5,,,,,B12,,,1,,2,,,5,,1,22,,B12,120.798011,24.266608,3
2022,9,24,12,17,臺中市,西屯區,0,2,0,8,1,5,50,4,1,1,5,4,5,7,1,1,10,5,5,2,15,25,3,10,1,1,B03,7,9,1,8,2,1,,25,25,1,22,8,B03,120.633917,24.159482,2
2022,9,24,12,24,臺中市,梧棲區,0,0,0,8,,,60,,,,,,,,,,,,,,,23,,,,,B03,,,1,,2,,,23,,1,2,,B03,120.53942,24.257257,4
2022,9,24,12,30,臺中市,西屯區,0,0,0,8,,,50,,,,,,,,,,,,,,,23,,,,,B03,,,1,,1,,,23,,1,12,,B03,120.627868,24.184118,3
2022,9,24,12,38,臺中市,大里區,0,1,0,8,1,5,50,4,1,1,5,4,5,7,4,4,10,5,5,1,15,6,3,10,1,1,B03,7,9,1,8,2,5,,6,6,1,5,8,B03,120.67623,24.102468,2
2022,9,24,12,42,臺中市,西屯區,0,2,0,8,1,5,50,3,1,1,5,4,5,7,2,1,10,5,5,2,16,9,3,10,1,1,B03,7,6,1,8,1,6,,9,9,1,22,8,B03,120.637004,24.172181,2
2022,9,24,12,44,臺中市,新社區,0,0,0,8,,,50,,,,,,,,,,,,,,,12,,,,,B02,,,1,,1,,,12,,1,22,,B02,120.820996,24.179481,3
2022,9,24,12,45,臺中市,南區,0,2,0,8,1,5,50,4,1,1,5,4,3,7,4,4,10,5,5,2,17,4,2,9,1,1,C03,7,6,1,10,2,12,,4,4,1,10,8,C03,120.672017,24.125656,2
2022,9,24,12,49,臺中市,北區,0,0,0,8,,,50,,,,,,,,,,,,,,,23,,,,,B12,,,6,,6,,,23,,1,22,,B12,120.668908,24.16292,3
2022,9,24,12,55,臺中市,西區,0,0,0,,,,50,,,,,,,,,,,,,,,7,,,,,C03,,,1,,1,,,23,7,1,5,,C03,120.670857,24.137521,3
2022,9,24,12,55,臺中市,大里區,0,0,0,8,,,50,,,,,,,,,,,,,,,6,,,,,C03,,,1,,2,,,6,,1,5,,C03,120.67641,24.102621,3
2022,9,24,12,56,臺中市,西屯區,0,2,0,8,1,5,40,14,8,1,5,4,5,7,4,4,1,4,1,2,16,7,2,9,3,4,C03,7,8,1,10,2,13,,7,7,1,22,8,C03,120.641543,24.16726,2
2022,9,24,12,58,臺中市,南屯區,0,0,0,8,,,30,,,,,,,,,,,,,,,6,,,,,B03,,,1,8,1,,,6,6,1,12,,B03,120.628871,24.152891,3
2022,9,24,13,2,臺中市,龍井區,0,0,0,8,,,50,,,,,,,,,,,,,,,23,,,,,B03,,,1,,2,,,23,,1,22,,B03,120.58756,24.185322,3
2022,9,24,13,5,臺中市,梧棲區,0,3,0,8,1,5,40,4,1,1,5,4,5,7,4,4,5,5,5,1,16,6,2,9,1,1,C03,7,5,1,10,2,12,,6,6,1,4,8,C03,120.541135,24.226141,2
2022,9,24,13,18,臺中市,北屯區,0,0,0,8,,,50,,,,,,,,,,,,,,,23,,,,,A41,,,1,,1,,,23,,1,21,,A41,120.714916,24.174156,3
2022,9,24,13,20,臺中市,潭子區,0,0,0,8,,,50,,,,,,,,,,,,,,,6,,,,,B03,,,1,,2,,,6,,1,22,,B03,120.702514,24.193999,3
2022,9,24,13,22,臺中市,北區,0,0,0,8,,,50,,,,,,,,,,,,,,,7,,,,,B03,,,1,,1,,,7,,1,21,,B03,120.686354,24.152437,3
2022,9,24,13,25,臺中市,大里區,0,0,0,8,,,50,,,,,,,,,,,,,,,6,,,,,B02,,,1,,2,,,6,,1,8,,B02,120.687242,24.095523,3
2022,9,24,13,37,臺中市,大雅區,0,0,0,8,,,30,,,,,,,,,,,,,,,23,,,,,B12,,,3,,2,,,23,,1,22,,B12,120.635225,24.234325,3
2022,9,24,13,39,臺中市,大里區,0,0,0,8,,,50,,,,,,,,,,,,,,,23,,,,,B03,,,1,,2,,,23,23,1,4,,B03,120.701268,24.099994,3
2022,9,24,13,40,臺中市,梧棲區,0,0,0,8,,,50,,,,,,,,,,,,,,,23,,,,,B03,,,1,,2,,,23,,1,4,,B03,120.552066,24.25202,4
2022,9,24,13,42,臺中市,北屯區,0,0,0,8,,,50,,,,,,,,,,,,,,,6,,,,,B03,,,6,,2,,,6,,1,22,,B03,120.668596,24.185806,3
2022,9,24,13,52,臺中市,北區,0,0,0,8,,,50,,,,,,,,,,,,,,,23,,,,,B03,,,1,,1,,,23,,1,22,,B03,120.682343,24.160733,3
2022,9,24,13,53,臺中市,中區,0,0,0,8,,,30,,,,,,,,,,,,,,,43,,,,,,,,,,,,,43,,1,,,,120.678591,24.140578,3
2022,9,24,13,58,臺中市,西屯區,0,1,0,8,1,5,50,4,1,1,5,4,5,7,1,1,10,5,5,2,1,15,3,10,1,1,B03,7,5,1,8,1,1,,15,15,1,4,8,B03,120.639066,24.164951,2
2022,9,24,14,5,臺中市,西屯區,0,0,0,8,,,50,,,,,,,,,,,,,,,6,,,,,B03,,,1,,2,,,6,,1,22,,B03,120.594619,24.196192,3
2022,9,24,14,5,臺中市,烏日區,0,1,0,8,1,5,30,4,1,1,5,4,5,7,4,4,10,5,5,2,16,6,2,7,1,1,C03,7,9,1,10,2,11,,6,6,1,5,4,C03,120.635027,24.11043,2
2022,9,24,14,6,臺中市,外埔區,0,0,0,8,,,50,,,,,,,,,,,,,,,23,,,,,B03,,,1,,1,,,23,,1,22,,B03,120.638656,24.341822,3
2022,9,24,14,10,臺中市,南屯區,0,0,0,8,1,5,50,4,2,1,5,4,5,7,2,1,5,5,4,2,13,23,3,10,1,1,B03,7,9,1,8,2,1,,23,23,1,19,5,B03,120.646681,24.153613,3
2022,9,24,14,21,臺中市,神岡區,0,0,0,8,,,30,,,,,,,,,,,,,,,23,,,,,B03,,,1,,2,,,23,,1,22,,B03,120.682675,24.243338,3
2022,9,24,14,27,臺中市,南區,0,1,0,8,1,5,50,14,11,1,5,4,5,7,4,4,9,5,4,2,3,43,3,10,1,1,C03,7,9,1,10,2,11,,43,43,1,22,8,C03,120.680195,24.128787,2
2022,9,24,14,35,臺中市,北區,0,0,0,8,,,50,,,,,,,,,,,,,,,7,,,,,A42,,,1,,2,,,7,,1,22,,A42,120.683437,24.15371,3
2022,9,24,14,40,臺中市,大雅區,0,2,0,8,1,5,50,3,2,1,5,4,5,7,4,4,5,5,5,1,16,6,2,9,1,1,C03,7,5,1,10,2,14,,6,6,1,22,9,C03,120.670534,24.225668,2
2022,9,24,14,57,臺中市,大里區,0,0,0,8,,,30,,,,,,,,,,,,,,,42,,,,,B03,,,1,,2,,,42,,1,4,,B03,120.694032,24.089548,3
2022,9,24,14,59,臺中市,大雅區,0,2,0,8,1,5,50,3,2,1,5,4,5,7,4,4,5,5,5,1,16,27,3,10,1,1,B03,7,5,1,8,2,8,,27,27,1,22,9,B03,120.653466,24.220484,2
2022,9,24,15,0,臺中市,南屯區,0,0,0,8,1,5,30,3,9,1,5,4,5,7,4,4,10,5,5,2,17,42,,,,,,,,,,,,,42,42,1,,,,120.612593,24.137783,3
2022,9,24,15,2,臺中市,西屯區,0,1,0,8,1,5,30,14,9,1,5,4,5,7,4,4,10,5,5,2,11,43,3,10,1,1,B03,7,9,1,8,2,4,,43,43,1,22,8,B03,120.664582,24.165304,2
2022,9,24,15,4,臺中市,西區,0,1,0,8,1,5,50,4,1,1,5,4,5,7,1,1,10,5,5,2,16,6,3,10,1,1,B03,7,6,1,8,2,5,,6,6,1,5,8,B03,120.653874,24.150853,2
2022,9,24,15,7,臺中市,南區,0,1,0,8,1,5,50,4,1,1,5,4,5,7,1,1,10,5,5,2,16,42,2,9,1,1,C03,7,15,6,10,2,12,,42,42,1,22,9,C03,120.64874,24.12253,2
2022,9,24,15,10,臺中市,西屯區,0,1,0,8,1,5,40,4,2,1,5,4,5,7,3,1,8,3,4,1,17,6,2,9,1,1,C03,7,9,1,10,2,12,,6,6,1,22,8,C03,120.638662,24.185333,2
2022,9,24,15,18,臺中市,北屯區,0,0,0,8,,,50,,,,,,,,,,,,,,,42,,,,,B03,,,1,,1,,,42,,1,5,,B03,120.709026,24.164851,3
2022,9,24,15,19,臺中市,大里區,0,0,0,8,,,50,,,,,,,,,,,,,,,23,,,,,B03,,,1,,2,,,23,,1,22,,B03,120.695549,24.082558,3
2022,9,24,15,33,臺中市,西屯區,0,0,0,8,,,50,,,,,,,,,,,,,,,23,,,,,B03,,,1,,2,,,23,23,1,22,,B03,120.65886,24.201158,3
2022,9,24,15,36,臺中市,北區,0,0,0,8,,,50,,,,,,,,,,,,,,,23,,,,,C03,,,1,,2,,,23,23,1,22,,C03,120.675605,24.165241,3
2022,9,24,15,38,臺中市,梧棲區,0,1,0,8,1,5,40,4,1,1,5,4,5,7,2,1,5,4,5,1,13,16,2,9,1,1,C03,7,9,1,10,2,11,,16,16,1,4,8,C03,120.532031,24.228773,2
2022,9,24,15,40,臺中市,東區,0,1,0,8,1,5,50,4,1,1,5,4,5,7,1,1,5,5,5,2,12,7,2,7,1,1,C03,7,8,1,10,2,12,,7,7,1,22,8,C03,120.701518,24.140311,2
2022,9,24,15,44,臺中市,西屯區,0,0,0,8,,,50,,,,,,,,,,,,,,,12,,,,,B03,,,1,,1,,,12,,1,22,,B03,120.624596,24.185362,3
2022,9,24,15,45,臺中市,大甲區,0,1,0,8,1,5,50,4,1,1,5,4,5,7,1,1,10,5,5,2,16,23,2,9,1,1,C03,7,9,1,10,2,14,,23,23,1,4,1,C03,120.629928,24.345623,2
2022,9,24,15,49,臺中市,西屯區,0,0,0,8,,,40,,,,,,,,,,,,,,,23,,,,,B02,,,1,,1,,,23,,1,22,,B02,120.640794,24.166882,3
2022,9,24,15,50,臺中市,清水區,0,0,0,8,,,70,,,,,,,,,,,,,,,7,,,,,A41,,,1,,2,,,7,,1,5,,A41,120.554893,24.29484,3
2022,9,24,15,53,臺中市,西屯區,0,0,0,8,,,40,,,,,,,,,,,,,,,25,,,,,B03,,,1,,2,,,25,,1,22,,B03,120.628867,24.162746,3
2022,9,24,15,55,臺中市,沙鹿區,0,2,0,8,1,5,50,4,1,1,5,4,5,7,1,1,1,2,4,2,12,7,2,9,1,1,C03,7,7,4,10,2,14,,7,7,1,4,8,C03,120.56911,24.255831,2
2022,9,24,15,57,臺中市,西區,0,1,0,8,1,5,50,3,1,1,5,4,5,7,1,1,10,5,5,2,16,6,3,10,1,1,B03,7,5,1,8,2,1,,6,6,1,22,9,B03,120.658502,24.155427,2
2022,9,24,16,0,臺中市,梧棲區,0,0,0,8,,,50,,,,,,,,,,,,,,,23,,,,,B03,,,1,,2,,,23,,1,18,,B03,120.537358,24.256946,3
2022,9,24,16,2,臺中市,西區,0,0,0,8,,,50,,,,,,,,,,,,,,,23,,,,,B12,,,1,,1,,,23,,1,5,,B12,120.675855,24.133176,3
2022,9,24,16,5,臺中市,梧棲區,0,1,0,8,1,5,50,3,1,1,5,4,5,7,4,4,1,4,2,1,16,26,3,10,1,1,B03,7,6,1,8,2,5,,26,26,1,4,8,B03,120.550573,24.241437,2
2022,9,24,16,6,臺中市,西屯區,0,0,0,8,,,50,,,,,,,,,,,,,,,26,,,,,B03,,,1,,1,,,26,,1,22,,B03,120.649535,24.163476,3
2022,9,24,16,10,臺中市,西屯區,0,0,0,8,,,50,,,,,,,,,,,,,,,23,,,,,B03,,,1,,3,,,23,,1,20,,B03,120.65913,24.193145,3
2022,9,24,16,11,臺中市,西區,0,1,0,8,2,5,50,14,9,1,5,4,5,7,4,4,3,4,5,2,13,16,2,9,1,1,C03,7,9,1,10,2,11,,16,16,1,21,8,C03,120.666437,24.140899,2
2022,9,24,16,11,臺中市,大里區,0,1,0,8,1,5,50,14,9,1,5,4,5,7,4,4,5,4,4,1,16,19,3,10,3,4,B03,7,1,1,8,2,4,,19,19,1,22,9,B03,120.679149,24.108945,2
2022,9,24,16,15,臺中市,南屯區,0,0,0,8,2,5,50,4,2,1,5,4,5,7,2,1,1,4,5,2,13,23,3,10,1,1,B03,7,9,1,8,3,8,1,23,23,1,1,5,B03,120.647232,24.140205,3
2022,9,24,16,26,臺中市,西屯區,0,0,0,8,,,50,,,,,,,,,,,,,,,12,,,,,B03,,,1,,1,,,12,,1,22,,B03,120.621045,24.178778,3
2022,9,24,16,28,臺中市,東區,0,0,0,,,,50,,,,,,,,,,,,,,,42,,,,,B12,,,1,,2,,,42,,1,22,,B12,120.698769,24.132044,3
2022,9,24,16,30,臺中市,神岡區,0,1,0,8,1,5,30,4,1,1,5,4,5,7,4,4,10,5,5,2,16,6,2,9,1,1,C03,7,9,1,10,2,12,,6,6,1,21,8,C03,120.685803,24.251468,2
2022,9,24,16,39,臺中市,西屯區,0,1,0,8,2,5,40,4,1,1,5,4,5,7,2,1,10,5,5,2,3,15,3,10,1,1,B03,7,6,1,8,2,5,,15,15,1,22,8,B03,120.644251,24.194815,2
2022,9,24,16,45,臺中市,北屯區,0,0,0,8,,,50,,,,,,,,,,,,,,,10,,,,,B03,,,1,,2,,,10,10,1,22,,B03,120.686895,24.194616,3
2022,9,24,16,50,臺中市,沙鹿區,0,0,0,8,,,50,,,,,,,,,,,,,,,25,,,,,C03,,,1,,2,,,25,,1,18,,C03,120.568814,24.223568,3
2022,9,24,16,52,臺中市,北屯區,0,0,0,8,,,50,,,,,,,,,,,,,,,8,,,,,B03,,,1,,2,,,8,,1,5,,B03,120.682083,24.181493,3
2022,9,24,17,0,臺中市,龍井區,0,2,0,8,2,5,50,4,9,1,5,4,5,7,2,1,1,4,1,2,3,51,2,5,4,1,H01,8,16,8,20,10,16,,51,51,1,22,9,H01,120.585748,24.18628,2
2022,9,24,17,2,臺中市,北屯區,0,0,0,8,,,50,,,,,,,,,,,,,,,19,,,,,B03,,,1,,1,,,19,,1,5,,B03,120.718943,24.178225,3
2022,9,24,17,3,臺中市,梧棲區,0,1,0,8,1,5,40,4,1,1,5,4,5,7,1,1,5,4,5,1,15,25,2,7,1,1,C03,7,9,1,10,2,11,,25,25,1,4,8,C03,120.537105,24.242313,2
2022,9,24,17,10,臺中市,南區,0,1,0,8,1,5,50,3,1,1,5,4,5,7,4,4,5,4,5,2,12,23,3,10,3,4,B03,7,6,1,8,2,2,,23,23,1,21,8,B03,120.667274,24.128414,2
2022,9,24,17,10,臺中市,梧棲區,0,1,0,8,1,5,30,4,1,1,5,4,5,7,4,4,10,5,5,2,17,43,2,9,2,1,F01,7,9,8,20,10,16,,43,43,1,16,8,F01,120.534649,24.234241,2
2022,9,24,17,11,臺中市,北屯區,0,0,0,8,,,50,,,,,,,,,,,,,,,23,,,,,B03,,,1,,1,,,23,,1,22,,B03,120.704283,24.169528,3
2022,9,24,17,13,臺中市,梧棲區,0,1,0,8,1,5,50,4,1,1,5,4,5,7,2,1,1,4,1,2,16,8,3,10,1,1,F03,7,5,8,20,2,16,,8,8,1,4,8,F03,120.539747,24.25773,2
2022,9,24,17,18,臺中市,豐原區,0,1,0,8,1,5,50,3,1,1,5,4,5,7,1,1,10,5,5,2,16,25,3,10,1,1,B03,7,5,1,8,2,1,,44,25,1,21,8,B03,120.72893,24.257088,2
2022,9,24,17,20,臺中市,南區,0,1,0,8,1,5,1,3,1,1,5,4,5,7,4,4,10,5,5,2,17,6,3,10,1,1,C03,7,5,1,10,2,14,,6,6,1,22,8,C03,120.649121,24.118157,2
2022,9,24,17,29,臺中市,潭子區,0,2,0,8,2,5,50,5,1,1,5,4,5,7,2,1,10,5,5,2,13,23,2,9,1,1,F02,7,6,8,20,2,16,,23,23,1,21,8,F02,120.697961,24.21663,2
2022,9,24,17,37,臺中市,霧峰區,0,2,0,8,2,5,40,4,1,1,5,4,5,7,1,1,10,5,5,2,15,25,2,8,1,1,C03,7,9,1,10,2,11,,25,25,1,22,8,C03,120.662003,24.068702,2
2022,9,24,17,39,臺中市,北區,0,1,0,8,1,5,50,3,1,1,5,4,5,7,4,4,10,5,5,2,16,6,3,10,1,1,B03,7,6,1,8,2,6,,6,6,1,22,8,B03,120.674796,24.162672,2
2022,9,24,17,39,臺中市,西屯區,0,1,0,8,1,5,50,4,1,1,5,4,5,7,1,1,10,5,5,2,3,15,3,10,3,4,B03,7,5,1,8,2,1,,15,15,1,22,8,B03,120.61649,24.175738,2
2022,9,24,17,41,臺中市,東區,0,1,0,7,3,5,50,14,9,1,5,4,5,7,4,4,5,4,5,2,18,23,2,9,1,1,C03,7,9,6,10,2,14,,23,23,1,22,9,C03,120.706761,24.131138,2
2022,9,24,17,41,臺中市,太平區,0,0,0,8,,,40,,,,,,,,,,,,,,,26,,,,,B03,,,1,,2,,,26,,1,9,,B03,120.712558,24.149759,3
2022,9,24,17,44,臺中市,西屯區,0,0,0,8,,,50,,,,,,,,,,,,,,,44,,,,,A42,,,1,,1,,,44,,1,21,,A42,120.655601,24.199887,3
2022,9,24,17,46,臺中市,西區,0,1,0,8,2,5,40,14,8,1,5,4,5,7,4,4,1,4,4,2,13,16,3,10,1,1,C03,7,9,1,10,1,13,,44,16,2,5,8,C03,120.672311,24.146361,2
2022,9,24,17,48,臺中市,沙鹿區,0,2,0,8,3,5,40,14,8,1,5,4,5,7,4,4,1,4,4,2,17,40,3,10,2,1,B03,7,13,4,10,2,4,,40,40,1,4,8,B03,120.568029,24.207931,2
2022,9,24,17,49,臺中市,西屯區,0,1,0,8,1,5,30,4,1,1,5,4,5,7,4,4,10,5,5,2,16,26,2,8,1,1,C03,7,9,1,10,2,11,,26,26,1,22,8,C03,120.641373,24.172127,2
2022,9,24,18,1,臺中市,南區,0,0,0,8,1,5,50,14,1,1,5,4,5,7,4,4,5,4,5,2,16,23,3,10,1,1,C03,7,9,1,10,2,12,,23,23,1,22,8,C03,120.681897,24.133974,3
2022,9,24,18,6,臺中市,南屯區,0,1,0,8,2,5,50,3,1,1,5,4,5,7,4,4,10,5,5,2,16,10,3,10,1,1,B03,7,11,1,8,2,8,4,10,10,1,20,5,B03,120.648072,24.135876,2