年,月,日,時,分,縣市,區,死,受傷,2-30,天候,光線,道路類別,速限,道路型態,事故位置,路面鋪裝,路面狀態,路面缺陷,障礙物,視距,號誌種類,號誌動作,分向設施,快車道或一般車道間,快慢車道間,路面邊線,事故類型及型態,主要肇因,受傷程度,主要傷處,保護裝備,行動電話,當事者區分,車輛用途,當事者行動狀態,駕駛資格情形,駕駛執照種類,飲酒情形,車輛撞擊部位最初,車輛撞擊部位其他,肇事因素個別,肇事因素主要,肇事逃逸,職業,旅次目的,車種,GPS緯度,GPS經度,事故類別
2022,9,25,20,21,臺中市,南屯區,0,2,0,8,3,5,50,14,7,1,5,4,5,7,4,4,5,5,4,2,3,51,2,9,4,5,H01,8,16,8,20,10,16,,51,51,1,4,7,H01,120.63578,24.147301,2
2022,9,25,20,30,臺中市,東區,0,1,0,8,3,5,50,3,1,1,5,4,5,7,2,1,5,5,5,2,12,9,3,10,1,1,C03,7,6,1,10,2,12,,9,9,1,22,8,C03,120.687648,24.137131,2
2022,9,25,20,30,臺中市,西屯區,0,2,0,8,3,5,40,4,2,1,5,4,5,7,2,1,8,3,5,1,11,6,3,10,1,1,B01,7,5,1,4,2,6,,6,6,1,22,8,B01,120.666755,24.175127,2
2022,9,25,20,35,臺中市,龍井區,0,1,0,8,3,5,40,14,9,1,5,4,5,7,4,4,5,4,5,1,16,8,3,10,1,1,C03,7,9,1,10,2,11,,42,8,1,3,9,C03,120.59194,24.181321,2
2022,9,25,20,40,臺中市,清水區,0,2,0,8,3,5,50,4,1,1,5,4,5,7,1,1,10,5,5,2,16,6,2,9,1,1,C03,7,5,2,18,2,11,12,6,6,1,5,5,C03,120.56411,24.277449,2
2022,9,25,20,41,臺中市,龍井區,0,1,0,8,3,5,50,4,1,1,5,4,5,7,2,1,4,1,5,1,16,6,3,10,1,1,C03,7,5,1,10,2,11,,6,42,1,22,9,C03,120.58409,24.182019,2
2022,9,25,20,47,臺中市,北區,0,0,0,8,,,50,,,,,,,,,,,,,,,23,,,,,C03,,,1,,11,,,23,,1,22,,C03,120.681165,24.15873,3
2022,9,25,20,50,臺中市,北區,0,0,0,8,,,30,,,,,,,,,,,,,,,12,,,,,B03,,,1,,11,,,12,,1,22,,B03,120.679429,24.151781,3
2022,9,25,20,55,臺中市,西屯區,0,1,0,8,1,5,50,14,9,1,5,4,5,7,4,4,1,4,5,2,16,6,3,10,3,4,B03,7,6,1,8,2,5,,6,6,1,22,8,B03,120.663195,24.172633,2
2022,9,25,21,9,臺中市,沙鹿區,0,0,0,8,,,40,,,,,,,,,,,,,,,7,,,,,C03,,,1,,2,,,7,,1,4,,C03,120.566781,24.23694,3
2022,9,25,21,10,臺中市,西屯區,0,2,0,8,3,5,50,4,2,2,5,4,5,7,2,1,8,3,5,1,17,43,2,9,1,1,C03,7,9,1,9,11,14,,43,43,1,22,8,C03,120.617698,24.175675,2
2022,9,25,21,20,臺中市,梧棲區,0,0,0,8,,,50,,,,,,,,,,,,,,,12,,,,,B03,,,1,,2,,,12,,1,9,,B03,120.535399,24.260949,3
2022,9,25,21,22,臺中市,霧峰區,0,1,0,8,3,5,40,4,1,1,5,4,5,7,1,1,10,5,5,2,16,8,2,9,1,1,C03,7,5,1,10,2,14,,8,8,1,18,8,C03,120.662522,24.072078,2
2022,9,25,21,23,臺中市,烏日區,0,0,0,8,,,40,,,,,,,,,,,,,,,23,,,,,B03,,,1,,2,,,23,,1,21,,B03,120.618232,24.117252,3
2022,9,25,21,24,臺中市,大里區,0,0,0,8,3,5,50,14,8,1,5,4,5,7,4,4,5,5,4,2,17,18,,,,,B03,,,1,,1,,,18,,1,22,,B03,120.677776,24.113328,3
2022,9,25,21,25,臺中市,龍井區,0,0,0,,,,30,,,,,,,,,,,,,,,6,,,,,B03,,,1,,1,,,6,,1,22,,B03,120.590186,24.189435,3
2022,9,25,21,30,臺中市,烏日區,0,2,0,8,3,5,30,3,1,1,5,4,5,7,4,4,1,5,5,2,13,16,3,10,1,1,B03,7,5,1,8,2,8,,16,16,1,21,8,B03,120.616558,24.111694,2
2022,9,25,21,36,臺中市,大里區,0,1,0,8,3,5,30,14,9,1,5,4,5,7,4,4,10,5,5,2,9,23,2,9,1,1,C03,7,9,1,10,2,12,,23,23,1,22,9,C03,120.72788,24.090663,2
2022,9,25,21,46,臺中市,大里區,0,1,0,8,3,5,50,14,9,1,5,4,5,7,1,1,3,4,4,1,16,6,3,10,1,1,B03,7,6,1,8,2,5,,6,6,1,22,8,B03,120.685276,24.103083,2
2022,9,25,21,49,臺中市,大里區,0,0,0,8,3,5,50,4,2,1,5,4,5,7,1,1,1,2,5,1,13,23,,,,,B03,,,1,,2,,,23,,1,22,,B03,120.671736,24.102346,3
2022,9,25,22,0,臺中市,北區,0,0,0,8,3,5,50,14,9,1,5,4,5,7,4,4,9,5,5,2,12,23,3,10,1,1,B03,7,9,1,8,1,2,,23,23,1,5,5,B03,120.685345,24.150083,3
2022,9,25,22,8,臺中市,西屯區,0,1,0,8,3,5,50,4,2,1,5,4,5,7,1,1,1,2,1,2,16,42,2,9,3,4,C03,7,15,1,10,2,15,,42,42,1,22,8,C03,120.637328,24.178903,2
2022,9,25,22,10,臺中市,東區,0,1,0,8,3,5,50,4,9,1,5,4,5,7,1,1,9,4,5,2,18,43,2,9,1,1,C03,7,9,1,10,2,12,,43,43,1,5,1,C03,120.701395,24.125646,2
2022,9,25,22,10,臺中市,大里區,0,1,0,8,3,5,50,3,1,1,5,4,5,7,1,1,10,5,5,2,16,9,3,10,1,1,B12,7,6,1,8,2,5,,9,9,1,22,8,B12,120.681558,24.094019,2
2022,9,25,22,15,臺中市,大雅區,0,2,0,8,3,5,50,4,2,1,5,4,5,7,4,4,5,5,5,1,17,26,2,9,1,1,F01,7,11,8,20,2,16,,26,26,1,21,8,F01,120.645026,24.225604,2
2022,9,25,22,29,臺中市,大里區,0,0,0,8,3,5,50,14,8,1,5,4,5,7,4,4,5,5,4,1,17,23,,,,,C03,,,1,,2,,,23,,1,22,,C03,120.68384,24.110915,3
2022,9,25,22,33,臺中市,西區,0,0,0,8,3,5,50,4,2,1,5,4,5,7,4,4,5,5,5,2,12,7,,,,,B01,,,1,,1,,,7,7,1,10,,B01,120.673953,24.147274,3
2022,9,25,23,0,臺中市,清水區,0,0,0,,,,60,,,,,,,,,,,,,,,23,,,,,B03,,,1,,2,,,23,,1,5,,B03,120.596946,24.306064,3
2022,9,25,23,6,臺中市,西屯區,0,0,0,8,3,5,50,5,1,1,5,4,5,7,1,1,1,4,5,2,16,6,3,10,1,1,B01,7,6,1,4,2,8,,6,6,1,10,8,B01,120.638222,24.175338,3
2022,9,25,23,7,臺中市,龍井區,0,1,0,8,3,5,50,3,9,1,5,4,5,7,4,4,5,5,5,1,13,23,2,8,3,4,C03,7,9,1,10,2,11,,23,23,1,5,8,C03,120.585779,24.181656,2
2022,9,25,23,13,臺中市,龍井區,0,0,0,8,,,30,,,,,,,,,,,,,,,42,,,,,C03,,,1,,2,,,42,,1,18,,C03,120.6,24.1,3
2022,9,25,23,43,臺中市,北屯區,0,1,0,8,3,5,50,14,9,1,5,4,5,7,4,4,1,4,5,2,23,23,2,9,1,1,B03,7,9,1,8,2,1,,23,23,1,21,8,B03,120.733841,24.15843,2
2022,9,26,0,4,臺中市,東區,0,1,0,8,3,5,50,4,1,1,5,4,5,7,2,1,1,4,4,2,15,25,2,9,1,4,C03,7,9,1,10,2,14,,25,25,1,21,8,C03,120.692481,24.147967,2
2022,9,26,1,25,臺中市,北屯區,0,0,0,8,,,50,,,,,,,,,,,,,,,23,,,,,B03,,,1,,1,,,23,,1,22,,B03,120.701826,24.182015,3
2022,9,26,1,57,臺中市,太平區,0,0,0,8,,,50,,,,,,,,,,,,,,,43,,,,,C02,,,1,,1,,,43,,1,21,,C02,120.71797,24.116141,3
2022,9,26,2,45,臺中市,西屯區,0,0,0,8,,,50,,,,,,,,,,,,,,,43,,,,,C03,,,1,,1,,,43,,1,22,,C03,120.639328,24.179858,3
2022,9,26,3,5,臺中市,太平區,0,0,0,8,,,30,,,,,,,,,,,,,,,45,,,,,B03,,,1,,2,,,45,,1,5,,B03,120.81423,24.093674,3
2022,9,26,3,43,臺中市,北區,0,0,0,8,,,30,,,,,,,,,,,,,,,12,,,,,B12,,,1,,11,,,12,,2,22,,B12,120.672528,24.153566,3
2022,9,26,5,10,臺中市,西屯區,0,1,0,8,1,8,80,14,9,1,5,4,5,7,4,4,1,4,5,1,18,42,2,1,3,4,B03,7,9,3,18,1,5,2,42,42,1,22,9,B03,120.634948,24.179291,2
2022,9,26,6,20,臺中市,大里區,0,0,0,8,,,30,,,,,,,,,,,,,,,5,,,,,B03,,,1,,2,,,5,,1,5,,B03,120.696527,24.120589,3
2022,9,26,6,30,臺中市,西屯區,0,0,0,8,1,5,30,3,2,1,5,4,5,7,4,4,5,5,5,2,12,9,3,10,1,1,B03,7,6,1,8,1,2,,9,9,1,20,8,B03,120.644522,24.174475,3
2022,9,26,6,38,臺中市,北屯區,0,2,0,8,1,5,30,4,1,1,5,4,5,7,3,1,10,5,5,2,15,6,3,10,1,1,B03,7,9,1,8,2,2,,6,6,1,21,8,B03,120.694488,24.188181,2
2022,9,26,7,4,臺中市,神岡區,0,1,0,8,1,5,50,15,9,1,5,4,5,7,4,4,5,5,5,1,17,10,3,10,1,1,B03,7,11,1,8,2,8,,10,10,1,22,8,B03,120.696554,24.253126,2
2022,9,26,7,6,臺中市,東勢區,0,0,0,8,1,5,50,3,9,1,5,4,5,7,4,4,5,5,5,1,17,43,,,,,,,,,,,,,43,43,1,,,,120.861158,24.237186,3
2022,9,26,7,15,臺中市,大雅區,0,2,0,8,1,5,30,3,1,1,5,4,5,7,4,4,10,5,5,1,12,1,2,9,1,1,C03,7,9,1,10,2,12,,1,1,1,22,9,C03,120.65876,24.217305,2
2022,9,26,7,18,臺中市,梧棲區,0,1,0,8,1,5,40,3,1,1,5,4,5,7,4,4,5,5,5,1,16,6,3,10,1,1,B03,7,6,1,8,2,7,,6,6,1,4,8,B03,120.544642,24.240509,2
2022,9,26,7,21,臺中市,南區,0,0,0,8,,,50,,,,,,,,,,,,,,,16,,,,,B03,,,1,,2,,,16,,1,22,,B03,120.66864,24.12911,3
2022,9,26,7,22,臺中市,豐原區,0,0,0,8,,,60,,,,,,,,,,,,,,,16,,,,,C03,,,1,,2,,,16,,1,21,,C03,120.703383,24.249277,3
2022,9,26,7,27,臺中市,南區,0,3,0,8,1,5,50,4,1,1,5,4,5,7,2,1,10,5,5,2,17,42,2,9,1,1,C03,7,15,4,8,2,14,,42,42,1,21,8,C03,120.666824,24.119158,2
2022,9,26,7,28,臺中市,南屯區,0,1,0,8,1,5,50,4,1,1,5,4,5,7,1,1,10,5,5,2,16,8,3,10,1,1,B03,7,5,1,7,2,6,,8,8,1,5,8,B03,120.60175,24.139333,2
2022,9,26,7,28,臺中市,豐原區,0,2,0,8,1,5,50,4,1,1,5,4,5,7,1,1,10,5,5,2,17,25,2,8,3,4,C03,7,5,3,18,2,13,,25,25,1,22,8,C03,120.707575,24.243641,2
2022,9,26,7,28,臺中市,豐原區,0,2,0,8,1,5,50,3,9,1,5,4,5,7,4,4,5,5,5,2,3,23,2,8,1,1,C03,7,9,1,10,2,14,,23,23,1,22,8,C03,120.721927,24.255147,2
2022,9,26,7,29,臺中市,西屯區,0,0,0,8,,,50,,,,,,,,,,,,,,,23,,,,,B03,,,1,,1,,,23,,1,22,,B03,120.649082,24.161598,3
2022,9,26,7,30,臺中市,大雅區,0,1,0,8,1,5,50,4,1,1,5,4,5,7,1,1,3,4,3,1,15,25,2,9,1,1,C03,7,9,1,10,2,15,,25,25,1,22,8,C03,120.62905,24.206204,2
2022,9,26,7,32,臺中市,西屯區,0,0,0,,,,80,,,,,,,,,,,,,,,16,,,,,B12,,,,,1,,,16,,1,22,,B12,120.650589,24.197587,3
2022,9,26,7,33,臺中市,北屯區,0,0,0,8,,,50,,,,,,,,,,,,,,,27,,,,,B03,,,1,,1,,,27,,1,21,,B03,120.720998,24.180085,3
2022,9,26,7,33,臺中市,后里區,0,1,0,8,2,5,40,3,1,1,5,4,3,7,4,4,10,5,5,2,16,5,3,10,1,1,B03,7,9,1,8,2,1,,5,5,1,22,8,B03,120.725918,24.308235,2
2022,9,26,7,34,臺中市,后里區,0,2,0,8,2,5,50,3,1,1,5,4,5,7,1,1,10,5,5,1,11,6,2,9,1,1,C03,7,5,1,10,2,11,,6,6,1,22,8,C03,120.718489,24.311677,2
2022,9,26,7,35,臺中市,沙鹿區,0,0,0,8,,,40,,,,,,,,,,,,,,,23,,,,,C03,,,1,,2,,,23,,1,3,,C03,120.5522,24.215276,3
2022,9,26,7,35,臺中市,神岡區,0,0,0,8,,,60,,,,,,,,,,,,,,,16,,,,,B03,,,1,,1,,,16,,1,22,,B03,120.696728,24.23394,3
2022,9,26,7,37,臺中市,北屯區,0,0,0,8,,,50,,,,,,,,,,,,,,,16,,,,,B03,,,1,,2,,,16,,1,21,,B03,120.690799,24.18242,3
2022,9,26,7,40,臺中市,南屯區,0,0,0,8,,,50,,,,,,,,,,,,,,,23,,,,,B03,,,1,8,1,,,23,23,1,12,,B03,120.646789,24.146405,3
2022,9,26,7,40,臺中市,北屯區,0,0,0,8,,,50,,,,,,,,,,,,,,,16,,,,,B03,,,1,,1,,,16,,1,21,,B03,120.687285,24.200781,3
2022,9,26,7,40,臺中市,烏日區,0,2,0,8,1,5,40,14,8,1,5,4,5,7,2,1,1,4,4,1,13,23,2,9,1,1,C03,7,9,1,10,2,11,,23,23,1,21,8,C03,120.59865,24.111106,2
2022,9,26,7,44,臺中市,南區,0,2,0,8,1,5,50,3,1,1,5,4,5,7,3,1,1,4,5,2,16,26,2,9,1,1,C03,7,11,1,10,2,11,,26,26,1,22,8,C03,120.669991,24.12058,2
2022,9,26,7,44,臺中市,西屯區,0,2,0,8,1,5,50,14,9,1,5,4,5,7,4,4,4,3,5,2,13,16,2,9,1,1,C03,7,9,1,10,2,11,,16,16,1,22,8,C03,120.605436,24.16138,2
2022,9,26,7,45,臺中市,太平區,0,0,0,8,,,50,,,,,,,,,,,,,,,23,,,,,C03,,,1,,1,,,23,,1,21,,C03,120.723712,24.133911,3
2022,9,26,7,45,臺中市,龍井區,0,1,0,8,1,5,50,4,2,1,5,4,5,7,4,4,5,5,5,1,13,16,2,8,1,1,C03,7,9,4,8,2,11,,16,16,1,22,8,C03,120.588857,24.188376,2
2022,9,26,7,45,臺中市,神岡區,0,1,0,8,1,5,60,14,9,1,5,4,5,7,4,4,1,4,4,1,13,16,2,9,1,1,C03,7,9,1,10,2,11,,16,16,1,22,1,C03,120.697045,24.234003,2
2022,9,26,7,46,臺中市,豐原區,0,1,0,8,1,5,50,14,8,1,5,4,5,7,4,4,5,5,4,2,12,17,3,10,1,1,B03,7,9,1,8,2,2,,17,17,1,21,1,B03,120.711755,24.249066,2
2022,9,26,7,48,臺中市,東區,0,1,0,8,1,5,50,5,1,1,5,4,5,7,1,1,10,5,5,2,16,42,3,10,1,1,B03,7,6,1,8,2,2,,42,42,1,5,8,B03,120.693452,24.133073,2
2022,9,26,7,50,臺中市,南屯區,0,0,0,8,,,50,,,,,,,,,,,,,,,26,,,,,B12,,,1,,2,,,26,,1,22,,B12,120.623399,24.135649,3
2022,9,26,7,54,臺中市,潭子區,0,2,0,8,1,5,50,4,2,1,5,4,5,7,1,1,3,4,4,1,13,23,2,7,1,1,C03,7,14,1,10,2,11,,23,23,1,22,8,C03,120.688133,24.216082,2
2022,9,26,7,55,臺中市,烏日區,0,1,0,8,1,5,40,3,7,1,5,4,5,7,4,4,1,4,4,1,12,7,2,9,1,1,C03,7,7,1,10,2,14,,7,7,1,21,8,C03,120.640462,24.108689,2
2022,9,26,7,55,臺中市,大甲區,0,2,0,8,1,5,50,4,1,1,5,4,5,7,4,4,10,5,5,2,16,26,2,8,1,1,C03,7,6,1,10,2,12,,26,26,1,20,8,C03,120.618758,24.350165,2
2022,9,26,8,1,臺中市,新社區,0,2,0,8,1,5,50,4,9,1,5,4,5,7,4,4,5,5,5,1,17,19,2,9,3,4,C03,7,1,1,10,2,14,,19,19,1,22,8,C03,120.807115,24.241268,2
2022,9,26,8,9,臺中市,大甲區,0,1,0,8,1,5,50,3,1,1,5,4,5,7,3,1,10,5,5,2,16,9,3,10,1,1,B03,7,6,1,8,2,2,,9,9,1,4,1,B03,120.619386,24.345606,2
2022,9,26,8,10,臺中市,中區,0,0,0,8,,,50,,,,,,,,,,,,,,,23,,,,,A04,,,1,,2,,,23,,1,10,,A04,120.682216,24.140123,3
2022,9,26,8,17,臺中市,東勢區,0,1,0,8,1,5,40,14,20,4,5,4,5,7,4,4,10,5,5,2,18,43,2,9,3,4,C03,7,9,1,10,2,12,,43,43,1,22,8,C03,120.831624,24.256331,2
2022,9,26,8,24,臺中市,西屯區,0,1,0,8,1,5,40,14,8,1,5,4,5,7,4,4,1,5,1,2,12,6,3,10,1,1,B03,7,6,1,8,2,2,,6,6,1,22,8,B03,120.616914,24.182534,2
2022,9,26,8,26,臺中市,北屯區,0,1,0,8,1,8,50,3,9,1,5,4,5,7,1,1,1,4,5,1,13,23,2,8,1,1,C03,7,9,1,10,2,11,,23,23,1,21,8,C03,120.671306,24.201214,2
2022,9,26,8,28,臺中市,南屯區,0,0,0,8,,,50,,,,,,,,,,,,,,,7,,,,,C03,,,1,,1,,,7,,1,5,,C03,120.617248,24.153808,3
2022,9,26,8,28,臺中市,西屯區,0,1,0,8,1,5,40,14,8,1,5,4,5,7,4,4,1,4,4,2,17,23,2,9,3,4,C03,7,9,1,10,2,14,,23,23,1,22,8,C03,120.639556,24.164911,2
2022,9,26,8,32,臺中市,北屯區,0,0,0,8,,,50,,,,,,,,,,,,,,,16,,,,,B03,,,1,,1,,,16,,1,21,,B03,120.730036,24.177033,3
2022,9,26,8,32,臺中市,大里區,0,2,0,8,1,5,30,4,1,1,5,4,5,7,4,4,10,5,5,2,15,6,2,8,1,1,C03,7,9,1,10,5,11,,6,6,1,4,5,C03,120.700487,24.091034,2
2022,9,26,8,36,臺中市,中區,0,2,0,8,1,5,50,4,1,1,5,4,5,7,2,1,10,5,5,2,15,25,2,8,1,1,C03,7,9,1,10,2,14,,44,25,1,22,9,C03,120.679913,24.137942,2
2022,9,26,8,39,臺中市,南區,0,0,0,,,,30,,,,,,,,,,,,,,,23,,,,,C03,,,1,,2,,,23,,1,21,,C03,120.676469,24.129315,3
2022,9,26,8,39,臺中市,太平區,0,1,0,8,1,5,50,14,9,1,5,4,5,7,4,4,8,5,5,1,17,17,2,8,1,1,C03,7,9,1,10,2,11,,17,17,1,18,2,C03,120.746482,24.128429,2
2022,9,26,8,41,臺中市,東區,0,2,0,8,1,5,50,14,7,1,5,4,3,7,4,4,5,5,4,2,17,19,2,9,1,1,C03,7,1,1,10,2,11,,19,19,1,22,8,C03,120.707917,24.144549,2
2022,9,26,8,42,臺中市,南屯區,0,0,0,8,,,50,,,,,,,,,,,,,,,12,,,,,B12,,,1,4,2,,,12,12,1,12,,B12,120.649917,24.140957,3
2022,9,26,8,48,臺中市,豐原區,0,1,0,8,1,5,50,4,1,1,5,4,1,6,3,3,10,5,5,2,13,16,3,10,1,1,B03,7,5,1,8,2,8,,16,16,1,21,8,B03,120.73012,24.257666,2
2022,9,26,9,0,臺中市,大雅區,0,1,0,8,1,5,50,3,1,1,5,4,5,7,4,4,5,5,5,1,12,23,2,9,1,1,C03,7,5,1,10,2,11,,23,23,1,22,9,C03,120.651044,24.219087,2
2022,9,26,9,0,臺中市,北屯區,0,0,0,8,,,50,,,,,,,,,,,,,,,23,,,,,B02,,,1,,1,,,23,,1,22,,B02,120.741379,24.179271,3
2022,9,26,9,1,臺中市,南屯區,0,0,0,8,,,50,,,,,,,,,,,,,,,23,,,,,B03,,,1,,2,,,23,,1,22,,B03,120.621777,24.15068,3
2022,9,26,9,1,臺中市,龍井區,0,1,0,8,1,5,30,3,2,1,5,4,5,7,4,4,5,5,5,1,16,6,3,10,1,1,C03,7,6,1,10,2,14,,6,6,1,22,8,C03,120.590839,24.181073,2
2022,9,26,9,9,臺中市,南屯區,0,2,0,8,1,5,40,4,1,1,5,4,5,7,1,1,10,5,5,2,16,6,3,10,1,1,C03,7,6,1,10,2,12,,6,6,1,5,8,C03,120.614921,24.14535,2
2022,9,26,9,14,臺中市,太平區,0,1,0,8,1,5,50,4,1,1,5,4,5,7,4,4,5,5,5,2,15,6,2,9,1,1,C03,7,9,1,10,2,14,,6,6,1,21,8,C03,120.706494,24.123476,2
2022,9,26,9,21,臺中市,梧棲區,0,0,0,,,,70,,,,,,,,,,,,,,,7,,,,,B03,,,1,,2,,,7,,1,4,,B03,120.544862,24.246928,3
2022,9,26,9,23,臺中市,南屯區,0,2,0,8,1,5,50,3,1,1,5,4,5,5,4,4,10,5,5,2,16,6,2,8,1,1,C03,7,5,1,10,2,12,,6,6,1,5,4,C03,120.610216,24.138451,2
2022,9,26,9,31,臺中市,大里區,0,1,0,8,1,5,30,14,9,1,5,4,5,7,4,4,5,5,5,1,17,6,2,9,1,1,C03,7,5,1,10,2,12,,6,6,1,21,5,C03,120.690798,24.091422,2
2022,9,26,9,42,臺中市,北屯區,0,0,0,8,1,5,50,14,9,1,5,4,5,7,4,4,1,4,5,2,16,26,3,10,1,1,B03,7,7,6,8,5,4,,26,26,1,21,8,B03,120.738421,24.17585,3
2022,9,26,9,58,臺中市,豐原區,0,0,0,8,,,50,,,,,,,,,,,,,,,16,,,,,B12,,,1,,2,,,16,,1,4,,B12,120.754791,24.274272,3
2022,9,26,10,0,臺中市,龍井區,0,0,0,8,,,30,,,,,,,,,,,,,,,9,,,,,B03,,,1,,2,,,9,,1,2,,B03,120.592524,24.188692,3
2022,9,26,10,3,臺中市,清水區,0,0,0,8,1,5,30,14,9,1,5,4,5,7,4,4,10,5,5,2,17,43,,,,,,,,,,,,,43,43,1,,,,120.606213,24.303837,3
2022,9,26,10,13,臺中市,清水區,0,0,0,8,1,5,50,14,9,1,5,4,5,7,1,1,5,5,5,2,13,23,3,10,1,1,B03,7,9,1,8,1,1,,23,23,1,5,1,B03,120.561776,24.272001,3
2022,9,26,10,13,臺中市,大甲區,0,2,0,8,1,5,50,3,1,1,5,4,5,7,3,1,5,5,4,1,29,26,2,8,1,1,F03,7,5,8,20,2,16,,26,26,1,20,8,F03,120.616801,24.351935,2
2022,9,26,10,15,臺中市,沙鹿區,0,0,0,8,,,40,,,,,,,,,,,,,,,12,,,,,B03,,,1,,2,,,12,,1,3,,B03,120.577191,24.225802,3
2022,9,26,10,22,臺中市,南區,0,0,0,8,1,5,30,14,9,1,5,4,5,7,4,4,5,5,5,2,17,18,3,10,2,1,B03,7,9,1,8,11,5,,18,18,1,5,8,B03,120.671063,24.120505,3
2022,9,26,10,23,臺中市,南屯區,0,2,0,8,1,5,50,4,1,1,5,4,5,7,1,1,10,5,5,2,16,6,2,9,3,4,C03,7,6,1,10,2,12,,6,6,1,12,8,C03,120.648124,24.123176,2
2022,9,26,10,25,臺中市,西屯區,0,1,0,8,1,5,1,14,20,1,5,4,5,7,4,4,10,5,4,2,18,26,2,9,3,4,C03,7,9,1,10,2,14,,26,26,1,22,8,C03,120.59543,24.181978,2
2022,9,26,10,30,臺中市,豐原區,0,3,0,8,1,5,50,4,2,1,5,4,5,7,1,1,10,5,5,2,16,26,2,9,1,1,A12,7,9,1,7,2,5,,26,26,1,10,8,A12,120.716155,24.242747,2
2022,9,26,10,36,臺中市,西屯區,0,1,0,8,1,5,50,3,1,1,5,4,5,7,4,4,10,5,5,2,16,19,3,10,1,1,C03,7,1,1,10,2,11,,19,19,1,22,8,C03,120.61823,24.177405,2
2022,9,26,10,40,臺中市,西屯區,0,0,0,8,,,50,,,,,,,,,,,,,,,17,,,,,B03,,,1,,1,,,17,,1,22,,B03,120.64368,24.176318,3
2022,9,26,10,52,臺中市,西屯區,0,0,0,8,,,50,,,,,,,,,,,,,,,23,,,,,B03,,,1,,2,,,23,,1,22,,B03,120.640793,24.161331,3
2022,9,26,10,55,臺中市,北區,0,0,0,8,,,50,,,,,,,,,,,,,,,19,,,,,B03,,,1,,1,,,19,,1,20,,B03,120.681905,24.15822,3
2022,9,26,10,55,臺中市,太平區,0,0,0,8,,,50,,,,,,,,,,,,,,,12,,,,,B03,,,1,,1,,,12,,1,21,,B03,120.734861,24.144473,3
2022,9,26,11,6,臺中市,大里區,0,2,0,8,1,5,50,5,1,1,5,4,5,7,2,1,5,5,5,1,12,6,3,10,1,1,B03,7,6,1,8,2,5,,6,6,1,4,5,B03,120.687356,24.087292,2
2022,9,26,11,25,臺中市,北屯區,0,1,0,8,1,5,50,14,7,1,5,4,5,7,1,1,5,4,4,2,16,19,3,10,1,1,C03,7,1,1,10,2,11,,19,19,1,21,8,C03,120.688398,24.169188,2
2022,9,26,11,29,臺中市,潭子區,0,1,0,8,1,5,50,4,1,1,5,4,5,7,1,1,5,4,4,2,17,6,3,10,1,1,C03,7,5,1,10,2,14,,6,6,1,22,8,C03,120.702916,24.214008,2
2022,9,26,11,30,臺中市,南屯區,0,0,0,8,,,50,,,,,,,,,,,,,,,16,,,,,B03,,,1,8,1,,,16,16,1,12,,B03,120.641686,24.146869,3
2022,9,26,11,43,臺中市,東區,0,1,0,8,1,5,50,14,9,1,5,4,5,7,4,4,5,4,5,2,13,16,3,10,1,1,B03,7,9,1,2,2,1,,16,16,1,5,8,B03,120.68295,24.134424,2
2022,9,26,11,48,臺中市,南屯區,0,2,0,8,1,5,50,4,1,1,5,4,5,7,4,4,10,5,5,2,16,6,2,8,1,1,C03,7,5,1,10,2,11,,6,6,1,22,8,C03,120.647507,24.155639,2
2022,9,26,11,52,臺中市,西區,0,1,0,8,1,5,40,4,1,1,5,4,5,7,1,1,10,5,5,2,16,6,3,10,1,1,B03,7,6,1,8,1,2,,6,6,1,5,8,B03,120.663775,24.154648,2
2022,9,26,11,56,臺中市,北屯區,0,2,0,8,1,5,50,4,1,1,5,4,5,7,2,1,10,5,5,2,16,26,2,9,1,1,C03,7,5,1,10,11,14,,26,26,1,21,8,C03,120.67351,24.190545,2
2022,9,26,11,58,臺中市,大雅區,0,0,0,8,,,50,,,,,,,,,,,,,,,8,,,,,C03,,,1,,9,,,8,,1,22,,C03,120.646692,24.226105,3
2022,9,26,12,0,臺中市,大里區,0,0,0,8,,,50,,,,,,,,,,,,,,,10,,,,,B03,,,1,,2,,,10,,1,22,,B03,120.690924,24.104196,3
2022,9,26,12,3,臺中市,大里區,0,2,0,8,1,5,50,3,2,1,5,4,5,7,4,4,10,5,5,2,17,6,2,7,3,4,C03,7,9,1,10,2,12,,6,6,1,21,5,C03,120.701422,24.086292,2
2022,9,26,12,5,臺中市,北屯區,0,0,0,8,,,50,,,,,,,,,,,,,,,23,,,,,B03,,,1,,1,,,23,,1,21,,B03,120.666095,24.191398,3
2022,9,26,12,6,臺中市,中區,0,0,0,8,,,50,,,,,,,,,,,,,,,12,,,,,B03,,,1,,1,,,12,,1,22,,B03,120.683989,24.141122,3
2022,9,26,12,13,臺中市,北區,0,0,0,8,,,30,,,,,,,,,,,,,,,23,,,,,B03,,,1,,2,,,23,,1,21,,B03,120.671211,24.172193,3
2022,9,26,12,18,臺中市,北區,0,0,0,8,,,50,,,,,,,,,,,,,,,23,,,,,B03,,,1,,2,,,23,,1,20,,B03,120.671239,24.155879,3