年,月,日,時,分,縣市,區,死,受傷,2-30,天候,光線,道路類別,速限,道路型態,事故位置,路面鋪裝,路面狀態,路面缺陷,障礙物,視距,號誌種類,號誌動作,分向設施,快車道或一般車道間,快慢車道間,路面邊線,事故類型及型態,主要肇因,受傷程度,主要傷處,保護裝備,行動電話,當事者區分,車輛用途,當事者行動狀態,駕駛資格情形,駕駛執照種類,飲酒情形,車輛撞擊部位最初,車輛撞擊部位其他,肇事因素個別,肇事因素主要,肇事逃逸,職業,旅次目的,車種,GPS緯度,GPS經度,事故類別
2022,9,29,18,19,臺中市,北屯區,0,3,0,8,3,5,50,14,9,1,5,4,5,7,4,4,1,4,5,2,16,19,2,9,1,1,C03,7,1,1,10,2,11,,19,19,1,22,8,C03,120.694013,24.183084,2
2022,9,29,18,20,臺中市,大里區,0,2,0,8,1,5,50,4,1,1,5,4,5,7,3,1,10,5,5,2,16,6,2,8,1,1,C03,7,6,1,9,2,11,,6,6,1,21,8,C03,120.680152,24.115045,2
2022,9,29,18,20,臺中市,沙鹿區,0,1,0,8,3,5,50,13,9,1,5,4,5,6,4,4,10,5,5,1,15,14,3,10,1,1,C03,7,9,1,10,2,11,,14,14,1,3,8,C03,120.564791,24.25556,2
2022,9,29,18,24,臺中市,烏日區,0,0,0,8,,,50,,,,,,,,,,,,,,,23,,,,,B03,,,1,,2,,,23,,1,22,,B03,120.632742,24.110091,3
2022,9,29,18,25,臺中市,大肚區,0,2,0,8,3,5,40,4,1,1,5,4,5,7,1,1,4,4,5,1,16,6,2,9,1,1,C03,7,5,1,10,2,11,,6,6,1,22,9,C03,120.578937,24.168862,2
2022,9,29,18,35,臺中市,西屯區,0,0,0,8,3,8,80,14,9,1,5,4,5,7,4,4,1,4,5,1,13,23,3,10,1,1,B12,7,9,1,,1,1,,23,16,1,22,,B12,120.645475,24.195072,3
2022,9,29,18,36,臺中市,龍井區,0,1,0,8,3,5,30,3,1,1,5,4,5,7,4,4,10,5,5,2,14,12,3,10,1,1,B12,7,2,1,8,2,4,,12,12,1,12,1,B12,120.517388,24.199618,2
2022,9,29,18,43,臺中市,太平區,0,1,0,8,3,5,50,4,1,1,5,4,5,7,2,1,10,5,5,2,18,14,2,9,1,1,C03,7,9,1,10,2,14,,14,14,1,22,8,C03,120.701844,24.153838,2
2022,9,29,18,48,臺中市,西屯區,0,1,0,8,3,5,50,4,1,1,5,4,5,7,1,1,10,5,5,2,17,42,2,9,1,1,C02,7,9,4,10,2,14,,42,42,1,22,8,C02,120.63904,24.16501,2
2022,9,29,18,49,臺中市,西區,1,0,0,8,3,5,50,4,1,1,5,4,5,7,2,1,10,5,5,2,16,6,3,10,1,1,B12,7,5,3,18,2,7,,6,6,1,20,9,B12,120.665645,24.137953,1
2022,9,29,18,49,臺中市,西屯區,0,0,0,8,,,50,,,,,,,,,,,,,,,23,,,,,B03,,,1,,2,,,23,,1,22,,B03,120.655558,24.156829,3
2022,9,29,18,51,臺中市,西區,0,0,0,8,,,50,,,,,,,,,,,,,,,7,,,,,C03,,,6,,1,,,7,,1,4,,C03,120.671112,24.137282,3
2022,9,29,19,10,臺中市,霧峰區,0,3,0,8,3,5,60,4,1,1,5,4,5,7,1,1,10,5,5,2,15,25,2,8,1,1,C03,7,9,3,18,2,11,,25,25,1,18,8,C03,120.695953,24.065768,2
2022,9,29,19,11,臺中市,太平區,0,0,0,8,,,50,,,,,,,,,,,,,,,16,,,,,B03,,,1,,2,,,16,,1,9,,B03,120.733356,24.15508,3
2022,9,29,19,15,臺中市,南區,0,2,0,8,3,5,50,4,1,1,5,4,5,7,4,4,10,5,5,2,3,23,2,9,1,1,C03,7,9,1,10,2,11,,23,23,1,3,8,C03,120.661919,24.129719,2
2022,9,29,19,20,臺中市,大里區,0,0,0,8,,,40,,,,,,,,,,,,,,,23,,,,,B02,,,1,,2,,,23,,1,18,,B02,120.700542,24.117899,3
2022,9,29,19,20,臺中市,太平區,0,0,0,8,,,50,,,,,,,,,,,,,,,26,,,,,C04,,,1,,2,,,26,,1,21,,C04,120.713089,24.143471,3
2022,9,29,19,22,臺中市,北區,0,1,0,8,3,5,50,4,1,1,5,4,5,7,4,4,10,4,4,2,17,23,2,9,1,1,C03,7,9,1,10,2,11,,23,23,1,22,9,C03,120.688473,24.161586,2
2022,9,29,20,10,臺中市,沙鹿區,0,3,0,8,3,5,50,12,9,1,5,4,5,7,4,4,9,5,5,1,11,5,2,9,1,1,C03,7,9,2,18,2,11,,5,5,1,22,8,C03,120.594312,24.218462,2
2022,9,29,20,25,臺中市,西屯區,0,2,0,8,3,5,50,4,1,1,5,4,5,7,1,1,1,4,5,2,15,25,3,10,1,1,B03,7,9,1,8,2,2,,25,25,1,22,8,B03,120.611703,24.186902,2
2022,9,29,20,30,臺中市,大里區,0,1,0,8,3,5,50,14,9,1,5,4,5,7,4,4,9,4,5,1,16,40,3,10,1,1,B03,7,14,1,8,2,2,,40,40,1,12,8,B03,120.693312,24.090832,2
2022,9,29,20,35,臺中市,沙鹿區,0,0,0,8,,,50,,,,,,,,,,,,,,,18,,,,,B12,,,1,,2,,,18,,1,22,,B12,120.570679,24.223541,3
2022,9,29,20,40,臺中市,豐原區,0,0,0,8,,,50,,,,,,,,,,,,,,,16,,,,,B03,,,1,,2,,,44,16,1,22,,B03,120.706003,24.249931,3
2022,9,29,20,42,臺中市,大里區,0,0,0,8,,,50,,,,,,,,,,,,,,,23,,,,,B03,,,1,,2,,,23,,1,22,,B03,120.676323,24.101631,3
2022,9,29,20,43,臺中市,烏日區,0,0,0,8,,,50,,,,,,,,,,,,,,,12,,,,,B03,,,1,,2,,,12,,1,10,,B03,120.602368,24.107143,3
2022,9,29,20,44,臺中市,烏日區,0,1,0,8,3,5,50,4,2,1,5,4,5,7,1,1,5,4,4,2,13,23,2,9,1,1,C03,7,9,1,10,2,11,,23,23,1,18,8,C03,120.64647,24.093136,2
2022,9,29,21,5,臺中市,沙鹿區,0,2,0,8,3,5,40,4,1,1,5,4,5,7,4,4,10,5,5,2,15,6,2,9,1,1,C03,7,9,1,10,2,12,,6,6,1,2,9,C03,120.606838,24.245308,2
2022,9,29,21,7,臺中市,龍井區,0,3,0,8,3,5,30,4,9,1,5,4,5,7,4,4,10,5,5,2,15,6,2,9,1,1,C03,7,9,1,10,2,12,,14,14,1,22,9,C03,120.590077,24.189047,2
2022,9,29,21,10,臺中市,大里區,0,0,0,8,,,50,,,,,,,,,,,,,,,44,,,,,B03,,,1,,2,,,44,44,1,9,,B03,120.715456,24.094676,3
2022,9,29,21,11,臺中市,北屯區,0,1,0,8,3,5,50,4,1,1,5,4,5,7,1,1,10,5,5,2,16,25,2,9,1,1,C03,7,9,1,10,2,11,,25,25,1,22,8,C03,120.701826,24.182015,2
2022,9,29,21,25,臺中市,西區,0,0,0,,,,50,,,,,,,,,,,,,,,23,,,,,B03,,,1,,1,,,23,,1,5,,B03,120.66625,24.141374,3
2022,9,29,21,25,臺中市,西屯區,0,0,0,8,,,50,,,,,,,,,,,,,,,19,,,,,B03,,,1,,2,,,19,,1,22,,B03,120.659666,24.174316,3
2022,9,29,21,29,臺中市,西屯區,0,2,0,8,3,5,50,3,1,1,5,4,5,7,2,1,10,5,5,2,16,6,2,4,1,1,C03,7,5,1,10,2,11,,6,6,1,22,8,C03,120.646483,24.175161,2
2022,9,29,21,31,臺中市,北屯區,0,2,0,8,3,5,50,4,1,1,5,4,5,7,1,1,10,5,5,2,16,1,2,9,1,1,C02,7,4,1,9,2,14,,1,1,1,22,8,C02,120.685878,24.179095,2
2022,9,29,22,4,臺中市,南屯區,0,1,0,8,3,5,30,14,9,1,5,4,5,7,4,4,10,5,5,2,11,23,2,8,1,1,C03,7,9,1,10,2,11,14,23,23,1,22,8,C03,120.60905,24.131281,2
2022,9,29,22,10,臺中市,北區,0,0,0,8,,,50,,,,,,,,,,,,,,,23,,,,,B03,,,1,,2,,,23,,1,21,,B03,120.682365,24.163041,3
2022,9,29,22,21,臺中市,西屯區,0,1,0,8,3,5,50,14,9,1,5,4,5,7,4,4,5,4,4,2,16,6,3,10,1,1,B03,7,6,1,8,2,5,,6,6,1,22,8,B03,120.668111,24.178082,2
2022,9,29,22,45,臺中市,潭子區,0,2,0,8,3,5,50,4,2,1,5,4,5,7,3,1,1,3,4,1,17,9,2,7,1,1,C03,7,6,1,10,2,12,,9,9,1,22,8,C03,120.703543,24.215813,2
2022,9,29,22,56,臺中市,烏日區,0,0,0,8,3,5,50,14,8,1,5,4,5,7,4,4,1,4,4,1,12,23,,,,,F03,,,8,,2,,,23,,1,21,,F03,120.64329,24.077028,3
2022,9,29,23,57,臺中市,南區,0,2,0,8,3,5,50,14,9,1,5,4,5,7,4,4,5,4,5,2,17,23,2,8,1,1,B03,7,9,1,8,2,5,,23,23,1,19,8,B03,120.663086,24.125758,2
2022,9,30,0,56,臺中市,太平區,0,0,0,8,,,50,,,,,,,,,,,,,,,38,,,,,B03,,,1,,9,,,38,,1,9,,B03,120.721781,24.117293,3
2022,9,30,1,16,臺中市,東區,0,0,0,8,,,50,,,,,,,,,,,,,,,6,,,,,B03,,,1,,2,,,6,,1,22,,B03,120.689302,24.144359,3
2022,9,30,1,30,臺中市,北屯區,0,1,0,8,3,5,50,4,1,1,5,4,5,7,1,1,5,4,5,1,15,25,3,10,1,1,B03,7,1,1,8,2,1,,25,25,1,22,9,B03,120.719281,24.176865,2
2022,9,30,2,48,臺中市,北屯區,0,0,0,8,,,50,,,,,,,,,,,,,,,18,,,,,B03,,,1,,2,,,18,,1,22,,B03,120.671342,24.189352,3
2022,9,30,4,32,臺中市,豐原區,0,0,0,8,,,30,,,,,,,,,,,,,,,17,,,,,B03,,,1,,9,,,17,17,1,21,,B03,120.716573,24.240765,3
2022,9,30,6,46,臺中市,豐原區,0,0,0,8,,,50,,,,,,,,,,,,,,,6,,,,,C03,,,1,,2,,,6,6,1,22,,C03,120.720775,24.251743,3
2022,9,30,7,10,臺中市,梧棲區,0,1,0,8,1,5,50,3,1,1,5,4,5,7,4,4,10,5,5,2,16,6,3,10,1,1,B03,7,5,1,8,2,5,,6,6,1,9,8,B03,120.536582,24.252512,2
2022,9,30,7,11,臺中市,大甲區,0,0,0,8,,,70,,,,,,,,,,,,,,,17,,,,,B03,,,1,,2,,,17,,1,4,,B03,120.617884,24.338214,3
2022,9,30,7,13,臺中市,清水區,0,0,0,8,,,30,,,,,,,,,,,,,,,6,,,,,C03,,,1,,2,,,6,,1,21,,C03,120.584323,24.283666,3
2022,9,30,7,15,臺中市,潭子區,0,1,0,8,1,5,50,5,1,1,5,4,5,7,1,1,1,4,4,1,17,25,3,10,1,1,B03,7,9,1,8,2,1,,25,23,1,22,8,B03,120.708055,24.227679,2
2022,9,30,7,15,臺中市,北屯區,0,0,0,,,,50,,,,,,,,,,,,,,,15,,,,,B03,,,1,,2,,,15,,1,22,,B03,120.674345,24.20378,3
2022,9,30,7,15,臺中市,清水區,0,1,0,8,2,5,50,4,1,1,5,4,5,7,4,4,10,5,5,2,16,6,3,10,1,1,B03,7,6,1,8,2,5,,6,6,1,5,5,B03,120.557832,24.280952,2
2022,9,30,7,23,臺中市,北屯區,0,0,0,8,,,50,,,,,,,,,,,,,,,1,,,,,B03,,,1,,1,,,1,,1,21,,B03,120.721566,24.16267,3
2022,9,30,7,29,臺中市,西屯區,0,0,0,8,,,50,,,,,,,,,,,,,,,43,,,,,,,,,,,,,43,,1,,,,120.615596,24.176615,3
2022,9,30,7,30,臺中市,東區,0,0,0,8,1,5,50,3,1,1,5,4,5,7,4,4,10,5,5,2,13,23,3,10,1,1,C03,7,9,1,10,11,11,,23,23,1,22,8,C03,120.696506,24.139599,3
2022,9,30,7,31,臺中市,北屯區,0,0,0,8,,,50,,,,,,,,,,,,,,,16,,,,,C03,,,1,,1,,,16,,1,21,,C03,120.680235,24.182635,3
2022,9,30,7,34,臺中市,北屯區,0,0,0,8,,,40,,,,,,,,,,,,,,,16,,,,,C03,,,1,,2,,,16,,1,22,,C03,120.718918,24.179891,3
2022,9,30,7,35,臺中市,神岡區,0,0,0,8,,,50,,,,,,,,,,,,,,,23,,,,,C03,,,1,,2,,,23,,1,22,,C03,120.644929,24.284216,3
2022,9,30,7,37,臺中市,南屯區,0,0,0,8,1,5,50,3,9,1,5,4,5,7,4,4,1,4,5,2,15,7,3,10,1,1,B03,7,7,1,8,1,8,,7,7,1,22,8,B03,120.617275,24.153705,3
2022,9,30,7,50,臺中市,西屯區,0,3,0,8,1,5,40,14,8,1,5,4,5,7,4,4,5,4,5,2,16,6,2,7,3,4,C03,7,6,1,10,2,12,,6,6,1,22,8,C03,120.64421,24.160811,2
2022,9,30,7,51,臺中市,南屯區,0,0,0,8,1,5,60,14,7,1,5,4,5,7,4,4,1,4,1,2,13,23,3,10,1,1,B03,7,9,1,8,1,1,,23,23,1,22,8,B03,120.598422,24.155204,3
2022,9,30,7,56,臺中市,沙鹿區,0,0,0,8,,,50,,,,,,,,,,,,,,,19,,,,,B03,,,1,,2,,,19,,1,22,,B03,120.571572,24.220719,3
2022,9,30,7,59,臺中市,南屯區,0,0,0,8,1,5,60,14,7,1,5,4,5,7,4,4,1,2,1,2,13,23,3,10,1,1,B03,7,9,1,8,1,1,,23,23,1,20,8,B03,120.597242,24.155586,3
2022,9,30,8,1,臺中市,烏日區,0,0,0,,,,40,,,,,,,,,,,,,,,23,,,,,B03,,,1,,2,,,44,16,1,21,,B03,120.647858,24.077208,3
2022,9,30,8,5,臺中市,南屯區,0,2,0,8,1,5,40,14,8,1,5,4,5,7,4,4,1,5,1,2,13,16,2,9,1,1,C03,7,9,1,10,2,11,,16,16,1,22,8,C03,120.586765,24.161585,2
2022,9,30,8,6,臺中市,龍井區,0,0,0,8,,,50,,,,,,,,,,,,,,,23,,,,,C03,,,1,,1,,,23,,1,21,,C03,120.56,24.18,3
2022,9,30,8,10,臺中市,大里區,0,0,0,8,,,50,,,,,,,,,,,,,,,9,,,,,C03,,,1,,2,,,9,,1,22,,C03,120.714258,24.09607,3
2022,9,30,8,14,臺中市,南屯區,0,0,0,8,1,5,60,14,7,1,5,4,5,7,4,4,1,4,1,2,13,16,3,10,1,1,B03,7,9,1,8,1,1,,16,16,1,22,8,B03,120.5928,24.157818,3
2022,9,30,8,19,臺中市,南區,0,0,0,,,,50,,,,,,,,,,,,,,,23,,,,,B03,,,1,,2,,,23,,1,5,,B03,120.657377,24.133305,3
2022,9,30,8,20,臺中市,太平區,0,0,0,,,,50,,,,,,,,,,,,,,,18,,,,,B12,,,1,,2,,,18,,1,21,,B12,120.734101,24.143578,3
2022,9,30,8,20,臺中市,大肚區,0,0,0,,,,50,,,,,,,,,,,,,,,42,,,,,B03,,,1,,2,,,42,,1,22,,B03,120.575749,24.118948,3
2022,9,30,8,22,臺中市,東區,0,1,0,8,1,5,40,4,1,1,5,4,5,7,1,1,10,5,5,2,14,12,3,10,1,1,B03,7,2,1,8,2,3,,12,12,1,5,8,B03,120.706033,24.142768,2
2022,9,30,8,30,臺中市,南區,0,0,0,8,1,5,50,3,1,1,5,4,5,7,4,4,10,5,5,2,17,6,3,10,1,1,B03,7,6,1,8,2,8,,6,6,1,22,8,B03,120.651631,24.119205,3
2022,9,30,8,30,臺中市,大里區,0,0,0,8,,,50,,,,,,,,,,,,,,,16,,,,,B03,,,1,,2,,,16,,1,22,,B03,120.694126,24.111622,3
2022,9,30,8,32,臺中市,梧棲區,0,0,0,8,,,50,,,,,,,,,,,,,,,23,,,,,B12,,,1,,2,,,23,,1,9,,B12,120.528831,24.24122,3
2022,9,30,8,33,臺中市,太平區,0,0,0,8,,,50,,,,,,,,,,,,,,,6,,,,,B03,,,1,,2,,,26,23,1,22,,B03,120.719322,24.103105,3
2022,9,30,8,36,臺中市,西區,0,0,0,8,,,50,,,,,,,,,,,,,,,6,,,,,C03,,,1,10,2,,,6,6,1,5,,C03,120.675424,24.150936,3
2022,9,30,8,42,臺中市,北屯區,0,0,0,8,,,50,,,,,,,,,,,,,,,6,,,,,B03,,,1,,2,,,6,,1,22,,B03,120.717333,24.175438,3
2022,9,30,8,42,臺中市,石岡區,0,0,0,8,,,50,,,,,,,,,,,,,,,12,,,,,B12,,,1,,2,,,12,,1,5,,B12,120.773656,24.27388,3
2022,9,30,8,43,臺中市,西屯區,0,0,0,8,,,50,,,,,,,,,,,,,,,16,,,,,C03,,,1,,1,,,16,,1,4,,C03,120.637056,24.172111,3
2022,9,30,8,45,臺中市,豐原區,0,0,0,8,,,50,,,,,,,,,,,,,,,6,,,,,B03,,,1,,2,,,6,6,1,21,,B03,120.718911,24.250702,3
2022,9,30,8,50,臺中市,西屯區,0,1,0,8,1,5,50,3,1,1,5,4,5,7,4,4,10,5,5,2,13,16,3,10,3,4,B03,7,6,1,8,2,5,,16,16,1,22,8,B03,120.653545,24.168265,2
2022,9,30,8,54,臺中市,西屯區,0,0,0,8,,,60,,,,,,,,,,,,,,,23,,,,,B12,,,1,,2,,,23,,1,22,,B12,120.622939,24.179603,3
2022,9,30,9,0,臺中市,神岡區,0,0,0,8,,,50,,,,,,,,,,,,,,,25,,,,,B03,,,1,,1,,,25,,1,22,,B03,120.673964,24.261213,3
2022,9,30,9,3,臺中市,西屯區,0,0,0,8,,,40,,,,,,,,,,,,,,,42,,,,,B03,,,1,,1,,,42,,1,4,,B03,120.618366,24.179107,3
2022,9,30,9,5,臺中市,西區,0,0,0,,,,50,,,,,,,,,,,,,,,23,,,,,B02,,,1,,1,,,23,,1,21,,B02,120.674964,24.148982,3
2022,9,30,9,6,臺中市,大里區,0,1,0,8,1,5,50,14,9,1,5,4,5,7,4,4,10,5,5,2,14,12,3,10,1,1,B12,7,2,1,8,2,3,,12,12,1,22,8,B12,120.676761,24.099666,2
2022,9,30,9,9,臺中市,大里區,0,1,0,8,1,5,50,4,2,1,5,4,5,7,2,1,5,4,4,1,16,1,3,10,3,4,C03,7,5,1,10,2,13,,44,1,1,22,9,C03,120.689579,24.106326,2
2022,9,30,9,13,臺中市,西屯區,0,2,0,8,1,5,50,4,1,1,5,4,5,7,4,4,10,5,5,2,16,6,2,9,3,4,C03,7,5,1,10,2,11,,6,6,1,22,8,C03,120.641823,24.169828,2
2022,9,30,9,15,臺中市,清水區,0,1,0,8,1,5,50,3,1,1,5,4,5,7,4,4,10,5,5,2,16,23,2,9,1,1,C03,7,5,1,8,2,11,14,23,23,1,5,5,C03,120.629364,24.293506,2
2022,9,30,9,16,臺中市,東區,0,0,0,,,,50,,,,,,,,,,,,,,,12,,,,,B03,,,3,,2,,,12,,1,22,,B03,120.694716,24.132947,3
2022,9,30,9,19,臺中市,南區,0,0,0,8,,,50,,,,,,,,,,,,,,,18,,,,,B03,,,1,,2,,,18,,1,22,,B03,120.653888,24.11712,3
2022,9,30,9,23,臺中市,大里區,0,0,0,8,,,50,,,,,,,,,,,,,,,23,,,,,B12,,,1,,2,,,23,,1,22,,B12,120.711245,24.100716,3
2022,9,30,9,25,臺中市,西區,0,0,0,,,,50,,,,,,,,,,,,,,,17,,,,,B03,,,1,,1,,,17,,1,21,,B03,120.667233,24.141088,3
2022,9,30,9,44,臺中市,西區,0,0,0,8,,,30,,,,,,,,,,,,,,,42,,,,,B03,,,1,8,1,,,42,42,1,5,,B03,120.662334,24.149158,3
2022,9,30,9,56,臺中市,南屯區,0,2,0,8,1,5,30,4,1,1,5,4,5,7,4,4,10,5,5,2,15,6,2,8,1,1,C03,7,9,1,10,2,12,11,6,6,1,6,4,C03,120.631189,24.152659,2
2022,9,30,9,56,臺中市,太平區,0,0,0,8,,,50,,,,,,,,,,,,,,,16,,,,,C03,,,1,,2,,,16,,1,22,,C03,120.727586,24.145644,3
2022,9,30,10,0,臺中市,西區,0,0,0,,,,50,,,,,,,,,,,,,,,23,,,,,B12,,,1,,1,,,23,,1,21,,B12,120.65672,24.137972,3
2022,9,30,10,2,臺中市,豐原區,0,0,0,8,,,50,,,,,,,,,,,,,,,19,,,,,B03,,,1,,2,,,44,19,1,22,,B03,120.708243,24.246216,3
2022,9,30,10,6,臺中市,西屯區,0,0,0,8,,,60,,,,,,,,,,,,,,,23,,,,,B03,,,1,,1,,,23,,1,22,,B03,120.598532,24.180442,3
2022,9,30,10,13,臺中市,西屯區,0,0,0,8,,,50,,,,,,,,,,,,,,,6,,,,,B03,,,1,,1,,,6,,1,22,,B03,120.650171,24.19455,3
2022,9,30,10,15,臺中市,西屯區,0,1,0,8,1,5,50,3,1,1,5,4,5,7,4,4,8,5,5,1,13,16,2,9,1,4,C03,7,9,1,10,2,11,,16,16,1,4,8,C03,120.646081,24.190888,2
2022,9,30,10,16,臺中市,大里區,0,0,0,8,,,30,,,,,,,,,,,,,,,42,,,,,A11,,,1,,2,,,42,,1,22,,A11,120.713918,24.096974,3
2022,9,30,10,19,臺中市,北區,0,0,0,8,,,50,,,,,,,,,,,,,,,23,,,,,B12,,,1,,2,,,23,,1,22,,B12,120.688987,24.159027,3
2022,9,30,10,30,臺中市,太平區,0,0,0,8,,,50,,,,,,,,,,,,,,,42,,,,,A12,,,1,,2,,,42,,1,21,,A12,120.725363,24.137674,3
2022,9,30,10,32,臺中市,西屯區,0,0,0,8,,,50,,,,,,,,,,,,,,,23,,,,,B02,,,1,,2,,,23,,1,22,,B02,120.645198,24.180513,3
2022,9,30,10,36,臺中市,大甲區,0,1,0,8,1,5,50,4,1,1,5,4,5,7,4,4,10,5,5,2,15,6,2,7,1,1,C03,7,9,1,8,2,11,,6,6,1,4,8,C03,120.621798,24.348426,2
2022,9,30,10,50,臺中市,北區,0,0,0,,,,30,,,,,,,,,,,,,,,12,,,,,B12,,,1,,2,,,12,,1,21,,B12,120.680102,24.158819,3
2022,9,30,10,50,臺中市,北區,0,0,0,8,,,50,,,,,,,,,,,,,,,26,,,,,B03,,,1,,2,,,26,,1,22,,B03,120.683372,24.148038,3
2022,9,30,10,50,臺中市,豐原區,0,0,0,8,,,50,,,,,,,,,,,,,,,16,,,,,B03,,,1,,2,,,16,16,1,21,,B03,120.744541,24.264819,3
2022,9,30,10,56,臺中市,西屯區,0,0,0,8,,,80,,,,,,,,,,,,,,,23,,,,,B03,,,1,,1,,,23,,1,22,,B03,120.657561,24.200365,3
2022,9,30,11,3,臺中市,北區,1,0,0,8,1,5,50,5,1,1,5,4,5,7,1,1,1,5,5,2,16,26,3,10,1,1,B03,7,15,1,8,2,2,,26,26,1,21,8,B03,120.686252,24.15482,1
2022,9,30,11,10,臺中市,南屯區,0,0,0,8,,,50,,,,,,,,,,,,,,,7,,,,,B03,,,1,,1,,,7,,1,22,,B03,120.645212,24.140328,3
2022,9,30,11,10,臺中市,清水區,0,1,0,8,1,5,40,8,9,1,5,4,5,7,4,4,5,5,5,2,11,23,2,9,1,1,A12,7,9,1,7,2,1,,23,23,1,21,8,A12,120.629595,24.303993,2
2022,9,30,11,20,臺中市,南屯區,0,0,0,8,1,5,50,4,1,1,5,4,5,7,1,1,10,5,5,2,16,6,3,10,1,1,B01,7,5,1,4,1,8,,6,6,1,22,8,B01,120.609707,24.138486,3
2022,9,30,11,25,臺中市,西屯區,0,3,0,8,1,5,30,4,1,1,5,4,5,7,4,4,10,5,5,2,16,6,2,7,3,4,C03,7,9,1,10,2,12,,6,6,1,22,8,C03,120.649033,24.176015,2
2022,9,30,11,27,臺中市,南屯區,0,1,0,8,1,5,50,4,1,1,5,4,5,7,2,1,10,5,5,2,16,25,3,10,1,1,B03,7,6,1,8,2,2,6,25,25,1,1,3,B03,120.651393,24.150876,2
2022,9,30,11,32,臺中市,大肚區,0,0,0,,,,30,,,,,,,,,,,,,,,23,,,,,B03,,,1,,2,,,23,,1,22,,B03,120.551542,24.14574,3
2022,9,30,11,36,臺中市,北區,0,0,0,8,,,50,,,,,,,,,,,,,,,16,,,,,B03,,,1,,1,,,16,,1,22,,B03,120.685093,24.162859,3
2022,9,30,11,43,臺中市,梧棲區,0,1,0,8,1,5,50,4,1,1,5,4,5,7,4,4,10,5,5,2,16,6,3,10,1,1,B12,7,6,1,8,9,2,,6,6,1,9,1,B12,120.522603,24.223836,2
2022,9,30,11,50,臺中市,梧棲區,0,0,0,8,,,50,,,,,,,,,,,,,,,17,,,,,B12,,,1,,2,,,17,,1,9,,B12,120.532003,24.258003,3
2022,9,30,11,51,臺中市,東區,0,0,0,8,,,50,,,,,,,,,,,,,,,23,,,,,C03,,,1,,2,,,23,,1,22,,C03,120.69402,24.142815,3
2022,9,30,11,55,臺中市,太平區,0,0,0,8,,,30,,,,,,,,,,,,,,,42,,,,,B12,,,1,,2,,,42,,1,22,,B12,120.749488,24.121533,3
2022,9,30,11,58,臺中市,西屯區,0,1,0,8,1,5,50,4,1,1,5,4,5,7,4,4,10,5,5,2,18,42,2,9,3,4,F01,7,9,8,20,2,16,,42,42,1,22,8,F01,120.615945,24.189073,2
2022,9,30,12,4,臺中市,南屯區,0,0,0,8,,,50,,,,,,,,,,,,,,,12,,,,,B03,,,1,,1,,,12,,1,22,,B03,120.637377,24.141852,3
2022,9,30,12,5,臺中市,后里區,0,0,0,8,1,5,50,14,2,1,5,4,5,7,1,1,5,5,5,1,17,23,,,,,B02,,,1,,1,,,23,,1,19,,B02,120.717616,24.306949,3
2022,9,30,12,15,臺中市,南區,0,0,0,8,1,5,50,14,9,1,5,4,5,7,4,4,9,4,5,2,11,26,3,10,1,1,C03,7,9,1,10,2,14,,26,26,1,22,8,C03,120.671034,24.119158,3
2022,9,30,12,26,臺中市,西屯區,0,0,0,8,,,30,,,,,,,,,,,,,,,12,,,,,B03,,,1,,1,,,12,,1,22,,B03,120.643822,24.177779,3
2022,9,30,12,26,臺中市,大里區,0,0,0,8,,,60,,,,,,,,,,,,,,,18,,,,,B12,,,1,,2,,,18,,1,22,,B12,120.691786,24.074347,3
2022,9,30,12,30,臺中市,南屯區,0,1,0,8,1,5,50,3,1,1,5,4,5,7,2,1,10,5,5,2,16,25,3,10,1,1,B03,7,5,1,8,2,1,,25,25,1,1,1,B03,120.630806,24.150796,2
2022,9,30,12,31,臺中市,大甲區,0,0,0,8,,,50,,,,,,,,,,,,,,,19,,,,,B03,,,1,,1,,,19,,1,22,,B03,120.624849,24.345143,3
2022,9,30,12,34,臺中市,大里區,0,2,0,8,1,5,50,14,9,1,5,4,5,7,4,4,3,4,4,1,16,19,2,9,3,4,C03,7,1,1,10,2,13,,19,19,1,22,9,C03,120.688663,24.101272,2
2022,9,30,12,37,臺中市,東勢區,0,0,0,8,,,50,,,,,,,,,,,,,,,16,,,,,B03,,,1,,2,,,16,,1,21,,B03,120.833451,24.252184,3
2022,9,30,12,45,臺中市,西區,0,0,0,8,,,30,,,,,,,,,,,,,,,12,,,,,B12,,,1,,1,,,12,,1,5,,B12,120.658126,24.147457,3
2022,9,30,12,52,臺中市,西屯區,0,0,0,8,,,40,,,,,,,,,,,,,,,23,,,,,A41,,,1,,1,,,23,,1,22,,A41,120.64035,24.16818,3
2022,9,30,12,55,臺中市,太平區,0,0,0,8,,,40,,,,,,,,,,,,,,,23,,,,,B02,,,1,,2,,,23,,1,21,,B02,120.81654,24.090245,3
2022,9,30,13,1,臺中市,西屯區,0,1,0,8,1,5,40,14,8,1,5,4,5,7,4,4,1,4,1,1,16,7,2,7,1,4,C03,7,7,1,10,2,14,,7,7,1,4,8,C03,120.648384,24.162643,2