年,月,日,時,分,縣市,區,死,受傷,2-30,天候,光線,道路類別,速限,道路型態,事故位置,路面鋪裝,路面狀態,路面缺陷,障礙物,視距,號誌種類,號誌動作,分向設施,快車道或一般車道間,快慢車道間,路面邊線,事故類型及型態,主要肇因,受傷程度,主要傷處,保護裝備,行動電話,當事者區分,車輛用途,當事者行動狀態,駕駛資格情形,駕駛執照種類,飲酒情形,車輛撞擊部位最初,車輛撞擊部位其他,肇事因素個別,肇事因素主要,肇事逃逸,職業,旅次目的,車種,GPS緯度,GPS經度,事故類別
2022,9,30,13,2,臺中市,沙鹿區,0,0,0,,,,60,,,,,,,,,,,,,,,44,,,,,A12,,,1,,2,,,44,44,1,22,,A12,120.606552,24.247308,3
2022,9,30,13,6,臺中市,南屯區,0,0,0,,,,50,,,,,,,,,,,,,,,17,,,,,A05,,,1,,1,,,17,,1,4,,A05,120.623497,24.149515,3
2022,9,30,13,10,臺中市,東區,0,1,0,8,1,5,50,5,2,1,5,4,5,7,4,4,5,4,5,2,18,23,2,8,1,1,C03,7,9,1,10,2,14,,23,23,1,18,8,C03,120.703504,24.125431,2
2022,9,30,13,27,臺中市,沙鹿區,0,1,0,8,1,5,50,4,1,1,5,4,5,4,3,1,10,5,5,2,13,23,2,3,1,1,B03,7,6,1,8,2,5,,23,23,1,22,9,B03,120.563593,24.234953,2
2022,9,30,13,40,臺中市,大甲區,0,0,0,8,,,1,,,,,,,,,,,,,,,44,,,,,B03,,,1,,2,,,44,,1,22,,B03,120.621007,24.35054,4
2022,9,30,13,56,臺中市,太平區,0,0,0,8,,,50,,,,,,,,,,,,,,,23,,,,,B03,,,1,,2,,,23,23,1,21,,B03,120.716153,24.127134,3
2022,9,30,13,58,臺中市,梧棲區,0,0,0,,,,50,,,,,,,,,,,,,,,23,,,,,B12,,,3,,9,,,23,,1,9,,B12,120.537913,24.258598,3
2022,9,30,13,59,臺中市,豐原區,0,0,0,8,,,60,,,,,,,,,,,,,,,7,,,,,B03,,,1,,2,,,7,,1,21,,B03,120.713883,24.249552,3
2022,9,30,14,0,臺中市,南屯區,0,2,0,8,1,5,50,3,1,1,5,4,5,7,4,4,5,4,5,2,17,26,2,9,1,1,C03,7,5,1,10,2,14,,26,26,1,22,8,C03,120.642702,24.134813,2
2022,9,30,14,0,臺中市,龍井區,0,1,0,8,1,5,70,5,1,1,5,4,5,7,2,1,1,3,1,1,16,26,3,10,1,1,B03,7,6,1,8,2,6,,26,9,1,22,9,B03,120.574237,24.184318,2
2022,9,30,14,6,臺中市,太平區,0,0,0,8,,,40,,,,,,,,,,,,,,,23,,,,,C03,,,1,,2,,,23,,1,22,,C03,120.71653,24.150833,3
2022,9,30,14,8,臺中市,西區,1,1,0,8,1,5,50,4,1,1,5,4,5,7,4,4,10,5,5,2,15,6,3,10,1,1,B03,7,9,1,8,2,1,,6,6,1,5,8,B03,120.668192,24.149007,1
2022,9,30,14,11,臺中市,南屯區,0,0,0,8,,,50,,,,,,,,,,,,,,,7,,,,,B03,,,1,,1,,,7,,1,5,,B03,120.616984,24.153696,3
2022,9,30,14,12,臺中市,西屯區,0,1,0,8,1,5,70,3,1,1,5,4,5,7,1,1,10,5,5,2,16,25,3,10,3,4,B03,7,5,1,8,2,6,,25,25,1,22,8,B03,120.60247,24.182531,2
2022,9,30,14,23,臺中市,南屯區,0,1,0,8,1,5,50,4,1,1,5,4,5,7,1,1,10,5,5,2,16,9,3,10,1,1,B03,7,6,1,7,2,2,,9,9,1,4,8,B03,120.643821,24.15108,2
2022,9,30,14,23,臺中市,西屯區,0,1,0,8,1,5,50,14,9,1,5,4,5,7,4,4,5,4,5,2,16,10,3,10,3,4,B12,7,11,1,8,2,1,,10,10,1,22,8,B12,120.642171,24.169661,2
2022,9,30,14,45,臺中市,大雅區,0,0,0,8,,,50,,,,,,,,,,,,,,,16,,,,,C03,,,1,,2,,,16,,1,22,,C03,120.64454,24.226705,3
2022,9,30,14,49,臺中市,北屯區,0,0,0,8,,,50,,,,,,,,,,,,,,,23,,,,,B03,,,1,,1,,,23,,1,22,,B03,120.732691,24.164496,3
2022,9,30,14,58,臺中市,梧棲區,0,1,0,8,1,5,40,3,1,1,5,4,5,7,1,1,1,4,1,1,16,44,3,10,1,1,B03,7,6,1,10,2,7,,44,44,1,4,8,B03,120.544225,24.246843,2
2022,9,30,15,5,臺中市,西屯區,0,1,0,8,1,5,40,14,8,1,5,4,5,7,4,4,9,4,4,2,12,6,3,10,1,1,B03,7,6,1,8,2,2,,6,6,1,12,8,B03,120.641856,24.167548,2
2022,9,30,15,13,臺中市,西區,0,0,0,8,,,30,,,,,,,,,,,,,,,43,,,,,B03,,,7,,9,,,43,,1,22,,B03,120.658687,24.149176,3
2022,9,30,15,14,臺中市,南屯區,0,1,0,8,1,5,50,14,7,1,5,4,5,7,4,4,5,4,4,2,17,3,3,10,3,4,B03,7,7,1,8,2,4,,3,3,1,22,9,B03,120.647271,24.144928,2
2022,9,30,15,15,臺中市,北屯區,0,1,0,8,1,5,50,4,1,1,5,4,5,7,1,1,10,5,5,2,16,10,3,10,1,1,B03,7,11,3,18,2,4,,10,10,1,21,8,B03,120.731156,24.170689,2
2022,9,30,15,20,臺中市,西屯區,0,1,0,8,1,5,30,3,9,1,5,4,5,7,3,1,10,5,5,2,16,6,3,10,1,1,B03,7,6,1,8,2,4,,6,6,1,22,8,B03,120.638395,24.172394,2
2022,9,30,15,25,臺中市,大里區,0,0,0,8,,,50,,,,,,,,,,,,,,,16,,,,,B12,,,1,,2,,,16,,1,10,,B12,120.696888,24.111758,3
2022,9,30,15,29,臺中市,西屯區,0,0,0,8,,,50,,,,,,,,,,,,,,,23,,,,,B03,,,1,,1,,,23,,1,22,,B03,120.658407,24.170662,3
2022,9,30,15,31,臺中市,南屯區,0,0,0,8,,,50,,,,,,,,,,,,,,,33,,,,,C03,,,1,,1,,,33,,1,22,,C03,120.634977,24.152593,3
2022,9,30,15,32,臺中市,西區,0,0,0,8,,,50,,,,,,,,,,,,,,,42,,,,,C03,,,1,9,1,,,42,42,1,5,,C03,120.662983,24.150864,3
2022,9,30,15,32,臺中市,北屯區,0,0,0,8,,,50,,,,,,,,,,,,,,,23,,,,,B12,,,1,,1,,,23,,1,21,,B12,120.68652,24.193503,3
2022,9,30,15,34,臺中市,清水區,0,0,0,8,,,30,,,,,,,,,,,,,,,6,,,,,B03,,,1,,2,,,6,,1,5,,B03,120.571176,24.290765,3
2022,9,30,15,37,臺中市,南屯區,0,0,0,8,,,50,,,,,,,,,,,,,,,16,,,,,B03,,,1,,1,,,16,,1,5,,B03,120.646423,24.137475,3
2022,9,30,15,41,臺中市,太平區,0,0,0,8,,,50,,,,,,,,,,,,,,,67,,,,,,,,,,,,,67,,1,,,,120.728308,24.15655,3
2022,9,30,15,55,臺中市,西區,0,0,0,,,,50,,,,,,,,,,,,,,,23,,,,,B03,,,1,,1,,,23,,1,21,,B03,120.655144,24.146707,3
2022,9,30,16,0,臺中市,北區,0,0,0,8,,,50,,,,,,,,,,,,,,,12,,,,,B03,,,1,,2,,,12,,1,5,,B03,120.67041,24.172987,3
2022,9,30,16,11,臺中市,清水區,0,1,0,8,1,5,40,4,2,1,5,4,5,7,4,4,5,5,5,1,16,7,2,9,2,1,F01,7,7,8,20,2,16,,7,7,1,20,5,F01,120.568326,24.268568,2
2022,9,30,16,20,臺中市,神岡區,0,0,0,8,,,60,,,,,,,,,,,,,,,18,,,,,B03,,,1,,1,,,18,,1,22,,B03,120.680762,24.245089,3
2022,9,30,16,24,臺中市,西屯區,0,0,0,8,1,5,40,14,8,1,5,4,5,7,1,1,1,4,1,2,13,16,3,10,1,1,B03,7,9,1,10,2,1,,16,16,1,22,8,B03,120.655911,24.158976,3
2022,9,30,16,28,臺中市,中區,0,0,0,8,,,50,,,,,,,,,,,,,,,14,,,,,B03,,,1,,2,,,14,14,1,4,,B03,120.681345,24.142198,3
2022,9,30,16,30,臺中市,南屯區,0,1,0,8,1,5,50,4,1,1,5,4,5,7,1,1,10,5,5,2,17,19,3,10,1,1,C03,7,1,1,10,2,13,,19,19,1,4,8,C03,120.612764,24.13896,2
2022,9,30,16,33,臺中市,北區,0,1,0,8,1,5,50,14,8,1,5,4,5,7,4,4,1,4,4,2,17,6,3,10,1,1,B03,7,8,1,8,2,5,,6,6,1,22,9,B03,120.67806,24.151494,2
2022,9,30,16,33,臺中市,太平區,0,0,0,,,,50,,,,,,,,,,,,,,,12,,,,,B11,,,1,,2,,,12,,1,5,,B11,120.713588,24.125939,3
2022,9,30,16,34,臺中市,西屯區,0,0,0,8,,,50,,,,,,,,,,,,,,,12,,,,,A41,,,1,,1,,,12,,1,12,,A41,120.658758,24.173793,3
2022,9,30,16,37,臺中市,西屯區,0,0,0,8,,,80,,,,,,,,,,,,,,,23,,,,,B12,,,1,,1,,,23,,1,22,,B12,120.654085,24.199066,3
2022,9,30,16,40,臺中市,西屯區,0,0,0,8,,,50,,,,,,,,,,,,,,,23,,,,,B03,,,1,,2,,,23,,1,22,,B03,120.625266,24.186145,3
2022,9,30,16,40,臺中市,清水區,0,0,0,8,,,30,,,,,,,,,,,,,,,23,,,,,B03,,,1,,9,,,23,,1,5,,B03,120.556097,24.26086,3
2022,9,30,16,43,臺中市,北區,0,0,0,8,,,50,,,,,,,,,,,,,,,18,,,,,C03,,,1,,1,,,18,,1,5,,C03,120.684898,24.16081,3
2022,9,30,16,44,臺中市,梧棲區,0,1,0,8,1,5,50,4,1,1,5,4,5,7,1,1,10,5,5,2,16,6,3,10,1,1,B03,7,6,1,8,2,5,,6,6,1,20,8,B03,120.531215,24.26928,2
2022,9,30,16,45,臺中市,西屯區,0,0,0,8,,,50,,,,,,,,,,,,,,,23,,,,,B03,,,1,,11,,,23,,1,22,,B03,120.633907,24.182538,3
2022,9,30,16,46,臺中市,西區,0,0,0,8,,,50,,,,,,,,,,,,,,,12,,,,,B03,,,1,,1,,,12,,1,5,,B03,120.661435,24.152233,3
2022,9,30,16,50,臺中市,沙鹿區,0,0,0,8,1,8,50,14,8,1,5,4,5,7,4,4,1,3,1,1,12,7,,,,,B03,,,1,,2,,,7,7,1,22,,B03,120.581218,24.213218,3
2022,9,30,16,50,臺中市,清水區,0,0,0,8,,,70,,,,,,,,,,,,,,,23,,,,,A41,,,1,,2,,,23,,1,10,,A41,120.590333,24.304186,3
2022,9,30,16,53,臺中市,北區,0,0,0,,,,40,,,,,,,,,,,,,,,23,,,,,B03,,,1,,2,,,23,,1,5,,B03,120.67016,24.168384,3
2022,9,30,16,56,臺中市,北屯區,0,0,0,8,,,50,,,,,,,,,,,,,,,25,,,,,B03,,,1,,2,,,25,,1,22,,B03,120.680467,24.199267,3
2022,9,30,16,56,臺中市,西屯區,0,0,0,8,1,5,60,14,7,1,5,4,5,7,1,1,1,4,1,2,17,43,3,10,1,1,B03,7,14,1,8,1,15,,43,43,1,5,8,B03,120.630644,24.162295,3
2022,9,30,17,10,臺中市,東區,0,1,0,8,1,5,50,14,9,1,5,4,5,7,4,4,5,4,5,2,12,7,2,9,1,1,C03,7,7,1,10,2,14,,7,7,1,22,8,C03,120.686824,24.143039,2
2022,9,30,17,10,臺中市,霧峰區,0,0,0,8,,,50,,,,,,,,,,,,,,,23,,,,,F01,,,8,,2,,,23,,1,18,,F01,120.698929,24.064366,3
2022,9,30,17,15,臺中市,西屯區,0,1,0,8,1,5,50,4,1,1,5,4,5,7,1,1,9,4,4,2,11,6,3,10,1,1,B03,7,5,1,8,2,1,,6,6,1,12,8,B03,120.651983,24.181985,2
2022,9,30,17,16,臺中市,太平區,0,0,0,8,,,80,,,,,,,,,,,,,,,16,,,,,A12,,,1,,2,,,16,,1,9,,A12,120.716603,24.153665,3
2022,9,30,17,18,臺中市,西屯區,0,0,0,8,,,30,,,,,,,,,,,,,,,43,,,,,C03,,,1,,11,,,43,,1,22,,C03,120.644675,24.177113,3
2022,9,30,17,23,臺中市,西區,0,0,0,8,,,30,,,,,,,,,,,,,,,23,,,,,B12,,,1,,1,,,23,,1,4,,B12,120.661466,24.151067,3
2022,9,30,17,24,臺中市,大里區,0,0,0,8,,,50,,,,,,,,,,,,,,,23,,,,,B03,,,1,,2,,,23,,1,22,,B03,120.703786,24.096063,3
2022,9,30,17,27,臺中市,東區,0,0,0,8,1,5,50,4,1,1,5,4,5,7,4,4,10,5,5,2,15,6,3,10,1,1,C03,7,9,1,10,2,11,,6,6,1,5,8,C03,120.704484,24.143328,3
2022,9,30,17,35,臺中市,南屯區,0,1,0,8,1,5,40,4,1,1,5,4,5,7,1,1,5,4,3,2,17,6,3,10,1,1,C03,7,6,1,10,2,12,,6,6,1,22,8,C03,120.631748,24.125647,2
2022,9,30,17,35,臺中市,清水區,0,2,0,8,1,5,30,4,2,1,5,4,5,7,3,1,10,5,5,2,15,6,2,7,1,1,C03,7,9,1,10,2,12,,6,6,1,21,8,C03,120.579023,24.28063,2
2022,9,30,17,35,臺中市,后里區,0,0,0,8,,,60,,,,,,,,,,,,,,,23,,,,,B12,,,1,,2,,,23,,1,20,,B12,120.722704,24.28634,3
2022,9,30,17,35,臺中市,大甲區,0,1,0,8,2,5,50,4,1,1,5,4,5,7,4,4,10,5,5,2,15,23,3,10,1,1,B03,7,9,1,8,2,8,,23,23,1,22,1,B03,120.639485,24.410281,2
2022,9,30,17,35,臺中市,神岡區,0,0,0,8,,,50,,,,,,,,,,,,,,,16,,,,,B03,,,1,,1,,,16,,1,22,,B03,120.689641,24.25741,3
2022,9,30,17,35,臺中市,豐原區,0,0,0,8,,,30,,,,,,,,,,,,,,,18,,,,,B03,,,1,,2,,,18,18,1,22,,B03,120.731831,24.254348,3
2022,9,30,17,36,臺中市,北屯區,0,0,0,8,,,50,,,,,,,,,,,,,,,23,,,,,B03,,,1,,1,,,23,,1,21,,B03,120.68619,24.186676,3
2022,9,30,17,38,臺中市,北屯區,0,1,0,8,1,5,50,4,1,1,5,4,5,7,2,1,10,5,5,2,16,6,3,10,1,1,B01,7,5,1,4,2,2,,6,6,1,21,8,B01,120.680175,24.189007,2
2022,9,30,17,38,臺中市,烏日區,0,0,0,8,,,50,,,,,,,,,,,,,,,9,,,,,B03,,,1,,2,,,9,,1,5,,B03,120.607341,24.11165,3
2022,9,30,17,38,臺中市,外埔區,0,2,1,8,2,5,50,3,1,1,5,4,5,7,1,1,1,3,5,1,15,6,3,10,1,1,B12,7,11,3,18,2,3,,6,6,1,4,1,B12,120.639673,24.341085,2
2022,9,30,17,40,臺中市,豐原區,0,0,0,8,,,40,,,,,,,,,,,,,,,12,,,,,B12,,,1,,2,,,12,,1,22,,B12,120.728788,24.251726,3
2022,9,30,17,42,臺中市,龍井區,0,2,0,8,3,5,30,3,1,1,5,4,5,7,4,4,5,4,5,1,16,6,2,9,1,1,C03,7,5,1,10,2,11,,6,6,1,22,9,C03,120.588318,24.186501,2
2022,9,30,17,43,臺中市,烏日區,0,0,0,8,,,70,,,,,,,,,,,,,,,12,,,,,B02,,,1,,2,,,12,,1,22,,B02,120.590974,24.113889,3
2022,9,30,17,45,臺中市,西屯區,0,1,0,8,3,5,50,14,7,1,5,4,5,7,4,4,5,4,4,2,16,23,3,10,1,1,B03,7,9,1,8,2,1,,23,23,1,22,8,B03,120.636677,24.168935,2
2022,9,30,17,46,臺中市,龍井區,0,0,0,,,,40,,,,,,,,,,,,,,,8,,,,,C03,,,1,,1,,,8,,1,22,,C03,120.58326,24.187035,3
2022,9,30,17,47,臺中市,神岡區,0,1,0,8,1,5,50,5,1,1,5,4,5,7,1,1,5,5,5,1,16,6,3,10,1,1,B03,7,5,1,8,2,5,,6,26,1,22,8,B03,120.655364,24.25868,2
2022,9,30,17,48,臺中市,清水區,0,1,0,8,2,5,40,14,8,1,5,4,5,7,4,4,1,4,5,1,12,23,3,10,1,1,B03,7,9,1,8,2,2,,23,23,1,5,5,B03,120.59861,24.308945,2
2022,9,30,17,50,臺中市,霧峰區,0,0,0,8,,,50,,,,,,,,,,,,,,,23,,,,,B03,,,1,,2,,,23,,1,18,,B03,120.675467,24.048723,3
2022,9,30,17,53,臺中市,南屯區,0,0,0,8,,,40,,,,,,,,,,,,,,,26,,,,,C03,,,1,,1,,,26,,1,5,,C03,120.622639,24.140676,3
2022,9,30,17,55,臺中市,西區,0,0,0,,,,50,,,,,,,,,,,,,,,7,,,,,C03,,,1,,1,,,7,,1,22,,C03,120.669414,24.138753,3
2022,9,30,18,0,臺中市,北屯區,0,0,0,8,,,50,,,,,,,,,,,,,,,16,,,,,B03,,,1,,1,,,16,,1,21,,B03,120.697848,24.170425,3
2022,9,30,18,0,臺中市,霧峰區,0,0,0,8,,,40,,,,,,,,,,,,,,,23,,,,,B11,,,1,,2,,,23,,1,9,,B11,120.666386,24.036734,3
2022,9,30,18,4,臺中市,烏日區,0,1,0,8,3,5,50,4,1,1,5,4,5,7,1,1,10,5,5,2,17,10,3,10,1,1,B03,7,11,1,8,2,8,,10,10,1,5,8,B03,120.584206,24.112868,2
2022,9,30,18,5,臺中市,南屯區,0,0,0,,,,50,,,,,,,,,,,,,,,17,,,,,C02,,,1,,1,,,17,,1,4,,C02,120.646789,24.146405,3
2022,9,30,18,5,臺中市,西屯區,0,0,0,8,3,5,40,5,9,1,5,4,5,7,4,4,5,5,5,2,13,23,3,10,1,1,B03,7,5,1,8,2,8,,23,23,1,22,8,B03,120.649774,24.1569,3
2022,9,30,18,6,臺中市,北區,0,0,0,,,,40,,,,,,,,,,,,,,,23,,,,,B03,,,1,,2,,,23,,1,5,,B03,120.670876,24.162681,3
2022,9,30,18,10,臺中市,烏日區,0,0,0,8,,,60,,,,,,,,,,,,,,,19,,,,,B03,,,1,,2,,,19,,1,22,,B03,120.613501,24.106635,3
2022,9,30,18,11,臺中市,大里區,0,2,0,8,3,5,50,4,1,1,5,4,5,7,4,4,9,5,5,1,16,6,2,9,1,1,C03,7,5,1,10,2,12,,6,6,1,22,8,C03,120.699173,24.089526,2
2022,9,30,18,14,臺中市,南屯區,0,0,0,8,,,50,,,,,,,,,,,,,,,7,,,,,B03,,,1,,2,,,7,,1,22,,B03,120.637875,24.149543,3
2022,9,30,18,14,臺中市,梧棲區,0,0,0,,,,50,,,,,,,,,,,,,,,23,,,,,B03,,,1,,2,,,23,,1,4,,B03,120.53358,24.259931,3
2022,9,30,18,24,臺中市,西屯區,0,0,0,8,,,50,,,,,,,,,,,,,,,7,,,,,B02,,,1,,1,,,7,,1,22,,B02,120.639414,24.188611,3
2022,9,30,18,24,臺中市,神岡區,0,0,0,8,,,50,,,,,,,,,,,,,,,43,,,,,C03,,,8,,10,,,43,,1,22,,C03,120.665564,24.262669,3
2022,9,30,18,28,臺中市,西屯區,0,0,0,8,,,50,,,,,,,,,,,,,,,23,,,,,B03,,,1,,1,,,23,,1,22,,B03,120.652574,24.168035,3
2022,9,30,18,30,臺中市,西屯區,0,0,0,8,,,40,,,,,,,,,,,,,,,7,,,,,C03,,,1,,1,,,7,,1,12,,C03,120.640576,24.167821,3
2022,9,30,18,33,臺中市,北區,0,0,0,,,,50,,,,,,,,,,,,,,,23,,,,,B03,,,1,,2,,,23,,1,5,,B03,120.684651,24.151407,3
2022,9,30,18,33,臺中市,南屯區,0,0,0,8,,,40,,,,,,,,,,,,,,,23,,,,,C03,,,1,,2,,,23,23,1,22,,C03,120.622848,24.144259,3
2022,9,30,18,34,臺中市,北區,0,0,0,8,,,50,,,,,,,,,,,,,,,23,,,,,B03,,,1,,1,,,23,,1,5,,B03,120.684368,24.153997,3
2022,9,30,18,40,臺中市,大里區,0,1,0,8,1,5,50,14,9,1,5,4,5,7,4,4,5,4,5,1,13,23,3,10,1,1,B03,7,9,1,8,2,1,,23,23,1,5,8,B03,120.681416,24.104425,2
2022,9,30,18,40,臺中市,霧峰區,0,0,0,8,,,50,,,,,,,,,,,,,,,23,,,,,C03,,,1,,2,,,23,,1,18,,C03,120.689825,24.042969,3
2022,9,30,18,40,臺中市,太平區,0,0,0,8,,,50,,,,,,,,,,,,,,,42,,,,,B03,,,1,,2,,,42,,1,5,,B03,120.700775,24.147866,3
2022,9,30,18,57,臺中市,北屯區,0,0,0,8,,,50,,,,,,,,,,,,,,,42,,,,,B03,,,1,,1,,,42,,1,21,,B03,120.687047,24.201472,3
2022,9,30,19,0,臺中市,太平區,0,0,0,8,,,50,,,,,,,,,,,,,,,8,,,,,B03,,,1,,1,,,8,,1,5,,B03,120.716639,24.149601,3
2022,9,30,19,5,臺中市,潭子區,0,0,0,8,,,50,,,,,,,,,,,,,,,23,,,,,B11,,,1,,9,,,23,,1,22,,B11,120.700726,24.214584,3
2022,9,30,19,11,臺中市,西屯區,0,0,0,8,3,5,40,4,9,1,5,4,5,7,1,1,1,4,4,2,12,9,3,10,1,1,B03,7,6,1,8,1,8,,9,6,1,22,8,B03,120.645191,24.162759,3
2022,9,30,19,15,臺中市,沙鹿區,0,0,0,8,3,5,50,14,9,1,5,4,5,7,4,4,4,3,4,1,16,10,,,,,C03,,,1,,2,,,10,,1,21,,C03,120.575808,24.225656,3
2022,9,30,19,16,臺中市,西屯區,0,0,0,,,,,,,,,,,,,,,,,,,67,,,,,,,,,,,,,67,,1,,,,120.63501,24.17154,3
2022,9,30,19,23,臺中市,西區,0,1,0,8,3,5,50,4,1,1,5,4,5,7,2,1,10,5,5,2,17,23,3,10,1,1,B03,7,9,1,8,2,5,,23,23,1,4,8,B03,120.658836,24.146698,2
2022,9,30,19,38,臺中市,烏日區,0,1,0,8,3,5,50,14,7,1,5,4,5,7,4,4,5,4,4,2,16,10,3,10,3,4,B03,7,11,1,8,2,8,,10,10,1,21,9,B03,120.608754,24.114637,2
2022,9,30,20,14,臺中市,太平區,0,1,0,8,3,5,50,14,7,1,5,4,5,7,4,4,5,4,4,2,12,23,3,10,1,1,B03,7,9,1,8,9,2,,23,23,1,19,5,B03,120.72038,24.119011,2
2022,9,30,20,28,臺中市,西屯區,0,0,0,8,,,50,,,,,,,,,,,,,,,12,,,,,B03,,,1,,2,,,12,,1,22,,B03,120.613615,24.190039,3
2022,9,30,20,31,臺中市,北屯區,0,0,0,8,,,50,,,,,,,,,,,,,,,17,,,,,B03,,,1,,1,,,17,,1,21,,B03,120.674131,24.174019,3
2022,9,30,20,33,臺中市,西屯區,0,0,0,8,,,50,,,,,,,,,,,,,,,23,,,,,B03,,,1,,1,,,23,23,1,12,,B03,120.647721,24.166619,3
2022,9,30,20,34,臺中市,南屯區,0,0,0,,,,50,,,,,,,,,,,,,,,12,,,,,B03,,,1,,1,,,12,,1,22,,B03,120.645637,24.133372,3
2022,9,30,20,35,臺中市,豐原區,0,0,0,8,,,30,,,,,,,,,,,,,,,12,,,,,B12,,,1,,2,,,12,,1,22,,B12,120.725461,24.25293,3
2022,9,30,20,39,臺中市,霧峰區,0,0,0,8,,,50,,,,,,,,,,,,,,,23,,,,,B03,,,1,,2,,,23,,1,22,,B03,120.654425,24.084591,3
2022,9,30,20,52,臺中市,烏日區,0,0,0,8,3,5,30,11,9,1,5,4,5,7,4,4,10,4,5,1,12,17,3,10,3,4,B03,7,8,1,8,9,5,,17,17,2,21,9,B03,120.616153,24.110254,3
2022,9,30,20,54,臺中市,烏日區,0,0,0,,,,40,,,,,,,,,,,,,,,23,,,,,B03,,,1,,2,,,23,,1,21,,B03,120.618937,24.113357,3
2022,9,30,20,56,臺中市,潭子區,0,0,0,8,,,50,,,,,,,,,,,,,,,23,,,,,,,,,,,,,23,,1,,,,120.678235,24.214532,3
2022,9,30,20,57,臺中市,豐原區,0,0,0,8,,,50,,,,,,,,,,,,,,,42,,,,,B02,,,1,,2,,,42,42,1,22,,B02,120.745831,24.26267,3
2022,9,30,21,18,臺中市,北區,0,0,0,8,,,50,,,,,,,,,,,,,,,42,,,,,B12,,,1,,1,,,42,,1,22,,B12,120.682503,24.153756,3
2022,9,30,21,20,臺中市,西屯區,0,0,0,8,,,50,,,,,,,,,,,,,,,23,,,,,B03,,,1,,1,,,23,,1,12,,B03,120.637445,24.175065,3
2022,9,30,21,21,臺中市,北屯區,0,1,0,8,3,5,40,4,2,1,5,4,5,7,1,1,1,4,4,2,13,16,3,10,1,1,C03,7,9,1,10,2,11,,16,16,1,21,8,C03,120.669954,24.176559,2
2022,9,30,21,27,臺中市,西屯區,0,1,0,8,3,5,30,14,9,1,5,4,5,7,4,4,10,5,5,2,29,23,3,10,1,1,B03,7,9,1,8,11,5,,23,23,1,22,8,B03,120.667573,24.177186,2
2022,9,30,21,28,臺中市,北屯區,0,0,0,8,,,50,,,,,,,,,,,,,,,23,,,,,B03,,,1,,1,,,23,,1,22,,B03,120.707532,24.186514,3
2022,9,30,21,30,臺中市,北區,0,0,0,8,,,50,,,,,,,,,,,,,,,43,,,,,B03,,,1,,2,,,43,,1,21,,B03,120.687169,24.148841,3
2022,9,30,21,32,臺中市,北屯區,0,0,0,8,,,50,,,,,,,,,,,,,,,42,,,,,B03,,,6,,1,,,42,,1,21,,B03,120.695199,24.183681,3
2022,9,30,21,37,臺中市,東區,0,1,0,8,3,5,50,5,1,1,5,4,5,7,3,1,5,4,4,2,13,6,3,10,1,1,B03,7,6,1,8,2,3,,6,6,1,3,5,B03,120.692476,24.149541,2
2022,9,30,21,38,臺中市,西屯區,0,0,0,8,,,40,,,,,,,,,,,,,,,6,,,,,B03,,,1,,10,,,6,,1,22,,B03,120.638662,24.185333,3
2022,9,30,21,42,臺中市,北屯區,0,2,0,8,3,5,50,4,1,1,5,4,5,7,2,1,10,5,5,2,12,26,2,9,1,1,C03,7,9,1,10,2,11,,26,26,1,21,8,C03,120.671456,24.17374,2
2022,9,30,21,45,臺中市,梧棲區,0,1,0,8,3,5,50,4,1,1,5,4,5,7,4,4,10,5,5,2,16,8,3,10,1,1,C03,7,5,1,10,2,11,,8,8,1,11,8,C03,120.532166,24.247251,2
2022,9,30,21,50,臺中市,南屯區,0,0,0,8,,,50,,,,,,,,,,,,,,,12,,,,,B03,,,1,,2,,,12,,1,22,,B03,120.649828,24.14795,3
2022,9,30,22,3,臺中市,北屯區,0,0,0,8,,,50,,,,,,,,,,,,,,,26,,,,,C03,,,1,,1,,,26,26,1,22,,C03,120.735818,24.175355,3
2022,9,30,22,15,臺中市,大甲區,0,2,0,8,1,5,50,4,2,1,5,4,5,7,4,4,10,5,5,2,17,6,3,10,1,1,B03,7,5,1,8,2,8,,6,6,1,4,8,B03,120.635483,24.343676,2
2022,9,30,22,16,臺中市,霧峰區,0,0,0,8,,,50,,,,,,,,,,,,,,,8,,,,,C03,,,1,,2,,,8,,1,22,,C03,120.691226,24.07134,3
2022,9,30,22,24,臺中市,沙鹿區,0,1,0,8,3,5,50,3,1,1,5,4,5,7,1,1,10,5,5,2,16,6,3,10,1,1,B03,7,5,1,8,2,5,,6,6,1,5,9,B03,120.568672,24.223561,2
2022,9,30,22,50,臺中市,西屯區,0,1,0,8,3,5,80,14,7,1,5,4,5,7,4,4,1,3,5,1,17,42,2,9,1,1,B03,7,9,1,8,2,1,,42,42,1,22,8,B03,120.634948,24.179291,2
2022,9,30,23,7,臺中市,潭子區,0,0,0,8,,,60,,,,,,,,,,,,,,,23,,,,,C03,,,1,,2,,,23,,1,22,,C03,120.703516,24.201759,3
2022,9,30,23,35,臺中市,南屯區,0,0,0,8,,,30,,,,,,,,,,,,,,,12,,,,,B03,,,1,,2,,,12,,1,22,,B03,120.612923,24.152266,3